canonical_id,candidate_rank,candidate_stock_code,candidate_company,similarity,accepted
1,1,601628.SH,中国人寿保险股份有限公司,77.42,False
1,2,601336.SH,新华人寿保险股份有限公司,75.0,False
1,3,601318.SH,中国平安保险(集团)股份有限公司,68.57,True
2,1,603659.SH,上海璞泰来新能源科技集团股份有限公司,94.12,True
2,2,000909.SZ,数源科技股份有限公司,85.26,False
2,3,603628.SH,清源科技股份有限公司,85.26,False
3,1,300955.SZ,嘉亨家化股份有限公司,100.0,True
3,2,603630.SH,拉芳家化股份有限公司,80.0,False
3,3,002058.SZ,上海威尔泰工业自动化股份有限公司,74.12,False
4,1,601336.SH,新华人寿保险股份有限公司,75.0,False
4,2,601628.SH,中国人寿保险股份有限公司,75.0,False
4,3,601318.SH,中国平安保险(集团)股份有限公司,72.0,True
5,1,002977.SZ,成都天箭科技股份有限公司,100.0,True
5,2,300019.SZ,成都硅宝科技股份有限公司,83.33,False
5,3,300101.SZ,成都振芯科技股份有限公司,83.33,False
6,1,001259.SZ,北京利仁科技股份有限公司,83.33,False
6,2,002373.SZ,北京千方科技股份有限公司,83.33,False
6,3,003007.SZ,北京直真科技股份有限公司,83.33,False
7,1,689009.SH,九号有限公司,72.0,False
7,2,688373.SH,上海盟科药业股份有限公司,66.67,False
7,3,688728.SH,格科微有限公司,65.45,False
8,1,601788.SH,光大证券股份有限公司,100.0,True
8,2,000686.SZ,东北证券股份有限公司,80.0,False
8,3,000728.SZ,国元证券股份有限公司,80.0,False
9,1,301379.SZ,广西天山电子股份有限公司,100.0,True
9,2,000050.SZ,天马微电子股份有限公司,78.26,False
9,3,000570.SZ,常柴股份有限公司,77.14,False
10,1,000570.SZ,常柴股份有限公司,77.14,False
10,2,000709.SZ,河钢股份有限公司,77.14,False
10,3,000898.SZ,鞍钢股份有限公司,77.14,False
11,1,600903.SH,贵州燃气集团股份有限公司,100.0,True
11,2,600917.SH,重庆燃气集团股份有限公司,83.33,False
11,3,603053.SH,成都燃气集团股份有限公司,83.33,False
12,1,601318.SH,中国平安保险(集团)股份有限公司,68.57,True
12,2,000570.SZ,常柴股份有限公司,67.5,False
12,3,000709.SZ,河钢股份有限公司,67.5,False
13,1,920914.BJ,江苏远航精密合金科技股份有限公司,100.0,True
13,2,002202.SZ,金风科技股份有限公司,85.26,False
13,3,003018.SZ,金富科技股份有限公司,85.26,False
14,1,603125.SH,江苏常青树新材料科技股份有限公司,100.0,True
14,2,603276.SH,江苏恒兴新材料科技股份有限公司,83.87,False
14,3,300806.SZ,江苏斯迪克新材料科技股份有限公司,81.25,False
15,1,601628.SH,中国人寿保险股份有限公司,77.42,False
15,2,601336.SH,新华人寿保险股份有限公司,75.0,False
15,3,601318.SH,中国平安保险(集团)股份有限公司,68.57,True
16,1,000570.SZ,常柴股份有限公司,67.5,False
16,2,000709.SZ,河钢股份有限公司,67.5,False
16,3,000898.SZ,鞍钢股份有限公司,67.5,False
17,1,920006.BJ,江苏晟楠电子科技股份有限公司,100.0,True
17,2,301106.SZ,江苏骏成电子科技股份有限公司,85.71,False
17,3,688060.SH,江苏云涌电子科技股份有限公司,85.71,False
18,1,002988.SZ,广东豪美新材股份有限公司,100.0,True
18,2,300586.SZ,广东美联新材料股份有限公司,88.0,False
18,3,001212.SZ,广东中旗新材料股份有限公司,80.0,False
20,1,603906.SH,江苏龙蟠科技集团股份有限公司,92.31,True
20,2,002090.SZ,江苏金智科技股份有限公司,83.33,False
20,3,002409.SZ,江苏雅克科技股份有限公司,83.33,False
21,1,688002.SH,烟台睿创微纳技术股份有限公司,100.0,True
21,2,000570.SZ,常柴股份有限公司,77.14,False
21,3,000709.SZ,河钢股份有限公司,77.14,False
22,1,300498.SZ,温氏食品集团股份有限公司,92.31,False
22,2,001201.SZ,东瑞食品集团股份有限公司,84.62,False
22,3,000570.SZ,常柴股份有限公司,77.14,False
23,1,688528.SH,成都秦川物联网科技股份有限公司,100.0,True
23,2,300017.SZ,网宿科技股份有限公司,85.26,False
23,3,002250.SZ,联化科技股份有限公司,81.0,False
24,1,920275.BJ,广东驱动力生物科技集团股份有限公司,93.75,True
24,2,300639.SZ,广东凯普生物科技股份有限公司,82.76,False
24,3,920123.BJ,广东芭薇生物科技股份有限公司,82.76,False
25,1,300940.SZ,深圳市南极光电子科技股份有限公司,100.0,True
25,2,002121.SZ,深圳市科陆电子科技股份有限公司,83.87,False
25,3,300656.SZ,深圳市民德电子科技股份有限公司,83.87,False
26,1,301042.SZ,珠海安联锐视科技股份有限公司,100.0,True
26,2,000570.SZ,常柴股份有限公司,77.14,False
26,3,000709.SZ,河钢股份有限公司,77.14,False
27,1,603078.SH,江阴江化微电子材料股份有限公司,100.0,True
27,2,000877.SZ,天山材料股份有限公司,80.0,False
27,3,000570.SZ,常柴股份有限公司,77.14,False
29,1,300992.SZ,浙江泰福泵业股份有限公司,100.0,True
29,2,603757.SH,浙江大元泵业股份有限公司,83.33,False
29,3,003036.SZ,浙江泰坦股份有限公司,81.82,False
30,1,689009.SH,九号有限公司,72.0,False
30,2,603506.SH,南都物业服务集团股份有限公司,69.23,False
30,3,688728.SH,格科微有限公司,65.45,False
31,1,300963.SZ,上海中洲特种合金材料股份有限公司,100.0,True
31,2,000877.SZ,天山材料股份有限公司,80.0,False
31,3,002324.SZ,上海普利特复合材料股份有限公司,77.42,False
32,1,688696.SH,极米科技股份有限公司,90.91,True
32,2,002977.SZ,成都天箭科技股份有限公司,83.33,False
32,3,300019.SZ,成都硅宝科技股份有限公司,83.33,False
33,1,603139.SH,陕西康惠制药股份有限公司,100.0,True
33,2,000570.SZ,常柴股份有限公司,77.14,False
33,3,000709.SZ,河钢股份有限公司,77.14,False
34,1,603016.SH,无锡新宏泰电器科技股份有限公司,100.0,True
34,2,000409.SZ,云鼎科技股份有限公司,80.0,False
34,3,000551.SZ,创元科技股份有限公司,80.0,False
35,1,689009.SH,九号有限公司,72.0,False
35,2,688728.SH,格科微有限公司,65.45,False
35,3,301369.SZ,佛山市联动科技股份有限公司,61.54,False
36,1,601318.SH,中国平安保险(集团)股份有限公司,68.57,True
36,2,000570.SZ,常柴股份有限公司,67.5,False
36,3,000709.SZ,河钢股份有限公司,67.5,False
37,1,000570.SZ,常柴股份有限公司,77.14,False
37,2,000709.SZ,河钢股份有限公司,77.14,False
37,3,000898.SZ,鞍钢股份有限公司,77.14,False
38,1,300930.SZ,杭州屹通新材料股份有限公司,100.0,True
38,2,688219.SH,会通新材料股份有限公司,83.33,False
38,3,300478.SZ,杭州高新材料科技股份有限公司,81.48,False
39,1,301622.SZ,包头市英思特稀磁新材料股份有限公司,100.0,True
39,2,002521.SZ,齐峰新材料股份有限公司,81.0,False
39,3,300848.SZ,美瑞新材料股份有限公司,81.0,False
40,1,001231.SZ,农心作物科技股份有限公司,100.0,True
40,2,000570.SZ,常柴股份有限公司,77.14,False
40,3,000709.SZ,河钢股份有限公司,77.14,False
41,1,603677.SH,奇精机械股份有限公司,100.0,True
41,2,300988.SZ,天津津荣天宇精密机械股份有限公司,81.0,False
41,3,920693.BJ,上海阿为特精密机械股份有限公司,81.0,False
42,1,603188.SH,江苏亚邦染料股份有限公司,100.0,True
42,2,000570.SZ,常柴股份有限公司,77.14,False
42,3,000709.SZ,河钢股份有限公司,77.14,False
43,1,603188.SH,江苏亚邦染料股份有限公司,100.0,True
43,2,000570.SZ,常柴股份有限公司,77.14,False
43,3,000709.SZ,河钢股份有限公司,77.14,False
44,1,601336.SH,新华人寿保险股份有限公司,75.0,False
44,2,601628.SH,中国人寿保险股份有限公司,75.0,False
44,3,601318.SH,中国平安保险(集团)股份有限公司,72.0,True
45,1,603171.SH,税友软件集团股份有限公司,100.0,True
45,2,600718.SH,东软集团股份有限公司,81.82,False
45,3,000570.SZ,常柴股份有限公司,77.14,False
46,1,301398.SZ,宁波星源卓镁技术股份有限公司,100.0,True
46,2,000570.SZ,常柴股份有限公司,77.14,False
46,3,000709.SZ,河钢股份有限公司,77.14,False
47,1,002777.SZ,四川久远银海软件股份有限公司,100.0,True
47,2,002073.SZ,软控股份有限公司,78.75,False
47,3,000570.SZ,常柴股份有限公司,77.14,False
48,1,002104.SZ,恒宝股份有限公司,84.0,False
48,2,000570.SZ,常柴股份有限公司,77.14,False
48,3,000709.SZ,河钢股份有限公司,77.14,False
49,1,605068.SH,明新旭腾新材料股份有限公司,100.0,True
49,2,688560.SH,明冠新材料股份有限公司,83.33,False
49,3,603110.SH,新东方新材料股份有限公司,80.0,False
51,1,301086.SZ,深圳市鸿富瀚科技股份有限公司,100.0,True
51,2,688318.SH,深圳市财富趋势科技股份有限公司,82.76,False
51,3,001283.SZ,深圳市豪鹏科技股份有限公司,81.48,False
52,1,603917.SH,宁波合力科技股份有限公司,84.62,False
52,2,603662.SH,宁波柯力传感科技股份有限公司,78.57,False
52,3,000570.SZ,常柴股份有限公司,77.14,False
54,1,689009.SH,九号有限公司,72.0,False
54,2,300386.SZ,飞天诚信科技股份有限公司,63.64,False
54,3,000026.SZ,飞亚达精密科技股份有限公司,60.87,False
55,1,603638.SH,烟台艾迪精密机械股份有限公司,100.0,True
55,2,603190.SH,烟台亚通精工机械股份有限公司,78.57,False
55,3,000570.SZ,常柴股份有限公司,77.14,False
56,1,601318.SH,中国平安保险(集团)股份有限公司,68.57,True
56,2,000570.SZ,常柴股份有限公司,67.5,False
56,3,000709.SZ,河钢股份有限公司,67.5,False
57,1,603200.SH,上海洗霸科技股份有限公司,100.0,True
57,2,002195.SZ,上海岩山科技股份有限公司,83.33,False
57,3,002605.SZ,上海姚记科技股份有限公司,83.33,False
58,1,301098.SZ,金埔园林股份有限公司,80.0,False
58,2,300100.SZ,双林股份有限公司,77.78,False
58,3,600099.SH,林海股份有限公司,77.78,False
59,1,300912.SZ,凯龙高科技股份有限公司,100.0,True
59,2,301510.SZ,固高科技股份有限公司,85.71,False
59,3,600552.SH,凯盛科技股份有限公司,85.71,False
60,1,601336.SH,新华人寿保险股份有限公司,75.0,False
60,2,601628.SH,中国人寿保险股份有限公司,75.0,False
60,3,601318.SH,中国平安保险(集团)股份有限公司,72.0,True
61,1,601628.SH,中国人寿保险股份有限公司,77.42,False
61,2,601336.SH,新华人寿保险股份有限公司,75.0,False
61,3,601318.SH,中国平安保险(集团)股份有限公司,68.57,True
62,1,002789.SZ,深圳市建艺装饰集团股份有限公司,100.0,True
62,2,000016.SZ,康佳集团股份有限公司,80.0,False
62,3,000055.SZ,方大集团股份有限公司,80.0,False
63,1,603229.SH,浙江奥翔药业股份有限公司,100.0,True
63,2,002099.SZ,浙江海翔药业股份有限公司,91.67,False
63,3,001367.SZ,浙江海森药业股份有限公司,83.33,False
64,1,689009.SH,九号有限公司,72.0,False
64,2,002189.SZ,中光学集团股份有限公司,66.67,False
64,3,300560.SZ,中富通集团股份有限公司,66.67,False
65,1,000570.SZ,常柴股份有限公司,67.5,False
65,2,000709.SZ,河钢股份有限公司,67.5,False
65,3,000898.SZ,鞍钢股份有限公司,67.5,False
66,1,002965.SZ,祥鑫科技股份有限公司,100.0,True
66,2,002015.SZ,协鑫能源科技股份有限公司,81.82,False
66,3,002506.SZ,协鑫集成科技股份有限公司,81.82,False
67,1,301019.SZ,宁波色母粒股份有限公司,100.0,True
67,2,002142.SZ,宁波银行股份有限公司,76.19,False
67,3,002164.SZ,宁波东力股份有限公司,76.19,False
68,1,688016.SH,上海微创心脉医疗科技(集团)股份有限公司,88.89,True
68,2,688351.SH,上海微创电生理医疗科技股份有限公司,84.85,False
68,3,000409.SZ,云鼎科技股份有限公司,80.0,False
69,1,301069.SZ,山东凯盛新材料股份有限公司,100.0,True
69,2,301149.SZ,山东隆华新材料股份有限公司,84.62,False
69,3,301617.SZ,山东博苑新材料股份有限公司,84.62,False
70,1,601318.SH,中国平安保险(集团)股份有限公司,68.57,True
70,2,000570.SZ,常柴股份有限公司,67.5,False
70,3,000709.SZ,河钢股份有限公司,67.5,False
71,1,601336.SH,新华人寿保险股份有限公司,75.0,False
71,2,601628.SH,中国人寿保险股份有限公司,75.0,False
71,3,601319.SH,中国人民保险集团股份有限公司,70.71,False
72,1,301487.SZ,天津国安盟固利新材料科技股份有限公司,100.0,True
72,2,002080.SZ,中材科技股份有限公司,81.0,False
72,3,000409.SZ,云鼎科技股份有限公司,80.0,False
73,1,688599.SH,天合光能股份有限公司,100.0,True
73,2,300332.SZ,天壕能源股份有限公司,80.0,False
73,3,600501.SH,航天晨光股份有限公司,80.0,False
74,1,300674.SZ,北京宇信科技集团股份有限公司,100.0,True
74,2,002350.SZ,北京科锐集团股份有限公司,84.62,False
74,3,002637.SZ,赞宇科技集团股份有限公司,84.62,False
75,1,300553.SZ,杭州集智机电股份有限公司,100.0,True
75,2,001225.SZ,杭州和泰机电股份有限公司,83.33,False
75,3,603618.SH,杭州电缆股份有限公司,81.82,False
76,1,689009.SH,九号有限公司,72.0,False
76,2,603392.SH,北京万泰生物药业股份有限公司,69.23,False
76,3,300552.SZ,北京万集科技股份有限公司,66.67,False
77,1,000570.SZ,常柴股份有限公司,67.5,False
77,2,000709.SZ,河钢股份有限公司,67.5,False
77,3,000898.SZ,鞍钢股份有限公司,67.5,False
78,1,601336.SH,新华人寿保险股份有限公司,75.0,False
78,2,601628.SH,中国人寿保险股份有限公司,75.0,False
78,3,601318.SH,中国平安保险(集团)股份有限公司,72.0,True
79,1,601628.SH,中国人寿保险股份有限公司,77.42,False
79,2,601336.SH,新华人寿保险股份有限公司,75.0,False
79,3,601318.SH,中国平安保险(集团)股份有限公司,68.57,True
80,1,688212.SH,上海澳华内镜股份有限公司,100.0,True
80,2,600621.SH,上海华鑫股份有限公司,81.82,False
80,3,000570.SZ,常柴股份有限公司,77.14,False
81,1,689009.SH,九号有限公司,72.0,False
81,2,688728.SH,格科微有限公司,65.45,False
81,3,603506.SH,南都物业服务集团股份有限公司,64.29,False
83,1,920527.BJ,浙江夜光明光电科技股份有限公司,100.0,True
83,2,002273.SZ,浙江水晶光电科技股份有限公司,82.76,False
83,3,001333.SZ,浙江光华科技股份有限公司,81.48,False
84,1,300792.SZ,杭州壹网壹创科技股份有限公司,100.0,True
84,2,300113.SZ,杭州顺网科技股份有限公司,84.62,False
84,3,603258.SH,杭州电魂网络科技股份有限公司,78.57,False
85,1,301283.SZ,聚胶新材料股份有限公司,100.0,True
85,2,605166.SH,聚合顺新材料股份有限公司,86.96,False
85,3,688503.SH,常州聚和新材料股份有限公司,83.33,False
86,1,689009.SH,九号有限公司,72.0,False
86,2,688728.SH,格科微有限公司,65.45,False
86,3,000002.SZ,万科企业股份有限公司,63.64,True
87,1,689009.SH,九号有限公司,72.0,False
87,2,688728.SH,格科微有限公司,65.45,False
87,3,688526.SH,武汉科前生物股份有限公司,64.0,False
88,1,603126.SH,中材节能股份有限公司,100.0,True
88,2,002643.SZ,中节能万润股份有限公司,85.71,False
88,3,000591.SZ,中节能太阳能股份有限公司,81.82,False
89,1,002705.SZ,广东新宝电器股份有限公司,80.0,False
89,2,000570.SZ,常柴股份有限公司,77.14,False
89,3,000709.SZ,河钢股份有限公司,77.14,False
90,1,688793.SH,深圳市倍轻松科技股份有限公司,100.0,True
90,2,001283.SZ,深圳市豪鹏科技股份有限公司,81.48,False
90,3,001308.SZ,深圳市康冠科技股份有限公司,81.48,False
91,1,920098.BJ,陕西科隆新材料科技股份有限公司,100.0,True
91,2,002080.SZ,中材科技股份有限公司,81.0,False
91,3,000409.SZ,云鼎科技股份有限公司,80.0,False
92,1,600036.SH,招商银行股份有限公司,83.33,True
92,2,601916.SH,浙商银行股份有限公司,75.0,False
92,3,601398.SH,中国工商银行股份有限公司,69.23,False
93,1,601628.SH,中国人寿保险股份有限公司,77.42,False
93,2,601336.SH,新华人寿保险股份有限公司,75.0,False
93,3,601318.SH,中国平安保险(集团)股份有限公司,68.57,True
94,1,000016.SZ,康佳集团股份有限公司,80.0,False
94,2,000055.SZ,方大集团股份有限公司,80.0,False
94,3,000333.SZ,美的集团股份有限公司,80.0,False
95,1,300703.SZ,宁波创源文化发展股份有限公司,100.0,True
95,2,000570.SZ,常柴股份有限公司,77.14,False
95,3,000709.SZ,河钢股份有限公司,77.14,False
96,1,600036.SH,招商银行股份有限公司,83.33,True
96,2,601916.SH,浙商银行股份有限公司,75.0,False
96,3,601398.SH,中国工商银行股份有限公司,69.23,False
97,1,603266.SH,宁波天龙电子股份有限公司,100.0,True
97,2,002048.SZ,宁波华翔电子股份有限公司,83.33,False
97,3,002119.SZ,宁波康强电子股份有限公司,83.33,False
98,1,688141.SH,杰华特微电子股份有限公司,100.0,True
98,2,600360.SH,吉林华微电子股份有限公司,83.33,False
98,3,688130.SH,杭州晶华微电子股份有限公司,80.0,False
99,1,688030.SH,山石网科通信技术股份有限公司,100.0,True
99,2,000570.SZ,常柴股份有限公司,77.14,False
99,3,000709.SZ,河钢股份有限公司,77.14,False
100,1,603583.SH,浙江捷昌线性驱动科技股份有限公司,100.0,True
100,2,000409.SZ,云鼎科技股份有限公司,80.0,False
100,3,000551.SZ,创元科技股份有限公司,80.0,False
101,1,689009.SH,九号有限公司,72.0,False
101,2,000752.SZ,西藏发展股份有限公司,67.5,False
101,3,002485.SZ,雪松发展股份有限公司,67.5,False
103,1,003020.SZ,合肥立方制药股份有限公司,100.0,True
103,2,000570.SZ,常柴股份有限公司,77.14,False
103,3,000709.SZ,河钢股份有限公司,77.14,False
105,1,301591.SZ,南京肯特复合材料股份有限公司,100.0,True
105,2,920204.BJ,南京沪江复合材料股份有限公司,85.71,False
105,3,000570.SZ,常柴股份有限公司,77.14,False
106,1,300436.SZ,福建广生堂药业股份有限公司,100.0,True
106,2,002317.SZ,广东众生药业股份有限公司,80.0,False
106,3,000570.SZ,常柴股份有限公司,77.14,False
107,1,002928.SZ,华夏航空股份有限公司,100.0,True
107,2,600015.SH,华夏银行股份有限公司,80.0,False
107,3,601021.SH,春秋航空股份有限公司,80.0,False
108,1,000570.SZ,常柴股份有限公司,67.5,False
108,2,000709.SZ,河钢股份有限公司,67.5,False
108,3,000898.SZ,鞍钢股份有限公司,67.5,False
109,1,601628.SH,中国人寿保险股份有限公司,77.42,False
109,2,601336.SH,新华人寿保险股份有限公司,75.0,False
109,3,601318.SH,中国平安保险(集团)股份有限公司,68.57,True
110,1,603982.SH,南京泉峰汽车精密技术股份有限公司,100.0,True
110,2,002625.SZ,光启技术股份有限公司,80.0,False
110,3,002815.SZ,崇达技术股份有限公司,80.0,False
111,1,003028.SZ,深圳市振邦智能科技股份有限公司,100.0,True
111,2,001339.SZ,深圳市智微智能科技股份有限公司,86.67,False
111,3,920876.BJ,深圳市慧为智能科技股份有限公司,86.67,False
112,1,300476.SZ,胜宏科技(惠州)股份有限公司,100.0,True
112,2,603344.SH,星德胜科技(苏州)股份有限公司,82.76,False
112,3,300203.SZ,聚光科技(杭州)股份有限公司,78.57,False
113,1,001328.SZ,重庆登康口腔护理用品股份有限公司,100.0,True
113,2,000570.SZ,常柴股份有限公司,77.14,False
113,3,000709.SZ,河钢股份有限公司,77.14,False
114,1,605369.SH,浙江拱东医疗器械股份有限公司,100.0,True
114,2,600587.SH,山东新华医疗器械股份有限公司,78.57,False
114,3,000570.SZ,常柴股份有限公司,77.14,False
115,1,689009.SH,九号有限公司,72.0,False
115,2,688728.SH,格科微有限公司,65.45,False
115,3,688526.SH,武汉科前生物股份有限公司,64.0,False
116,1,301567.SZ,贝隆精密科技股份有限公司,100.0,True
116,2,301326.SZ,捷邦精密科技股份有限公司,83.33,False
116,3,000026.SZ,飞亚达精密科技股份有限公司,80.0,False
117,1,301380.SZ,北京挖金客信息科技股份有限公司,100.0,True
117,2,300895.SZ,北京铜牛信息科技股份有限公司,82.76,False
117,3,000409.SZ,云鼎科技股份有限公司,80.0,False
118,1,688505.SH,上海复旦张江生物医药股份有限公司,100.0,True
118,2,000788.SZ,北大医药股份有限公司,80.0,False
118,3,000963.SZ,华东医药股份有限公司,80.0,False
120,1,300410.SZ,广东正业科技股份有限公司,100.0,True
120,2,002167.SZ,广东东方锆业科技股份有限公司,84.62,False
120,3,001229.SZ,广东魅视科技股份有限公司,83.33,False
121,1,301006.SZ,迈拓仪表股份有限公司,100.0,True
121,2,300371.SZ,汇中仪表股份有限公司,80.0,False
121,3,300445.SZ,北京康斯特仪表科技股份有限公司,72.0,False
122,1,688073.SH,上海毕得医药科技股份有限公司,100.0,True
122,2,688247.SH,上海宣泰医药科技股份有限公司,85.71,False
122,3,603192.SH,上海汇得科技股份有限公司,84.62,False
123,1,001391.SZ,中国国际货运航空股份有限公司,100.0,True
123,2,601111.SH,中国国际航空股份有限公司,92.31,False
123,3,000570.SZ,常柴股份有限公司,77.14,False
124,1,300175.SZ,朗源股份有限公司,84.0,False
124,2,600642.SH,申能股份有限公司,78.75,False
124,3,000570.SZ,常柴股份有限公司,77.14,False
125,1,603288.SH,佛山市海天调味食品股份有限公司,100.0,True
125,2,603517.SH,绝味食品股份有限公司,85.26,False
125,3,000639.SZ,西王食品股份有限公司,80.0,False
127,1,688561.SH,奇安信科技集团股份有限公司,100.0,True
127,2,002212.SZ,天融信科技集团股份有限公司,84.62,False
127,3,001335.SZ,浙江信凯科技集团股份有限公司,81.48,False
128,1,603919.SH,金徽酒股份有限公司,100.0,True
128,2,603132.SH,金徽矿业股份有限公司,84.21,False
128,3,000869.SZ,烟台张裕葡萄酿酒股份有限公司,78.75,False
130,1,601318.SH,中国平安保险(集团)股份有限公司,68.57,True
130,2,000570.SZ,常柴股份有限公司,67.5,False
130,3,000709.SZ,河钢股份有限公司,67.5,False
131,1,301107.SZ,重庆瑜欣平瑞电子股份有限公司,100.0,True
131,2,000570.SZ,常柴股份有限公司,77.14,False
131,3,000709.SZ,河钢股份有限公司,77.14,False
132,1,600036.SH,招商银行股份有限公司,83.33,True
132,2,601916.SH,浙商银行股份有限公司,75.0,False
132,3,601398.SH,中国工商银行股份有限公司,69.23,False
133,1,002841.SZ,广州视源电子科技股份有限公司,100.0,True
133,2,301528.SZ,广州多浦乐电子科技股份有限公司,82.76,False
133,3,002579.SZ,惠州中京电子科技股份有限公司,78.57,False
134,1,000566.SZ,海南海药股份有限公司,81.82,False
134,2,000570.SZ,常柴股份有限公司,77.14,False
134,3,000709.SZ,河钢股份有限公司,77.14,False
135,1,920029.BJ,成都长城开发科技股份有限公司,100.0,True
135,2,000021.SZ,深圳长城开发科技股份有限公司,85.71,False
135,3,000570.SZ,常柴股份有限公司,77.14,False
136,1,601628.SH,中国人寿保险股份有限公司,77.42,False
136,2,601336.SH,新华人寿保险股份有限公司,75.0,False
136,3,601318.SH,中国平安保险(集团)股份有限公司,68.57,True
137,1,688332.SH,深圳市中科蓝讯科技股份有限公司,100.0,True
137,2,300042.SZ,深圳市朗科科技股份有限公司,85.71,False
137,3,688788.SH,深圳市科思科技股份有限公司,85.71,False
138,1,002991.SZ,甘源食品股份有限公司,100.0,True
138,2,000639.SZ,西王食品股份有限公司,80.0,False
138,3,001219.SZ,青岛食品股份有限公司,80.0,False
139,1,688627.SH,深圳精智达技术股份有限公司,100.0,True
139,2,300822.SZ,深圳贝仕达克技术股份有限公司,81.48,False
139,3,002957.SZ,深圳科瑞技术股份有限公司,80.0,False
140,1,601611.SH,中国核工业建设股份有限公司,100.0,True
140,2,600150.SH,中国船舶工业股份有限公司,80.0,False
140,3,601669.SH,中国电力建设股份有限公司,80.0,False
141,1,301517.SZ,陕西华达科技股份有限公司,100.0,True
141,2,688281.SH,陕西华秦科技实业股份有限公司,84.62,False
141,3,603358.SH,华达汽车科技股份有限公司,83.33,False
142,1,603109.SH,神驰机电股份有限公司,100.0,True
142,2,300032.SZ,金龙机电股份有限公司,80.0,False
142,3,600835.SH,上海机电股份有限公司,80.0,False
143,1,300984.SZ,浙江金沃精工股份有限公司,100.0,True
143,2,603331.SH,浙江百达精工股份有限公司,83.33,False
143,3,002488.SZ,浙江金固股份有限公司,81.82,False
144,1,000570.SZ,常柴股份有限公司,67.5,False
144,2,000709.SZ,河钢股份有限公司,67.5,False
144,3,000898.SZ,鞍钢股份有限公司,67.5,False
145,1,603998.SH,湖南方盛制药股份有限公司,100.0,True
145,2,002412.SZ,湖南汉森制药股份有限公司,83.33,False
145,3,300267.SZ,湖南尔康制药股份有限公司,83.33,False
146,1,300520.SZ,科大国创软件股份有限公司,100.0,True
146,2,300496.SZ,中科创达软件股份有限公司,83.33,False
146,3,002073.SZ,软控股份有限公司,78.75,False
147,1,601318.SH,中国平安保险(集团)股份有限公司,68.57,True
147,2,000570.SZ,常柴股份有限公司,67.5,False
147,3,000709.SZ,河钢股份有限公司,67.5,False
149,1,301110.SZ,青木科技股份有限公司,85.26,False
149,2,000409.SZ,云鼎科技股份有限公司,80.0,False
149,3,000551.SZ,创元科技股份有限公司,80.0,False
150,1,920469.BJ,深圳市富恒新材料股份有限公司,100.0,True
150,2,002886.SZ,深圳市沃特新材料股份有限公司,85.71,False
150,3,300811.SZ,深圳市铂科新材料股份有限公司,85.71,False
151,1,603960.SH,上海克来机电自动化工程股份有限公司,100.0,True
151,2,000570.SZ,常柴股份有限公司,77.14,False
151,3,000709.SZ,河钢股份有限公司,77.14,False
152,1,300952.SZ,江苏恒辉安防集团股份有限公司,92.31,True
152,2,000570.SZ,常柴股份有限公司,77.14,False
152,3,000709.SZ,河钢股份有限公司,77.14,False
153,1,601318.SH,中国平安保险(集团)股份有限公司,68.57,True
153,2,000570.SZ,常柴股份有限公司,67.5,False
153,3,000709.SZ,河钢股份有限公司,67.5,False
154,1,688233.SH,锦州神工半导体股份有限公司,100.0,True
154,2,000570.SZ,常柴股份有限公司,77.14,False
154,3,000709.SZ,河钢股份有限公司,77.14,False
155,1,688233.SH,锦州神工半导体股份有限公司,100.0,True
155,2,000570.SZ,常柴股份有限公司,77.14,False
155,3,000709.SZ,河钢股份有限公司,77.14,False
156,1,300846.SZ,北京首都在线科技股份有限公司,100.0,True
156,2,000570.SZ,常柴股份有限公司,77.14,False
156,3,000709.SZ,河钢股份有限公司,77.14,False
157,1,688166.SH,博瑞生物医药(苏州)股份有限公司,100.0,True
157,2,000570.SZ,常柴股份有限公司,77.14,False
157,3,000709.SZ,河钢股份有限公司,77.14,False
158,1,603336.SH,宏辉果蔬股份有限公司,100.0,True
158,2,689009.SH,九号有限公司,72.0,False
158,3,605198.SH,烟台北方安德利果汁股份有限公司,70.0,False
159,1,001358.SZ,绍兴兴欣新材料股份有限公司,100.0,True
159,2,600076.SH,康欣新材料股份有限公司,83.33,False
159,3,000570.SZ,常柴股份有限公司,77.14,False
160,1,603269.SH,江苏海鸥冷却塔股份有限公司,100.0,True
160,2,000570.SZ,常柴股份有限公司,77.14,False
160,3,000709.SZ,河钢股份有限公司,77.14,False
161,1,603959.SH,湖南百利工程科技股份有限公司,100.0,True
161,2,000570.SZ,常柴股份有限公司,77.14,False
161,3,000709.SZ,河钢股份有限公司,77.14,False
162,1,301358.SZ,湖南裕能新能源电池材料股份有限公司,100.0,True
162,2,000877.SZ,天山材料股份有限公司,80.0,False
162,3,000570.SZ,常柴股份有限公司,77.14,False
163,1,601318.SH,中国平安保险(集团)股份有限公司,68.57,True
163,2,000570.SZ,常柴股份有限公司,67.5,False
163,3,000709.SZ,河钢股份有限公司,67.5,False
164,1,689009.SH,九号有限公司,72.0,False
164,2,688728.SH,格科微有限公司,65.45,False
164,3,000002.SZ,万科企业股份有限公司,60.87,True
165,1,301255.SZ,浙江通力传动科技股份有限公司,100.0,True
165,2,002061.SZ,浙江交通科技股份有限公司,84.62,False
165,3,300611.SZ,浙江美力科技股份有限公司,84.62,False
166,1,601318.SH,中国平安保险(集团)股份有限公司,68.57,True
166,2,000570.SZ,常柴股份有限公司,67.5,False
166,3,000709.SZ,河钢股份有限公司,67.5,False
167,1,603331.SH,浙江百达精工股份有限公司,100.0,True
167,2,300984.SZ,浙江金沃精工股份有限公司,83.33,False
167,3,000570.SZ,常柴股份有限公司,77.14,False
168,1,000909.SZ,数源科技股份有限公司,85.26,False
168,2,603628.SH,清源科技股份有限公司,85.26,False
168,3,002150.SZ,江苏正泰电源科技股份有限公司,82.76,False
169,1,601336.SH,新华人寿保险股份有限公司,75.0,False
169,2,601628.SH,中国人寿保险股份有限公司,75.0,False
169,3,601319.SH,中国人民保险集团股份有限公司,70.71,False
170,1,601619.SH,嘉泽新能源股份有限公司,91.67,True
170,2,000595.SZ,宁夏国运新能源股份有限公司,84.62,False
170,3,300175.SZ,朗源股份有限公司,84.0,False
171,1,601336.SH,新华人寿保险股份有限公司,75.0,False
171,2,601628.SH,中国人寿保险股份有限公司,75.0,False
171,3,601318.SH,中国平安保险(集团)股份有限公司,72.0,True
172,1,601318.SH,中国平安保险(集团)股份有限公司,68.57,True
172,2,000570.SZ,常柴股份有限公司,67.5,False
172,3,000709.SZ,河钢股份有限公司,67.5,False
173,1,688350.SH,江苏富淼科技股份有限公司,100.0,True
173,2,002090.SZ,江苏金智科技股份有限公司,83.33,False
173,3,002409.SZ,江苏雅克科技股份有限公司,83.33,False
174,1,601318.SH,中国平安保险(集团)股份有限公司,68.57,True
174,2,000570.SZ,常柴股份有限公司,67.5,False
174,3,000709.SZ,河钢股份有限公司,67.5,False
175,1,688429.SH,常州时创能源股份有限公司,100.0,True
175,2,300175.SZ,朗源股份有限公司,84.0,False
175,3,600642.SH,申能股份有限公司,78.75,False
176,1,000570.SZ,常柴股份有限公司,67.5,False
176,2,000709.SZ,河钢股份有限公司,67.5,False
176,3,000898.SZ,鞍钢股份有限公司,67.5,False
177,1,601318.SH,中国平安保险(集团)股份有限公司,68.57,True
177,2,000570.SZ,常柴股份有限公司,67.5,False
177,3,000709.SZ,河钢股份有限公司,67.5,False
178,1,603810.SH,江苏丰山集团股份有限公司,100.0,True
178,2,002309.SZ,江苏中利集团股份有限公司,83.33,False
178,3,002883.SZ,江苏中设集团股份有限公司,83.33,False
179,1,601628.SH,中国人寿保险股份有限公司,77.42,False
179,2,601336.SH,新华人寿保险股份有限公司,75.0,False
179,3,601318.SH,中国平安保险(集团)股份有限公司,68.57,True
180,1,603416.SH,无锡信捷电气股份有限公司,100.0,True
180,2,000570.SZ,常柴股份有限公司,77.14,False
180,3,000709.SZ,河钢股份有限公司,77.14,False
181,1,002945.SZ,华林证券股份有限公司,100.0,True
181,2,002926.SZ,华西证券股份有限公司,90.0,False
181,3,600909.SH,华安证券股份有限公司,90.0,False
182,1,000570.SZ,常柴股份有限公司,67.5,False
182,2,000709.SZ,河钢股份有限公司,67.5,False
182,3,000898.SZ,鞍钢股份有限公司,67.5,False
183,1,002841.SZ,广州视源电子科技股份有限公司,100.0,True
183,2,301528.SZ,广州多浦乐电子科技股份有限公司,82.76,False
183,3,002579.SZ,惠州中京电子科技股份有限公司,78.57,False
184,1,920405.BJ,上海海希工业通讯股份有限公司,100.0,True
184,2,600438.SH,通威股份有限公司,78.75,False
184,3,000570.SZ,常柴股份有限公司,77.14,False
185,1,300684.SZ,北京中石伟业科技股份有限公司,100.0,True
185,2,300365.SZ,北京恒华伟业科技股份有限公司,85.71,False
185,3,603516.SH,北京淳中科技股份有限公司,84.62,False
186,1,601229.SH,上海银行股份有限公司,100.0,True
186,2,600000.SH,上海浦东发展银行股份有限公司,83.33,False
186,3,601825.SH,上海农村商业银行股份有限公司,83.33,False
187,1,688393.SH,广州安必平医药科技股份有限公司,100.0,True
187,2,000409.SZ,云鼎科技股份有限公司,80.0,False
187,3,000551.SZ,创元科技股份有限公司,80.0,False
188,1,300670.SZ,江苏大烨智能电气股份有限公司,100.0,True
188,2,301179.SZ,江苏泽宇智能电力股份有限公司,78.57,False
188,3,000570.SZ,常柴股份有限公司,77.14,False
189,1,688020.SH,广州方邦电子股份有限公司,100.0,True
189,2,000682.SZ,东方电子股份有限公司,81.82,False
189,3,300833.SZ,广州市浩洋电子股份有限公司,80.0,False
190,1,600036.SH,招商银行股份有限公司,83.33,True
190,2,601916.SH,浙商银行股份有限公司,75.0,False
190,3,601398.SH,中国工商银行股份有限公司,69.23,False
191,1,688589.SH,深圳市力合微电子股份有限公司,100.0,True
191,2,688699.SH,深圳市明微电子股份有限公司,88.89,False
191,3,688045.SH,深圳市必易微电子股份有限公司,85.71,False
192,1,000570.SZ,常柴股份有限公司,67.5,False
192,2,000709.SZ,河钢股份有限公司,67.5,False
192,3,000898.SZ,鞍钢股份有限公司,67.5,False
193,1,300405.SZ,辽宁科隆精细化工股份有限公司,100.0,True
193,2,000570.SZ,常柴股份有限公司,77.14,False
193,3,000709.SZ,河钢股份有限公司,77.14,False
194,1,688112.SH,深圳市鼎阳科技股份有限公司,100.0,True
194,2,300824.SZ,深圳市北鼎晶辉科技股份有限公司,85.71,False
194,3,001283.SZ,深圳市豪鹏科技股份有限公司,84.62,False
195,1,601628.SH,中国人寿保险股份有限公司,77.42,False
195,2,601336.SH,新华人寿保险股份有限公司,75.0,False
195,3,601318.SH,中国平安保险(集团)股份有限公司,68.57,True
196,1,000570.SZ,常柴股份有限公司,67.5,False
196,2,000709.SZ,河钢股份有限公司,67.5,False
196,3,000898.SZ,鞍钢股份有限公司,67.5,False
197,1,603015.SH,宁波弘讯科技股份有限公司,100.0,True
197,2,300566.SZ,宁波激智科技股份有限公司,83.33,False
197,3,300784.SZ,宁波利安科技股份有限公司,83.33,False
198,1,603268.SH,广东松发陶瓷股份有限公司,100.0,True
198,2,000570.SZ,常柴股份有限公司,77.14,False
198,3,000709.SZ,河钢股份有限公司,77.14,False
200,1,000570.SZ,常柴股份有限公司,77.14,False
200,2,000709.SZ,河钢股份有限公司,77.14,False
200,3,000898.SZ,鞍钢股份有限公司,77.14,False
201,1,920110.BJ,珠海雷特科技股份有限公司,100.0,True
201,2,920871.BJ,珠海市派特尔科技股份有限公司,84.62,False
201,3,300458.SZ,珠海全志科技股份有限公司,83.33,False
202,1,688119.SH,中钢洛耐科技股份有限公司,100.0,True
202,2,002080.SZ,中材科技股份有限公司,81.82,False
202,3,300777.SZ,中简科技股份有限公司,81.82,False
203,1,688498.SH,陕西源杰半导体科技股份有限公司,100.0,True
203,2,000409.SZ,云鼎科技股份有限公司,80.0,False
203,3,000551.SZ,创元科技股份有限公司,80.0,False
204,1,920427.BJ,华维设计集团股份有限公司,100.0,True
204,2,603018.SH,华设设计集团股份有限公司,91.67,False
204,3,300500.SZ,启迪设计集团股份有限公司,83.33,False
205,1,601595.SH,上海电影股份有限公司,100.0,True
205,2,600021.SH,上海电力股份有限公司,90.0,False
205,3,600835.SH,上海机电股份有限公司,90.0,False
206,1,601956.SH,湖北东贝机电集团股份有限公司,100.0,True
206,2,000570.SZ,常柴股份有限公司,77.14,False
206,3,000709.SZ,河钢股份有限公司,77.14,False
207,1,301171.SZ,易点天下网络科技股份有限公司,100.0,True
207,2,000570.SZ,常柴股份有限公司,77.14,False
207,3,000709.SZ,河钢股份有限公司,77.14,False
208,1,301213.SZ,四川观想科技股份有限公司,100.0,True
208,2,002951.SZ,四川金时科技股份有限公司,83.33,False
208,3,300370.SZ,四川安控科技股份有限公司,83.33,False
209,1,000776.SZ,广发证券股份有限公司,100.0,True
209,2,000686.SZ,东北证券股份有限公司,80.0,False
209,3,000728.SZ,国元证券股份有限公司,80.0,False
210,1,003011.SZ,浙江海象新材料股份有限公司,100.0,True
210,2,002206.SZ,浙江海利得新材料股份有限公司,88.89,False
210,3,300234.SZ,浙江开尔新材料股份有限公司,84.62,False
211,1,002996.SZ,重庆顺博铝合金股份有限公司,100.0,True
211,2,000570.SZ,常柴股份有限公司,77.14,False
211,3,000709.SZ,河钢股份有限公司,77.14,False
212,1,301131.SZ,广州市聚赛龙工程塑料股份有限公司,100.0,True
212,2,000570.SZ,常柴股份有限公司,77.14,False
212,3,000709.SZ,河钢股份有限公司,77.14,False
213,1,601619.SH,嘉泽新能源股份有限公司,91.67,True
213,2,000595.SZ,宁夏国运新能源股份有限公司,84.62,False
213,3,300175.SZ,朗源股份有限公司,84.0,False
214,1,301321.SZ,翰博高新材料(合肥)股份有限公司,100.0,True
214,2,000570.SZ,常柴股份有限公司,77.14,False
214,3,000709.SZ,河钢股份有限公司,77.14,False
216,1,603880.SH,江苏南方卫材医药股份有限公司,100.0,True
216,2,000570.SZ,常柴股份有限公司,77.14,False
216,3,000709.SZ,河钢股份有限公司,77.14,False
217,1,601198.SH,东兴证券股份有限公司,100.0,True
217,2,000686.SZ,东北证券股份有限公司,90.0,False
217,3,600958.SH,东方证券股份有限公司,90.0,False
218,1,603090.SH,无锡宏盛换热器制造股份有限公司,100.0,True
218,2,920662.BJ,无锡方盛换热器股份有限公司,85.71,False
218,3,600499.SH,科达制造股份有限公司,80.0,False
219,1,601318.SH,中国平安保险(集团)股份有限公司,68.57,True
219,2,000570.SZ,常柴股份有限公司,67.5,False
219,3,000709.SZ,河钢股份有限公司,67.5,False
220,1,000570.SZ,常柴股份有限公司,77.14,False
220,2,000709.SZ,河钢股份有限公司,77.14,False
220,3,000898.SZ,鞍钢股份有限公司,77.14,False
221,1,603115.SH,南通海星电子股份有限公司,100.0,True
221,2,301359.SZ,东南电子股份有限公司,81.82,False
221,3,002484.SZ,南通江海电容器股份有限公司,80.0,False
222,1,601318.SH,中国平安保险(集团)股份有限公司,68.57,True
222,2,000570.SZ,常柴股份有限公司,67.5,False
222,3,000709.SZ,河钢股份有限公司,67.5,False
223,1,605055.SH,浙江迎丰科技股份有限公司,100.0,True
223,2,301459.SZ,浙江丰茂科技股份有限公司,91.67,False
223,3,603685.SH,浙江晨丰科技股份有限公司,91.67,False
224,1,601318.SH,中国平安保险(集团)股份有限公司,68.57,True
224,2,000570.SZ,常柴股份有限公司,67.5,False
224,3,000709.SZ,河钢股份有限公司,67.5,False
225,1,601318.SH,中国平安保险(集团)股份有限公司,68.57,True
225,2,000570.SZ,常柴股份有限公司,67.5,False
225,3,000709.SZ,河钢股份有限公司,67.5,False
226,1,605155.SH,浙江西大门新材料股份有限公司,100.0,True
226,2,920118.BJ,浙江太湖远大新材料股份有限公司,82.76,False
226,3,003011.SZ,浙江海象新材料股份有限公司,81.48,False
227,1,000570.SZ,常柴股份有限公司,67.5,False
227,2,000709.SZ,河钢股份有限公司,67.5,False
227,3,000898.SZ,鞍钢股份有限公司,67.5,False
228,1,920926.BJ,广东鸿智智能科技股份有限公司,100.0,True
228,2,301135.SZ,广东瑞德智能科技股份有限公司,85.71,False
228,3,301578.SZ,广东辰奕智能科技股份有限公司,85.71,False
229,1,002625.SZ,光启技术股份有限公司,80.0,False
229,2,002815.SZ,崇达技术股份有限公司,80.0,False
229,3,300020.SZ,银江技术股份有限公司,80.0,False
231,1,601336.SH,新华人寿保险股份有限公司,75.0,False
231,2,601628.SH,中国人寿保险股份有限公司,75.0,False
231,3,601319.SH,中国人民保险集团股份有限公司,70.71,False
232,1,689009.SH,九号有限公司,72.0,False
232,2,000788.SZ,北大医药股份有限公司,66.67,False
232,3,000950.SZ,重药控股股份有限公司,66.67,False
233,1,300931.SZ,通用电梯股份有限公司,100.0,True
233,2,002367.SZ,康力电梯股份有限公司,80.0,False
233,3,002774.SZ,快意电梯股份有限公司,80.0,False
234,1,601318.SH,中国平安保险(集团)股份有限公司,68.57,True
234,2,000570.SZ,常柴股份有限公司,67.5,False
234,3,000709.SZ,河钢股份有限公司,67.5,False
235,1,688266.SH,苏州泽璟生物制药股份有限公司,100.0,True
235,2,000570.SZ,常柴股份有限公司,77.14,False
235,3,000709.SZ,河钢股份有限公司,77.14,False
237,1,002915.SZ,浙江中欣氟材股份有限公司,100.0,True
237,2,603130.SH,浙江云中马股份有限公司,78.26,False
237,3,000570.SZ,常柴股份有限公司,77.14,False
238,1,601318.SH,中国平安保险(集团)股份有限公司,68.57,True
238,2,000570.SZ,常柴股份有限公司,67.5,False
238,3,000709.SZ,河钢股份有限公司,67.5,False
239,1,002833.SZ,广州弘亚数控机械集团股份有限公司,93.33,True
239,2,000570.SZ,常柴股份有限公司,77.14,False
239,3,000709.SZ,河钢股份有限公司,77.14,False
240,1,002891.SZ,烟台中宠食品股份有限公司,100.0,True
240,2,002481.SZ,烟台双塔食品股份有限公司,83.33,False
240,3,000570.SZ,常柴股份有限公司,77.14,False
241,1,301199.SZ,迈赫机器人自动化股份有限公司,100.0,True
241,2,300024.SZ,沈阳新松机器人自动化股份有限公司,80.0,False
241,3,000570.SZ,常柴股份有限公司,77.14,False
242,1,002897.SZ,温州意华接插件股份有限公司,100.0,True
242,2,000570.SZ,常柴股份有限公司,77.14,False
242,3,000709.SZ,河钢股份有限公司,77.14,False
244,1,003026.SZ,浙江中晶科技股份有限公司,100.0,True
244,2,002779.SZ,浙江中坚科技股份有限公司,91.67,False
244,3,002273.SZ,浙江水晶光电科技股份有限公司,84.62,False
245,1,601888.SH,中国旅游集团中免股份有限公司,100.0,True
245,2,600818.SH,中路股份有限公司,78.75,False
245,3,000570.SZ,常柴股份有限公司,77.14,False
246,1,300581.SZ,西安晨曦航空科技股份有限公司,100.0,True
246,2,000570.SZ,常柴股份有限公司,77.14,False
246,3,000709.SZ,河钢股份有限公司,77.14,False
247,1,600919.SH,江苏银行股份有限公司,90.0,False
247,2,600928.SH,西安银行股份有限公司,90.0,False
247,3,000001.SZ,平安银行股份有限公司,80.0,False
248,1,301369.SZ,佛山市联动科技股份有限公司,100.0,True
248,2,001207.SZ,山东联科科技股份有限公司,80.0,False
248,3,002250.SZ,联化科技股份有限公司,78.26,False
249,1,301667.SZ,纳百川新能源股份有限公司,100.0,True
249,2,600681.SH,百川能源股份有限公司,90.91,False
249,3,300175.SZ,朗源股份有限公司,84.0,False
250,1,301515.SZ,四川港通医疗设备集团股份有限公司,100.0,True
250,2,000016.SZ,康佳集团股份有限公司,80.0,False
250,3,000055.SZ,方大集团股份有限公司,80.0,False
251,1,603377.SH,东方时尚驾驶学校股份有限公司,100.0,True
251,2,000570.SZ,常柴股份有限公司,77.14,False
251,3,000709.SZ,河钢股份有限公司,77.14,False
252,1,003038.SZ,安徽鑫铂铝业股份有限公司,100.0,True
252,2,000570.SZ,常柴股份有限公司,77.14,False
252,3,000709.SZ,河钢股份有限公司,77.14,False
253,1,300591.SZ,广东万里马实业股份有限公司,100.0,True
253,2,001209.SZ,广东洪兴实业股份有限公司,80.0,False
253,3,000534.SZ,万泽实业股份有限公司,78.26,False
254,1,001205.SZ,南京盛航海运股份有限公司,100.0,True
254,2,600099.SH,林海股份有限公司,78.75,False
254,3,000570.SZ,常柴股份有限公司,77.14,False
255,1,688136.SH,科兴生物制药股份有限公司,100.0,True
255,2,688177.SH,百奥泰生物制药股份有限公司,80.0,False
255,3,000570.SZ,常柴股份有限公司,77.14,False
256,1,601336.SH,新华人寿保险股份有限公司,75.0,False
256,2,601628.SH,中国人寿保险股份有限公司,75.0,False
256,3,601318.SH,中国平安保险(集团)股份有限公司,72.0,True
257,1,300622.SZ,博士眼镜连锁股份有限公司,100.0,True
257,2,000570.SZ,常柴股份有限公司,77.14,False
257,3,000709.SZ,河钢股份有限公司,77.14,False
258,1,605378.SH,浙江野马电池股份有限公司,100.0,True
258,2,301222.SZ,浙江恒威电池股份有限公司,83.33,False
258,3,002276.SZ,浙江万马股份有限公司,81.82,False
259,1,300758.SZ,鞍山七彩化学股份有限公司,100.0,True
259,2,000570.SZ,常柴股份有限公司,77.14,False
259,3,000709.SZ,河钢股份有限公司,77.14,False
260,1,300738.SZ,广东奥飞数据科技股份有限公司,100.0,True
260,2,688686.SH,广东奥普特科技股份有限公司,81.48,False
260,3,000570.SZ,常柴股份有限公司,77.14,False
261,1,301004.SZ,浙江嘉益保温科技股份有限公司,100.0,True
261,2,603822.SH,浙江嘉澳环保科技股份有限公司,85.71,False
261,3,600526.SH,浙江菲达环保科技股份有限公司,78.57,False
262,1,300776.SZ,武汉帝尔激光科技股份有限公司,100.0,True
262,2,002281.SZ,武汉光迅科技股份有限公司,84.62,False
262,3,000570.SZ,常柴股份有限公司,77.14,False
263,1,301125.SZ,南京腾亚精工科技股份有限公司,100.0,True
263,2,000570.SZ,常柴股份有限公司,77.14,False
263,3,000709.SZ,河钢股份有限公司,77.14,False
264,1,002625.SZ,光启技术股份有限公司,80.0,False
264,2,002815.SZ,崇达技术股份有限公司,80.0,False
264,3,300020.SZ,银江技术股份有限公司,80.0,False
265,1,002831.SZ,深圳市裕同包装科技股份有限公司,100.0,True
265,2,000409.SZ,云鼎科技股份有限公司,80.0,False
265,3,000551.SZ,创元科技股份有限公司,80.0,False
266,1,688137.SH,苏州近岸蛋白质科技股份有限公司,100.0,True
266,2,000409.SZ,云鼎科技股份有限公司,80.0,False
266,3,000551.SZ,创元科技股份有限公司,80.0,False
267,1,000925.SZ,浙江众合科技股份有限公司,83.33,False
267,2,001256.SZ,浙江炜冈科技股份有限公司,83.33,False
267,3,001270.SZ,浙江铖昌科技股份有限公司,83.33,False
268,1,920914.BJ,江苏远航精密合金科技股份有限公司,100.0,True
268,2,002202.SZ,金风科技股份有限公司,85.26,False
268,3,003018.SZ,金富科技股份有限公司,85.26,False
269,1,300480.SZ,光力科技股份有限公司,85.26,False
269,2,688339.SH,北京亿华通科技股份有限公司,82.76,False
269,3,000409.SZ,云鼎科技股份有限公司,80.0,False
270,1,600801.SH,华新建材集团股份有限公司,100.0,True
270,2,002254.SZ,泰和新材集团股份有限公司,83.33,False
270,3,600449.SH,宁夏建材集团股份有限公司,83.33,False
271,1,688484.SH,上海南芯半导体科技股份有限公司,100.0,True
271,2,688372.SH,上海伟测半导体科技股份有限公司,86.67,False
271,3,688230.SH,上海芯导电子科技股份有限公司,82.76,False
273,1,000570.SZ,常柴股份有限公司,67.5,False
273,2,000709.SZ,河钢股份有限公司,67.5,False
273,3,000898.SZ,鞍钢股份有限公司,67.5,False
275,1,002772.SZ,天水众兴菌业科技股份有限公司,100.0,True
275,2,000570.SZ,常柴股份有限公司,77.14,False
275,3,000709.SZ,河钢股份有限公司,77.14,False
276,1,920504.BJ,上海博迅医疗生物仪器股份有限公司,100.0,True
276,2,000570.SZ,常柴股份有限公司,77.14,False
276,3,000709.SZ,河钢股份有限公司,77.14,False
277,1,601318.SH,中国平安保险(集团)股份有限公司,68.57,True
277,2,000570.SZ,常柴股份有限公司,67.5,False
277,3,000709.SZ,河钢股份有限公司,67.5,False
278,1,601162.SH,天风证券股份有限公司,100.0,True
278,2,000686.SZ,东北证券股份有限公司,80.0,False
278,3,000728.SZ,国元证券股份有限公司,80.0,False
279,1,000570.SZ,常柴股份有限公司,67.5,False
279,2,000709.SZ,河钢股份有限公司,67.5,False
279,3,000898.SZ,鞍钢股份有限公司,67.5,False
280,1,603124.SH,江西江南新材料科技股份有限公司,100.0,True
280,2,688519.SH,南亚新材料科技股份有限公司,85.71,False
280,3,002080.SZ,中材科技股份有限公司,81.0,False
282,1,000570.SZ,常柴股份有限公司,67.5,False
282,2,000709.SZ,河钢股份有限公司,67.5,False
282,3,000898.SZ,鞍钢股份有限公司,67.5,False
283,1,300748.SZ,江西金力永磁科技股份有限公司,100.0,True
283,2,000570.SZ,常柴股份有限公司,77.14,False
283,3,000709.SZ,河钢股份有限公司,77.14,False
285,1,300899.SZ,上海凯鑫分离技术股份有限公司,100.0,True
285,2,688065.SH,上海凯赛生物技术股份有限公司,78.57,False
285,3,000570.SZ,常柴股份有限公司,77.14,False
286,1,689009.SH,九号有限公司,72.0,False
286,2,688728.SH,格科微有限公司,65.45,False
286,3,002993.SZ,东莞市奥海科技股份有限公司,61.54,False
287,1,688429.SH,常州时创能源股份有限公司,100.0,True
287,2,300175.SZ,朗源股份有限公司,84.0,False
287,3,600642.SH,申能股份有限公司,78.75,False
288,1,601318.SH,中国平安保险(集团)股份有限公司,68.57,True
288,2,000570.SZ,常柴股份有限公司,67.5,False
288,3,000709.SZ,河钢股份有限公司,67.5,False
289,1,601318.SH,中国平安保险(集团)股份有限公司,68.57,True
289,2,000570.SZ,常柴股份有限公司,67.5,False
289,3,000709.SZ,河钢股份有限公司,67.5,False
290,1,300705.SZ,湖南九典制药股份有限公司,100.0,True
290,2,002412.SZ,湖南汉森制药股份有限公司,83.33,False
290,3,300267.SZ,湖南尔康制药股份有限公司,83.33,False
291,1,301133.SZ,广州市金钟汽车零件股份有限公司,100.0,True
291,2,000570.SZ,常柴股份有限公司,77.14,False
291,3,000709.SZ,河钢股份有限公司,77.14,False
292,1,603005.SH,苏州晶方半导体科技股份有限公司,100.0,True
292,2,000409.SZ,云鼎科技股份有限公司,80.0,False
292,3,000551.SZ,创元科技股份有限公司,80.0,False
293,1,002931.SZ,浙江锋龙电气股份有限公司,100.0,True
293,2,001255.SZ,浙江博菲电气股份有限公司,83.33,False
293,3,301448.SZ,浙江开创电气股份有限公司,83.33,False
294,1,300573.SZ,沈阳兴齐眼药股份有限公司,100.0,True
294,2,000570.SZ,常柴股份有限公司,77.14,False
294,3,000709.SZ,河钢股份有限公司,77.14,False
295,1,601336.SH,新华人寿保险股份有限公司,75.0,False
295,2,601628.SH,中国人寿保险股份有限公司,75.0,False
295,3,601318.SH,中国平安保险(集团)股份有限公司,72.0,True
296,1,002667.SZ,威领新能源股份有限公司,85.71,False
296,2,300317.SZ,珈伟新能源股份有限公司,85.71,False
296,3,600821.SH,金开新能源股份有限公司,85.71,False
297,1,601318.SH,中国平安保险(集团)股份有限公司,68.57,True
297,2,000570.SZ,常柴股份有限公司,67.5,False
297,3,000709.SZ,河钢股份有限公司,67.5,False
298,1,002080.SZ,中材科技股份有限公司,78.26,False
298,2,300777.SZ,中简科技股份有限公司,78.26,False
298,3,600072.SH,中船科技股份有限公司,78.26,False
299,1,603370.SH,江阴华新精密科技股份有限公司,100.0,True
299,2,688605.SH,江苏先锋精密科技股份有限公司,78.57,False
299,3,920221.BJ,江苏易实精密科技股份有限公司,78.57,False
300,1,300802.SZ,上海矩子科技股份有限公司,100.0,True
300,2,300508.SZ,上海维宏电子科技股份有限公司,84.62,False
300,3,300551.SZ,上海古鳌电子科技股份有限公司,84.62,False
301,1,300377.SZ,深圳市赢时胜信息技术股份有限公司,100.0,True
301,2,300925.SZ,深圳市法本信息技术股份有限公司,83.87,False
301,3,002161.SZ,深圳市远望谷信息技术股份有限公司,81.25,False
302,1,601628.SH,中国人寿保险股份有限公司,77.42,False
302,2,601336.SH,新华人寿保险股份有限公司,75.0,False
302,3,601318.SH,中国平安保险(集团)股份有限公司,68.57,True
303,1,002867.SZ,周大生珠宝股份有限公司,100.0,True
303,2,600622.SH,光大嘉宝股份有限公司,76.19,False
303,3,002104.SZ,恒宝股份有限公司,73.68,False
304,1,920121.BJ,苏州江天包装科技股份有限公司,100.0,True
304,2,002564.SZ,苏州天沃科技股份有限公司,84.62,False
304,3,688003.SH,苏州天准科技股份有限公司,84.62,False
305,1,300473.SZ,阜新德尔汽车部件股份有限公司,100.0,True
305,2,000570.SZ,常柴股份有限公司,77.14,False
305,3,000709.SZ,河钢股份有限公司,77.14,False
306,1,601628.SH,中国人寿保险股份有限公司,77.42,False
306,2,601336.SH,新华人寿保险股份有限公司,75.0,False
306,3,601318.SH,中国平安保险(集团)股份有限公司,68.57,True
307,1,601336.SH,新华人寿保险股份有限公司,75.0,False
307,2,601628.SH,中国人寿保险股份有限公司,75.0,False
307,3,601318.SH,中国平安保险(集团)股份有限公司,72.0,True
308,1,689009.SH,九号有限公司,72.0,False
308,2,688728.SH,格科微有限公司,65.45,False
308,3,000002.SZ,万科企业股份有限公司,63.64,True
309,1,603933.SH,福建睿能科技股份有限公司,100.0,True
309,2,002222.SZ,福建福晶科技股份有限公司,83.33,False
309,3,300425.SZ,中建环能科技股份有限公司,83.33,False
310,1,601336.SH,新华人寿保险股份有限公司,75.0,False
310,2,601628.SH,中国人寿保险股份有限公司,75.0,False
310,3,601318.SH,中国平安保险(集团)股份有限公司,72.0,True
311,1,601628.SH,中国人寿保险股份有限公司,77.42,False
311,2,601336.SH,新华人寿保险股份有限公司,75.0,False
311,3,601318.SH,中国平安保险(集团)股份有限公司,68.57,True
312,1,688513.SH,成都苑东生物制药股份有限公司,100.0,True
312,2,300841.SZ,成都康华生物制品股份有限公司,78.57,False
312,3,920729.BJ,广东永顺生物制药股份有限公司,78.57,False
313,1,002817.SZ,安徽黄山胶囊股份有限公司,100.0,True
313,2,000570.SZ,常柴股份有限公司,77.14,False
313,3,000709.SZ,河钢股份有限公司,77.14,False
315,1,601336.SH,新华人寿保险股份有限公司,75.0,False
315,2,601628.SH,中国人寿保险股份有限公司,75.0,False
315,3,601319.SH,中国人民保险集团股份有限公司,70.71,False
316,1,601318.SH,中国平安保险(集团)股份有限公司,68.57,True
316,2,000570.SZ,常柴股份有限公司,67.5,False
316,3,000709.SZ,河钢股份有限公司,67.5,False
317,1,300490.SZ,华自科技股份有限公司,100.0,True
317,2,001380.SZ,华纬科技股份有限公司,90.0,False
317,3,300741.SZ,华宝科技股份有限公司,90.0,False
318,1,601628.SH,中国人寿保险股份有限公司,77.42,False
318,2,601336.SH,新华人寿保险股份有限公司,75.0,False
318,3,601318.SH,中国平安保险(集团)股份有限公司,68.57,True
319,1,920942.BJ,武汉恒立工程钻具股份有限公司,100.0,True
319,2,000570.SZ,常柴股份有限公司,77.14,False
319,3,000709.SZ,河钢股份有限公司,77.14,False
320,1,601318.SH,中国平安保险(集团)股份有限公司,68.57,True
320,2,000570.SZ,常柴股份有限公司,67.5,False
320,3,000709.SZ,河钢股份有限公司,67.5,False
321,1,688190.SH,青岛云路先进材料技术股份有限公司,100.0,True
321,2,002625.SZ,光启技术股份有限公司,80.0,False
321,3,002815.SZ,崇达技术股份有限公司,80.0,False
322,1,603111.SH,南京康尼机电股份有限公司,100.0,True
322,2,000570.SZ,常柴股份有限公司,77.14,False
322,3,000709.SZ,河钢股份有限公司,77.14,False
324,1,600152.SH,维科技术股份有限公司,81.82,False
324,2,603113.SH,金能科技股份有限公司,81.82,False
324,3,603859.SH,能科科技股份有限公司,81.82,False
325,1,000570.SZ,常柴股份有限公司,67.5,False
325,2,000709.SZ,河钢股份有限公司,67.5,False
325,3,000898.SZ,鞍钢股份有限公司,67.5,False
326,1,688539.SH,南京高华科技股份有限公司,100.0,True
326,2,603042.SH,南京华脉科技股份有限公司,91.67,False
326,3,600064.SH,南京高科股份有限公司,90.91,False
327,1,688343.SH,深圳云天励飞技术股份有限公司,100.0,True
327,2,000570.SZ,常柴股份有限公司,77.14,False
327,3,000709.SZ,河钢股份有限公司,77.14,False
328,1,601318.SH,中国平安保险(集团)股份有限公司,68.57,True
328,2,000570.SZ,常柴股份有限公司,67.5,False
328,3,000709.SZ,河钢股份有限公司,67.5,False
330,1,688602.SH,上海康鹏科技股份有限公司,100.0,True
330,2,603579.SH,上海荣泰健康科技股份有限公司,84.62,False
330,3,002195.SZ,上海岩山科技股份有限公司,83.33,False
331,1,300502.SZ,成都新易盛通信技术股份有限公司,100.0,True
331,2,002625.SZ,光启技术股份有限公司,80.0,False
331,3,002815.SZ,崇达技术股份有限公司,80.0,False
332,1,920522.BJ,邢台纳科诺尔精轧科技股份有限公司,100.0,True
332,2,000409.SZ,云鼎科技股份有限公司,80.0,False
332,3,000551.SZ,创元科技股份有限公司,80.0,False
333,1,601318.SH,中国平安保险(集团)股份有限公司,68.57,True
333,2,000570.SZ,常柴股份有限公司,67.5,False
333,3,000709.SZ,河钢股份有限公司,67.5,False
334,1,001337.SZ,四川黄金股份有限公司,80.0,False
334,2,002155.SZ,湖南黄金股份有限公司,80.0,False
334,3,600489.SH,中金黄金股份有限公司,80.0,False
335,1,301486.SZ,深圳市致尚科技股份有限公司,100.0,True
335,2,001283.SZ,深圳市豪鹏科技股份有限公司,84.62,False
335,3,001308.SZ,深圳市康冠科技股份有限公司,84.62,False
336,1,002787.SZ,苏州华源控股股份有限公司,83.33,False
336,2,000570.SZ,常柴股份有限公司,77.14,False
336,3,000709.SZ,河钢股份有限公司,77.14,False
337,1,603906.SH,江苏龙蟠科技集团股份有限公司,100.0,True
337,2,002442.SZ,龙星科技集团股份有限公司,84.62,False
337,3,920445.BJ,龙竹科技集团股份有限公司,84.62,False
338,1,601336.SH,新华人寿保险股份有限公司,75.0,False
338,2,601628.SH,中国人寿保险股份有限公司,75.0,False
338,3,601318.SH,中国平安保险(集团)股份有限公司,72.0,True
339,1,002997.SZ,瑞鹄汽车模具股份有限公司,100.0,True
339,2,002510.SZ,天津汽车模具股份有限公司,83.33,False
339,3,000570.SZ,常柴股份有限公司,77.14,False
340,1,601229.SH,上海银行股份有限公司,90.0,False
340,2,000001.SZ,平安银行股份有限公司,80.0,False
340,3,001227.SZ,兰州银行股份有限公司,80.0,False
341,1,301107.SZ,重庆瑜欣平瑞电子股份有限公司,100.0,True
341,2,000570.SZ,常柴股份有限公司,77.14,False
341,3,000709.SZ,河钢股份有限公司,77.14,False
342,1,600036.SH,招商银行股份有限公司,90.0,True
342,2,601916.SH,浙商银行股份有限公司,81.0,False
342,3,000001.SZ,平安银行股份有限公司,72.0,False
343,1,002797.SZ,第一创业证券股份有限公司,100.0,True
343,2,601136.SH,首创证券股份有限公司,81.82,False
343,3,601377.SH,兴业证券股份有限公司,81.82,False
344,1,301321.SZ,翰博高新材料(合肥)股份有限公司,100.0,True
344,2,000570.SZ,常柴股份有限公司,77.14,False
344,3,000709.SZ,河钢股份有限公司,77.14,False
346,1,603210.SH,浙江泰鸿万立科技股份有限公司,100.0,True
346,2,002214.SZ,浙江大立科技股份有限公司,84.62,False
346,3,002590.SZ,浙江万安科技股份有限公司,84.62,False
348,1,688177.SH,百奥泰生物制药股份有限公司,100.0,True
348,2,688136.SH,科兴生物制药股份有限公司,80.0,False
348,3,000570.SZ,常柴股份有限公司,77.14,False
349,1,688177.SH,百奥泰生物制药股份有限公司,100.0,True
349,2,688136.SH,科兴生物制药股份有限公司,80.0,False
349,3,000570.SZ,常柴股份有限公司,77.14,False
350,1,300790.SZ,东莞市宇瞳光学科技股份有限公司,100.0,True
350,2,300480.SZ,光力科技股份有限公司,81.0,False
350,3,300489.SZ,光智科技股份有限公司,81.0,False
351,1,689009.SH,九号有限公司,72.0,False
351,2,688728.SH,格科微有限公司,65.45,False
351,3,000002.SZ,万科企业股份有限公司,63.64,True
352,1,920433.BJ,内蒙古大唐药业股份有限公司,100.0,True
352,2,000570.SZ,常柴股份有限公司,77.14,False
352,3,000709.SZ,河钢股份有限公司,77.14,False
353,1,601628.SH,中国人寿保险股份有限公司,77.42,False
353,2,601336.SH,新华人寿保险股份有限公司,75.0,False
353,3,601318.SH,中国平安保险(集团)股份有限公司,68.57,True
354,1,920158.BJ,长江三星能源科技股份有限公司,100.0,True
354,2,000570.SZ,常柴股份有限公司,77.14,False
354,3,000709.SZ,河钢股份有限公司,77.14,False
355,1,688739.SH,辽宁成大生物股份有限公司,100.0,True
355,2,600739.SH,辽宁成大股份有限公司,90.91,False
355,3,000570.SZ,常柴股份有限公司,77.14,False
356,1,688568.SH,中科星图股份有限公司,100.0,True
356,2,600654.SH,中安科股份有限公司,84.21,False
356,3,920116.BJ,中科星图测控技术股份有限公司,83.33,False
357,1,603309.SH,广州维力医疗器械股份有限公司,100.0,True
357,2,300314.SZ,宁波戴维医疗器械股份有限公司,78.57,False
357,3,000570.SZ,常柴股份有限公司,77.14,False
358,1,601318.SH,中国平安保险(集团)股份有限公司,68.57,True
358,2,000570.SZ,常柴股份有限公司,67.5,False
358,3,000709.SZ,河钢股份有限公司,67.5,False
359,1,688750.SH,湖南湘投金天钛业科技股份有限公司,100.0,True
359,2,000409.SZ,云鼎科技股份有限公司,80.0,False
359,3,000551.SZ,创元科技股份有限公司,80.0,False
360,1,300843.SZ,胜蓝科技股份有限公司,100.0,True
360,2,300433.SZ,蓝思科技股份有限公司,90.0,False
360,3,002765.SZ,蓝黛科技集团股份有限公司,81.82,False
361,1,605155.SH,浙江西大门新材料股份有限公司,100.0,True
361,2,920118.BJ,浙江太湖远大新材料股份有限公司,82.76,False
361,3,003011.SZ,浙江海象新材料股份有限公司,81.48,False
362,1,301326.SZ,捷邦精密科技股份有限公司,100.0,True
362,2,301567.SZ,贝隆精密科技股份有限公司,83.33,False
362,3,688220.SH,翱捷科技股份有限公司,81.82,False
363,1,001330.SZ,博纳影业集团股份有限公司,100.0,True
363,2,601599.SH,浙文影业集团股份有限公司,83.33,False
363,3,002103.SZ,广博集团股份有限公司,81.82,False
364,1,000570.SZ,常柴股份有限公司,67.5,False
364,2,000709.SZ,河钢股份有限公司,67.5,False
364,3,000898.SZ,鞍钢股份有限公司,67.5,False
366,1,300542.SZ,新晨科技股份有限公司,100.0,True
366,2,300259.SZ,新天科技股份有限公司,90.0,False
366,3,301588.SZ,美新科技股份有限公司,90.0,False
367,1,003021.SZ,深圳市兆威机电股份有限公司,100.0,True
367,2,000089.SZ,深圳市机场股份有限公司,83.33,False
367,3,002429.SZ,深圳市兆驰股份有限公司,83.33,False
368,1,301105.SZ,广东鸿铭智能股份有限公司,100.0,True
368,2,920926.BJ,广东鸿智智能科技股份有限公司,84.62,False
368,3,600642.SH,申能股份有限公司,84.0,False
369,1,000712.SZ,广东锦龙发展股份有限公司,78.26,False
369,2,002348.SZ,广东高乐股份有限公司,76.19,False
369,3,002117.SZ,东港股份有限公司,73.68,False
370,1,688768.SH,安徽容知日新科技股份有限公司,100.0,True
370,2,000570.SZ,常柴股份有限公司,77.14,False
370,3,000709.SZ,河钢股份有限公司,77.14,False
371,1,300818.SZ,江西耐普矿机股份有限公司,88.89,True
371,2,000877.SZ,天山材料股份有限公司,80.0,False
371,3,300986.SZ,江西志特新材料股份有限公司,78.57,False
372,1,920651.BJ,威海市天罡仪表股份有限公司,100.0,True
372,2,000570.SZ,常柴股份有限公司,77.14,False
372,3,000709.SZ,河钢股份有限公司,77.14,False
373,1,301391.SZ,卡莱特云科技股份有限公司,100.0,True
373,2,000409.SZ,云鼎科技股份有限公司,81.82,False
373,3,300209.SZ,行云科技股份有限公司,81.82,False
374,1,600036.SH,招商银行股份有限公司,83.33,True
374,2,601916.SH,浙商银行股份有限公司,75.0,False
374,3,601398.SH,中国工商银行股份有限公司,69.23,False
375,1,000570.SZ,常柴股份有限公司,67.5,False
375,2,000709.SZ,河钢股份有限公司,67.5,False
375,3,000898.SZ,鞍钢股份有限公司,67.5,False
376,1,601628.SH,中国人寿保险股份有限公司,77.42,False
376,2,601336.SH,新华人寿保险股份有限公司,75.0,False
376,3,601318.SH,中国平安保险(集团)股份有限公司,68.57,True
377,1,689009.SH,九号有限公司,72.0,False
377,2,688728.SH,格科微有限公司,65.45,False
377,3,000002.SZ,万科企业股份有限公司,63.64,True
378,1,688135.SH,广东利扬芯片测试股份有限公司,100.0,True
378,2,000570.SZ,常柴股份有限公司,77.14,False
378,3,000709.SZ,河钢股份有限公司,77.14,False
379,1,002971.SZ,湖北和远气体股份有限公司,100.0,True
379,2,000570.SZ,常柴股份有限公司,77.14,False
379,3,000709.SZ,河钢股份有限公司,77.14,False
380,1,601336.SH,新华人寿保险股份有限公司,75.0,False
380,2,601628.SH,中国人寿保险股份有限公司,75.0,False
380,3,601318.SH,中国平安保险(集团)股份有限公司,72.0,True
381,1,002975.SZ,珠海博杰电子股份有限公司,100.0,True
381,2,603936.SH,博敏电子股份有限公司,81.82,False
381,3,000570.SZ,常柴股份有限公司,77.14,False
382,1,000570.SZ,常柴股份有限公司,77.14,False
382,2,000709.SZ,河钢股份有限公司,77.14,False
382,3,000898.SZ,鞍钢股份有限公司,77.14,False
383,1,300547.SZ,四川川环科技股份有限公司,100.0,True
383,2,002951.SZ,四川金时科技股份有限公司,83.33,False
383,3,300370.SZ,四川安控科技股份有限公司,83.33,False
384,1,300835.SZ,安徽龙磁科技股份有限公司,100.0,True
384,2,002298.SZ,安徽中电鑫龙科技股份有限公司,84.62,False
384,3,002331.SZ,安徽皖通科技股份有限公司,83.33,False
385,1,300584.SZ,南京海辰药业股份有限公司,100.0,True
385,2,603590.SH,北京康辰药业股份有限公司,83.33,False
385,3,000566.SZ,海南海药股份有限公司,81.82,False
386,1,603759.SH,海天水务集团股份公司,100.0,True
386,2,300961.SZ,深水海纳水务集团股份有限公司,75.0,False
386,3,601158.SH,重庆水务集团股份有限公司,72.73,False
387,1,301002.SZ,深圳市崧盛电子股份有限公司,100.0,True
387,2,002052.SZ,深圳市同洲电子股份有限公司,84.62,False
387,3,002055.SZ,深圳市得润电子股份有限公司,84.62,False
388,1,605060.SH,杭州联德精密机械股份有限公司,100.0,True
388,2,301138.SZ,广州华研精密机械股份有限公司,78.57,False
388,3,000570.SZ,常柴股份有限公司,77.14,False
389,1,688658.SH,悦康药业集团股份有限公司,100.0,True
389,2,603669.SH,灵康药业集团股份有限公司,91.67,False
389,3,600380.SH,健康元药业集团股份有限公司,88.0,False
390,1,301516.SZ,深圳市核达中远通电源技术股份有限公司,100.0,True
390,2,300679.SZ,电连技术股份有限公司,81.0,False
390,3,002625.SZ,光启技术股份有限公司,80.0,False
391,1,000909.SZ,数源科技股份有限公司,85.26,False
391,2,603628.SH,清源科技股份有限公司,85.26,False
391,3,002150.SZ,江苏正泰电源科技股份有限公司,82.76,False
392,1,603073.SH,浙江彩蝶实业股份有限公司,100.0,True
392,2,002677.SZ,浙江美大实业股份有限公司,83.33,False
392,3,301092.SZ,浙江争光实业股份有限公司,83.33,False
393,1,601628.SH,中国人寿保险股份有限公司,77.42,False
393,2,601336.SH,新华人寿保险股份有限公司,75.0,False
393,3,601318.SH,中国平安保险(集团)股份有限公司,68.57,True
394,1,603262.SH,技源集团股份有限公司,85.26,False
394,2,000016.SZ,康佳集团股份有限公司,80.0,False
394,3,000055.SZ,方大集团股份有限公司,80.0,False
395,1,688600.SH,安徽皖仪科技股份有限公司,100.0,True
395,2,002331.SZ,安徽皖通科技股份有限公司,91.67,False
395,3,300835.SZ,安徽龙磁科技股份有限公司,83.33,False
396,1,603052.SH,苏州可川电子科技股份有限公司,100.0,True
396,2,603890.SH,苏州春秋电子科技股份有限公司,85.71,False
396,3,688260.SH,苏州昀冢电子科技股份有限公司,85.71,False
397,1,002835.SZ,深圳市同为数码科技股份有限公司,100.0,True
397,2,000909.SZ,数源科技股份有限公司,81.0,False
397,3,000409.SZ,云鼎科技股份有限公司,80.0,False
398,1,601628.SH,中国人寿保险股份有限公司,77.42,False
398,2,601336.SH,新华人寿保险股份有限公司,75.0,False
398,3,601318.SH,中国平安保险(集团)股份有限公司,68.57,True
399,1,000570.SZ,常柴股份有限公司,67.5,False
399,2,000709.SZ,河钢股份有限公司,67.5,False
399,3,000898.SZ,鞍钢股份有限公司,67.5,False
400,1,688053.SH,成都思科瑞微电子股份有限公司,100.0,True
400,2,603893.SH,瑞芯微电子股份有限公司,80.0,False
400,3,688709.SH,成都华微电子科技股份有限公司,78.57,False
401,1,000570.SZ,常柴股份有限公司,77.14,False
401,2,000709.SZ,河钢股份有限公司,77.14,False
401,3,000898.SZ,鞍钢股份有限公司,77.14,False
402,1,000570.SZ,常柴股份有限公司,67.5,False
402,2,000709.SZ,河钢股份有限公司,67.5,False
402,3,000898.SZ,鞍钢股份有限公司,67.5,False
404,1,002073.SZ,软控股份有限公司,75.0,False
404,2,000910.SZ,大亚圣象家居股份有限公司,72.0,False
404,3,002248.SZ,威海华东数控股份有限公司,72.0,False
405,1,689009.SH,九号有限公司,72.0,False
405,2,300917.SZ,深圳市特发服务股份有限公司,69.23,False
405,3,002850.SZ,深圳市科达利实业股份有限公司,66.67,False
406,1,601456.SH,国联民生证券股份有限公司,100.0,True
406,2,000728.SZ,国元证券股份有限公司,81.82,False
406,3,000750.SZ,国海证券股份有限公司,81.82,False
407,1,689009.SH,九号有限公司,72.0,False
407,2,688728.SH,格科微有限公司,65.45,False
407,3,688526.SH,武汉科前生物股份有限公司,64.0,False
408,1,000650.SZ,仁和药业股份有限公司,80.0,False
408,2,000739.SZ,普洛药业股份有限公司,80.0,False
408,3,000788.SZ,北大医药股份有限公司,80.0,False
409,1,301331.SZ,恩威医药股份有限公司,100.0,True
409,2,000788.SZ,北大医药股份有限公司,80.0,False
409,3,000908.SZ,石药集团湖南景峰医药股份有限公司,80.0,False
410,1,300959.SZ,无锡线上线下通讯信息技术股份有限公司,100.0,True
410,2,002232.SZ,启明信息技术股份有限公司,81.82,False
410,3,300074.SZ,华平信息技术股份有限公司,81.82,False
411,1,300529.SZ,健帆生物科技集团股份有限公司,85.71,True
411,2,300511.SZ,上海雪榕生物科技股份有限公司,78.57,False
411,3,300653.SZ,烟台正海生物科技股份有限公司,78.57,False
413,1,000570.SZ,常柴股份有限公司,67.5,False
413,2,000709.SZ,河钢股份有限公司,67.5,False
413,3,000898.SZ,鞍钢股份有限公司,67.5,False
414,1,600753.SH,福建海钦能源集团股份有限公司,78.57,False
414,2,000570.SZ,常柴股份有限公司,77.14,False
414,3,000709.SZ,河钢股份有限公司,77.14,False
415,1,603569.SH,北京长久物流股份有限公司,100.0,True
415,2,603926.SH,铁流股份有限公司,84.0,False
415,3,000570.SZ,常柴股份有限公司,77.14,False
416,1,688081.SH,武汉兴图新科电子股份有限公司,100.0,True
416,2,000570.SZ,常柴股份有限公司,77.14,False
416,3,000709.SZ,河钢股份有限公司,77.14,False
417,1,002932.SZ,武汉明德生物科技股份有限公司,100.0,True
417,2,300871.SZ,武汉回盛生物科技股份有限公司,85.71,False
417,3,688765.SH,武汉禾元生物科技股份有限公司,85.71,False
418,1,001395.SZ,亚联机械股份有限公司,80.0,False
418,2,001696.SZ,重庆宗申动力机械股份有限公司,80.0,False
418,3,603677.SH,奇精机械股份有限公司,80.0,False
419,1,002807.SZ,江苏江阴农村商业银行股份有限公司,100.0,True
419,2,601128.SH,江苏常熟农村商业银行股份有限公司,87.5,False
419,3,601860.SH,江苏紫金农村商业银行股份有限公司,87.5,False
420,1,600036.SH,招商银行股份有限公司,83.33,True
420,2,601916.SH,浙商银行股份有限公司,75.0,False
420,3,601398.SH,中国工商银行股份有限公司,69.23,False
421,1,603189.SH,上海网达软件股份有限公司,100.0,True
421,2,600845.SH,上海宝信软件股份有限公司,83.33,False
421,3,688435.SH,上海英方软件股份有限公司,83.33,False
422,1,300713.SZ,深圳市英可瑞科技股份有限公司,100.0,True
422,2,002837.SZ,深圳市英维克科技股份有限公司,85.71,False
422,3,001283.SZ,深圳市豪鹏科技股份有限公司,81.48,False
423,1,000570.SZ,常柴股份有限公司,67.5,False
423,2,000709.SZ,河钢股份有限公司,67.5,False
423,3,000898.SZ,鞍钢股份有限公司,67.5,False
424,1,603595.SH,浙江东尼电子股份有限公司,100.0,True
424,2,002199.SZ,浙江东晶电子股份有限公司,91.67,False
424,3,000682.SZ,东方电子股份有限公司,81.82,False
425,1,603595.SH,浙江东尼电子股份有限公司,100.0,True
425,2,002199.SZ,浙江东晶电子股份有限公司,91.67,False
425,3,000682.SZ,东方电子股份有限公司,81.82,False
426,1,002766.SZ,深圳市索菱实业股份有限公司,100.0,True
426,2,000032.SZ,深圳市桑达实业股份有限公司,84.62,False
426,3,300538.SZ,深圳市同益实业股份有限公司,84.62,False
427,1,301618.SZ,东莞长联新材料科技股份有限公司,100.0,True
427,2,003022.SZ,联泓新材料科技股份有限公司,85.71,False
427,3,002080.SZ,中材科技股份有限公司,81.0,False
428,1,301297.SZ,安徽富乐德科技发展股份有限公司,100.0,True
428,2,000752.SZ,西藏发展股份有限公司,80.0,False
428,3,002485.SZ,雪松发展股份有限公司,80.0,False
429,1,601318.SH,中国平安保险(集团)股份有限公司,68.57,True
429,2,000570.SZ,常柴股份有限公司,67.5,False
429,3,000709.SZ,河钢股份有限公司,67.5,False
430,1,001212.SZ,广东中旗新材料股份有限公司,100.0,True
430,2,002809.SZ,广东红墙新材料股份有限公司,84.62,False
430,3,300586.SZ,广东美联新材料股份有限公司,84.62,False
431,1,603822.SH,浙江嘉澳环保科技股份有限公司,100.0,True
431,2,301004.SZ,浙江嘉益保温科技股份有限公司,85.71,False
431,3,600526.SH,浙江菲达环保科技股份有限公司,85.71,False
432,1,301227.SZ,哈尔滨森鹰窗业股份有限公司,100.0,True
432,2,000570.SZ,常柴股份有限公司,77.14,False
432,3,000709.SZ,河钢股份有限公司,77.14,False
433,1,688080.SH,北京映翰通网络技术股份有限公司,100.0,True
433,2,002625.SZ,光启技术股份有限公司,80.0,False
433,3,002815.SZ,崇达技术股份有限公司,80.0,False
434,1,000570.SZ,常柴股份有限公司,67.5,False
434,2,000709.SZ,河钢股份有限公司,67.5,False
434,3,000898.SZ,鞍钢股份有限公司,67.5,False
435,1,300724.SZ,深圳市捷佳伟创新能源装备股份有限公司,100.0,True
435,2,002757.SZ,南兴装备股份有限公司,80.0,False
435,3,603279.SH,景津装备股份有限公司,80.0,False
436,1,603916.SH,江苏苏博特新材料股份有限公司,100.0,True
436,2,605376.SH,江苏博迁新材料股份有限公司,88.89,False
436,3,001373.SZ,江苏翔腾新材料股份有限公司,81.48,False
437,1,605259.SH,绿田机械股份有限公司,100.0,True
437,2,001395.SZ,亚联机械股份有限公司,80.0,False
437,3,002209.SZ,广州达意隆包装机械股份有限公司,80.0,False
438,1,003043.SZ,苏州华亚智能科技股份有限公司,100.0,True
438,2,002512.SZ,福州达华智能科技股份有限公司,85.71,False
438,3,688022.SH,苏州瀚川智能科技股份有限公司,85.71,False
439,1,300533.SZ,深圳冰川网络股份有限公司,100.0,True
439,2,000570.SZ,常柴股份有限公司,77.14,False
439,3,000709.SZ,河钢股份有限公司,77.14,False
440,1,301337.SZ,山东亚华电子股份有限公司,100.0,True
440,2,001388.SZ,山东信通电子股份有限公司,83.33,False
440,3,000682.SZ,东方电子股份有限公司,81.82,False
441,1,688141.SH,杰华特微电子股份有限公司,100.0,True
441,2,600360.SH,吉林华微电子股份有限公司,83.33,False
441,3,688130.SH,杭州晶华微电子股份有限公司,80.0,False
442,1,601318.SH,中国平安保险(集团)股份有限公司,68.57,True
442,2,000570.SZ,常柴股份有限公司,67.5,False
442,3,000709.SZ,河钢股份有限公司,67.5,False
443,1,920978.BJ,湖北开特汽车电子电器系统股份有限公司,100.0,True
443,2,000570.SZ,常柴股份有限公司,77.14,False
443,3,000709.SZ,河钢股份有限公司,77.14,False
444,1,601336.SH,新华人寿保险股份有限公司,75.0,False
444,2,601628.SH,中国人寿保险股份有限公司,75.0,False
444,3,601318.SH,中国平安保险(集团)股份有限公司,72.0,True
445,1,603023.SH,哈尔滨威帝电子股份有限公司,100.0,True
445,2,000570.SZ,常柴股份有限公司,77.14,False
445,3,000709.SZ,河钢股份有限公司,77.14,False
446,1,601628.SH,中国人寿保险股份有限公司,77.42,False
446,2,601336.SH,新华人寿保险股份有限公司,75.0,False
446,3,601318.SH,中国平安保险(集团)股份有限公司,68.57,True
447,1,300641.SZ,江苏正丹化学工业股份有限公司,100.0,True
447,2,000570.SZ,常柴股份有限公司,77.14,False
447,3,000709.SZ,河钢股份有限公司,77.14,False
448,1,301231.SZ,荣信教育文化产业发展股份有限公司,100.0,True
448,2,000752.SZ,西藏发展股份有限公司,80.0,False
448,3,002485.SZ,雪松发展股份有限公司,80.0,False
449,1,688620.SH,广州安凯微电子股份有限公司,100.0,True
449,2,688512.SH,广州慧智微电子股份有限公司,84.62,False
449,3,002801.SZ,杭州微光电子股份有限公司,80.0,False
450,1,301270.SZ,北京汉仪创新科技股份有限公司,85.71,False
450,2,603986.SH,兆易创新科技集团股份有限公司,85.71,True
450,3,300667.SZ,北京必创科技股份有限公司,84.62,False
451,1,301141.SZ,浙江中科磁业股份有限公司,100.0,True
451,2,002779.SZ,浙江中坚科技股份有限公司,83.33,False
451,3,003026.SZ,浙江中晶科技股份有限公司,83.33,False
452,1,301141.SZ,浙江中科磁业股份有限公司,100.0,True
452,2,002779.SZ,浙江中坚科技股份有限公司,83.33,False
452,3,003026.SZ,浙江中晶科技股份有限公司,83.33,False
453,1,601318.SH,中国平安保险(集团)股份有限公司,68.57,True
453,2,000570.SZ,常柴股份有限公司,67.5,False
453,3,000709.SZ,河钢股份有限公司,67.5,False
454,1,601318.SH,中国平安保险(集团)股份有限公司,68.57,True
454,2,000570.SZ,常柴股份有限公司,67.5,False
454,3,000709.SZ,河钢股份有限公司,67.5,False
455,1,920037.BJ,湖南广信科技股份有限公司,100.0,True
455,2,688152.SH,湖南麒麟信安科技股份有限公司,84.62,False
455,3,300088.SZ,芜湖长信科技股份有限公司,83.33,False
456,1,301128.SZ,深圳市强瑞精密技术股份有限公司,100.0,True
456,2,002823.SZ,深圳市凯中精密技术股份有限公司,86.67,False
456,3,300115.SZ,深圳市长盈精密技术股份有限公司,86.67,False
457,1,300421.SZ,江苏力星通用钢球股份有限公司,100.0,True
457,2,000709.SZ,河钢股份有限公司,78.75,False
457,3,000898.SZ,鞍钢股份有限公司,78.75,False
459,1,603989.SH,湖南艾华集团股份有限公司,100.0,True
459,2,300345.SZ,湖南华民控股集团股份有限公司,84.62,False
459,3,000548.SZ,湖南投资集团股份有限公司,83.33,False
460,1,603825.SH,华扬联众数字技术股份有限公司,100.0,True
460,2,600155.SH,华创云信数字技术股份有限公司,78.57,False
460,3,000570.SZ,常柴股份有限公司,77.14,False
461,1,920405.BJ,上海海希工业通讯股份有限公司,100.0,True
461,2,600438.SH,通威股份有限公司,78.75,False
461,3,000570.SZ,常柴股份有限公司,77.14,False
462,1,688262.SH,苏州国芯科技股份有限公司,100.0,True
462,2,002564.SZ,苏州天沃科技股份有限公司,83.33,False
462,3,002635.SZ,苏州安洁科技股份有限公司,83.33,False
463,1,000570.SZ,常柴股份有限公司,67.5,False
463,2,000709.SZ,河钢股份有限公司,67.5,False
463,3,000898.SZ,鞍钢股份有限公司,67.5,False
464,1,301383.SZ,天键电声股份有限公司,100.0,True
464,2,002655.SZ,共达电声股份有限公司,80.0,False
464,3,000050.SZ,天马微电子股份有限公司,76.19,False
465,1,301601.SZ,扬州惠通科技股份有限公司,100.0,True
465,2,000570.SZ,常柴股份有限公司,77.14,False
465,3,000709.SZ,河钢股份有限公司,77.14,False
466,1,688670.SH,江苏金迪克生物技术股份有限公司,100.0,True
466,2,600201.SH,金宇生物技术股份有限公司,81.48,False
466,3,002625.SZ,光启技术股份有限公司,80.0,False
467,1,603159.SH,上海亚虹模具股份有限公司,100.0,True
467,2,600692.SH,上海亚通股份有限公司,81.82,False
467,3,000570.SZ,常柴股份有限公司,77.14,False
468,1,689009.SH,九号有限公司,72.0,False
468,2,688728.SH,格科微有限公司,65.45,False
468,3,300340.SZ,江门市科恒实业股份有限公司,61.54,False
469,1,000016.SZ,康佳集团股份有限公司,80.0,False
469,2,000055.SZ,方大集团股份有限公司,80.0,False
469,3,000333.SZ,美的集团股份有限公司,80.0,False
470,1,920089.BJ,苏州禾昌聚合材料股份有限公司,100.0,True
470,2,002290.SZ,苏州禾盛新型材料股份有限公司,78.57,False
470,3,000570.SZ,常柴股份有限公司,77.14,False
472,1,601187.SH,厦门银行股份有限公司,100.0,True
472,2,000001.SZ,平安银行股份有限公司,80.0,False
472,3,000701.SZ,厦门信达股份有限公司,80.0,False
473,1,601318.SH,中国平安保险(集团)股份有限公司,68.57,True
473,2,000570.SZ,常柴股份有限公司,67.5,False
473,3,000709.SZ,河钢股份有限公司,67.5,False
474,1,920030.BJ,湖南德众汽车销售服务股份有限公司,100.0,True
474,2,002188.SZ,中天服务股份有限公司,80.0,False
474,3,000570.SZ,常柴股份有限公司,77.14,False
475,1,603341.SH,上海龙旗科技股份有限公司,100.0,True
475,2,002195.SZ,上海岩山科技股份有限公司,83.33,False
475,3,002605.SZ,上海姚记科技股份有限公司,83.33,False
477,1,300633.SZ,深圳开立生物医疗科技股份有限公司,100.0,True
477,2,000409.SZ,云鼎科技股份有限公司,80.0,False
477,3,000551.SZ,创元科技股份有限公司,80.0,False
478,1,301162.SZ,国能日新科技股份有限公司,100.0,True
478,2,002093.SZ,国脉科技股份有限公司,81.82,False
478,3,300259.SZ,新天科技股份有限公司,81.82,False
479,1,002718.SZ,浙江友邦集成吊顶股份有限公司,100.0,True
479,2,000570.SZ,常柴股份有限公司,77.14,False
479,3,000709.SZ,河钢股份有限公司,77.14,False
480,1,002976.SZ,苏州瑞玛精密工业集团股份有限公司,93.33,True
480,2,000570.SZ,常柴股份有限公司,77.14,False
480,3,000709.SZ,河钢股份有限公司,77.14,False
481,1,601336.SH,新华人寿保险股份有限公司,75.0,False
481,2,601628.SH,中国人寿保险股份有限公司,75.0,False
481,3,601318.SH,中国平安保险(集团)股份有限公司,72.0,True
482,1,002737.SZ,葵花药业集团股份有限公司,100.0,True
482,2,002728.SZ,特一药业集团股份有限公司,83.33,False
482,3,002793.SZ,罗欣药业集团股份有限公司,83.33,False
483,1,688217.SH,上海睿昂基因科技股份有限公司,100.0,True
483,2,600641.SH,上海先导基电科技股份有限公司,78.57,False
483,3,000570.SZ,常柴股份有限公司,77.14,False
484,1,000570.SZ,常柴股份有限公司,77.14,False
484,2,000709.SZ,河钢股份有限公司,77.14,False
484,3,000898.SZ,鞍钢股份有限公司,77.14,False
485,1,601336.SH,新华人寿保险股份有限公司,75.0,False
485,2,601628.SH,中国人寿保险股份有限公司,75.0,False
485,3,601319.SH,中国人民保险集团股份有限公司,70.71,False
486,1,603828.SH,苏州柯利达装饰股份有限公司,100.0,True
486,2,000570.SZ,常柴股份有限公司,77.14,False
486,3,000709.SZ,河钢股份有限公司,77.14,False
487,1,600202.SH,哈尔滨空调股份有限公司,81.82,False
487,2,000001.SZ,平安银行股份有限公司,76.19,False
487,3,001227.SZ,兰州银行股份有限公司,76.19,False
488,1,301099.SZ,上海雅创电子集团股份有限公司,100.0,True
488,2,601727.SH,上海电气集团股份有限公司,84.62,False
488,3,603012.SH,上海创力集团股份有限公司,84.62,False
489,1,003027.SZ,同兴环保科技股份有限公司,100.0,True
489,2,300266.SZ,兴源环境科技股份有限公司,83.33,False
489,3,300854.SZ,中兰环保科技股份有限公司,83.33,False
490,1,603010.SH,浙江万盛股份有限公司,100.0,True
490,2,002276.SZ,浙江万马股份有限公司,90.0,False
490,3,002418.SZ,浙江康盛股份有限公司,90.0,False
491,1,601628.SH,中国人寿保险股份有限公司,77.42,False
491,2,601336.SH,新华人寿保险股份有限公司,75.0,False
491,3,601318.SH,中国平安保险(集团)股份有限公司,68.57,True
492,1,001337.SZ,四川黄金股份有限公司,80.0,False
492,2,002155.SZ,湖南黄金股份有限公司,80.0,False
492,3,600489.SH,中金黄金股份有限公司,80.0,False
493,1,601318.SH,中国平安保险(集团)股份有限公司,68.57,True
493,2,000570.SZ,常柴股份有限公司,67.5,False
493,3,000709.SZ,河钢股份有限公司,67.5,False
494,1,689009.SH,九号有限公司,72.0,False
494,2,300917.SZ,深圳市特发服务股份有限公司,69.23,False
494,3,002850.SZ,深圳市科达利实业股份有限公司,66.67,False
495,1,603987.SH,上海康德莱企业发展集团股份有限公司,100.0,True
495,2,000016.SZ,康佳集团股份有限公司,80.0,False
495,3,000055.SZ,方大集团股份有限公司,80.0,False
497,1,601336.SH,新华人寿保险股份有限公司,75.0,False
497,2,601628.SH,中国人寿保险股份有限公司,75.0,False
497,3,601318.SH,中国平安保险(集团)股份有限公司,72.0,True
498,1,605189.SH,芜湖富春染织股份有限公司,100.0,True
498,2,000570.SZ,常柴股份有限公司,77.14,False
498,3,000709.SZ,河钢股份有限公司,77.14,False
499,1,688165.SH,埃夫特智能机器人股份有限公司,81.48,True
499,2,002031.SZ,巨轮智能装备股份有限公司,80.0,False
499,3,002097.SZ,山河智能装备股份有限公司,80.0,False
500,1,002840.SZ,浙江华统肉制品股份有限公司,100.0,True
500,2,000570.SZ,常柴股份有限公司,77.14,False
500,3,000709.SZ,河钢股份有限公司,77.14,False
501,1,689009.SH,九号有限公司,72.0,False
501,2,688728.SH,格科微有限公司,65.45,False
501,3,000002.SZ,万科企业股份有限公司,63.64,True
502,1,688226.SH,威腾电气集团股份有限公司,100.0,True
502,2,601727.SH,上海电气集团股份有限公司,83.33,False
502,3,000570.SZ,常柴股份有限公司,77.14,False
503,1,300545.SZ,深圳市联得自动化装备股份有限公司,100.0,True
503,2,300400.SZ,深圳市劲拓自动化设备股份有限公司,81.25,False
503,3,300812.SZ,深圳市易天自动化设备股份有限公司,81.25,False
504,1,601318.SH,中国平安保险(集团)股份有限公司,68.57,True
504,2,000570.SZ,常柴股份有限公司,67.5,False
504,3,000709.SZ,河钢股份有限公司,67.5,False
505,1,600036.SH,招商银行股份有限公司,83.33,True
505,2,601916.SH,浙商银行股份有限公司,75.0,False
505,3,601398.SH,中国工商银行股份有限公司,69.23,False
506,1,300658.SZ,厦门延江新材料股份有限公司,100.0,True
506,2,688727.SH,厦门恒坤新材料科技股份有限公司,78.57,False
506,3,688778.SH,厦门厦钨新能源材料股份有限公司,78.57,False
507,1,603186.SH,浙江华正新材料股份有限公司,100.0,True
507,2,603310.SH,浙江巍华新材料股份有限公司,92.31,False
507,3,920015.BJ,浙江锦华新材料股份有限公司,92.31,False
508,1,920541.BJ,上海铁大电信科技股份有限公司,100.0,True
508,2,600198.SH,大唐电信科技股份有限公司,84.62,False
508,3,300508.SZ,上海维宏电子科技股份有限公司,78.57,False
509,1,601628.SH,中国人寿保险股份有限公司,92.31,False
509,2,601318.SH,中国平安保险(集团)股份有限公司,80.0,True
509,3,601319.SH,中国人民保险集团股份有限公司,78.57,False
510,1,301127.SZ,武汉天源集团股份有限公司,83.33,True
510,2,000570.SZ,常柴股份有限公司,77.14,False
510,3,000709.SZ,河钢股份有限公司,77.14,False
511,1,605117.SH,宁波德业科技股份有限公司,100.0,True
511,2,300566.SZ,宁波激智科技股份有限公司,83.33,False
511,3,300784.SZ,宁波利安科技股份有限公司,83.33,False
512,1,920579.BJ,机科发展科技股份有限公司,100.0,True
512,2,300290.SZ,荣科科技股份有限公司,81.82,False
512,3,600143.SH,金发科技股份有限公司,81.82,False
513,1,920510.BJ,青岛丰光精密机械股份有限公司,100.0,True
513,2,000570.SZ,常柴股份有限公司,77.14,False
513,3,000709.SZ,河钢股份有限公司,77.14,False
514,1,688102.SH,陕西斯瑞新材料股份有限公司,100.0,True
514,2,688550.SH,西安瑞联新材料股份有限公司,84.62,False
514,3,300848.SZ,美瑞新材料股份有限公司,83.33,False
515,1,300668.SZ,深圳市杰恩创意设计股份有限公司,100.0,True
515,2,300564.SZ,筑博设计股份有限公司,80.0,False
515,3,002811.SZ,深圳市郑中设计股份有限公司,78.57,False
516,1,300818.SZ,江西耐普矿机股份有限公司,88.89,True
516,2,000877.SZ,天山材料股份有限公司,80.0,False
516,3,300986.SZ,江西志特新材料股份有限公司,78.57,False
517,1,688398.SH,福建赛特新材股份有限公司,100.0,True
517,2,301300.SZ,福建远翔新材料股份有限公司,80.0,False
517,3,000570.SZ,常柴股份有限公司,77.14,False
519,1,001322.SZ,箭牌家居集团股份有限公司,100.0,True
519,2,603216.SH,梦天家居集团股份有限公司,83.33,False
519,3,603818.SH,曲美家居集团股份有限公司,83.33,False
520,1,300454.SZ,深信服科技股份有限公司,100.0,True
520,2,002387.SZ,维信诺科技股份有限公司,81.82,False
520,3,600571.SH,信雅达科技股份有限公司,81.82,False
521,1,689009.SH,九号有限公司,72.0,False
521,2,688373.SH,上海盟科药业股份有限公司,66.67,False
521,3,688728.SH,格科微有限公司,65.45,False
522,1,688468.SH,科美诊断技术股份有限公司,100.0,True
522,2,600152.SH,维科技术股份有限公司,81.82,False
522,3,603786.SH,科博达技术股份有限公司,78.26,False
523,1,301511.SZ,九江德福科技股份有限公司,100.0,True
523,2,301190.SZ,九江善水科技股份有限公司,83.33,False
523,3,000570.SZ,常柴股份有限公司,77.14,False
524,1,301502.SZ,江苏华阳智能装备股份有限公司,100.0,True
524,2,603273.SH,江苏天元智能装备股份有限公司,85.71,False
524,3,920007.BJ,江苏酉立智能装备股份有限公司,85.71,False
525,1,601336.SH,新华人寿保险股份有限公司,75.0,False
525,2,601628.SH,中国人寿保险股份有限公司,75.0,False
525,3,601318.SH,中国平安保险(集团)股份有限公司,72.0,True
526,1,601628.SH,中国人寿保险股份有限公司,77.42,False
526,2,601336.SH,新华人寿保险股份有限公司,75.0,False
526,3,601318.SH,中国平安保险(集团)股份有限公司,68.57,True
527,1,601336.SH,新华人寿保险股份有限公司,75.0,False
527,2,601628.SH,中国人寿保险股份有限公司,75.0,False
527,3,601318.SH,中国平安保险(集团)股份有限公司,72.0,True
528,1,688063.SH,上海派能能源科技股份有限公司,100.0,True
528,2,301046.SZ,上海能辉科技股份有限公司,84.62,False
528,3,001266.SZ,上海宏英智能科技股份有限公司,78.57,False
529,1,688041.SH,海光信息技术股份有限公司,100.0,True
529,2,300170.SZ,上海汉得信息技术股份有限公司,84.62,False
529,3,300380.SZ,上海安硕信息技术股份有限公司,84.62,False
530,1,689009.SH,九号有限公司,72.0,False
530,2,688728.SH,格科微有限公司,65.45,False
530,3,301369.SZ,佛山市联动科技股份有限公司,61.54,False
531,1,300132.SZ,福建青松股份有限公司,80.0,False
531,2,600483.SH,福建福能股份有限公司,80.0,False
531,3,600802.SH,福建水泥股份有限公司,80.0,False
532,1,920985.BJ,唐山海泰新能科技股份有限公司,100.0,True
532,2,300072.SZ,北京海新能源科技股份有限公司,78.57,False
532,3,688677.SH,青岛海泰新光科技股份有限公司,78.57,False
533,1,301229.SZ,江苏纽泰格科技集团股份有限公司,92.86,True
533,2,002150.SZ,江苏正泰电源科技股份有限公司,81.48,False
533,3,920106.BJ,江苏林泰新材科技股份有限公司,81.48,False
534,1,300856.SZ,南京科思化学股份有限公司,100.0,True
534,2,600064.SH,南京高科股份有限公司,81.82,False
534,3,600889.SH,南京化纤股份有限公司,81.82,False
535,1,300856.SZ,南京科思化学股份有限公司,100.0,True
535,2,600064.SH,南京高科股份有限公司,81.82,False
535,3,600889.SH,南京化纤股份有限公司,81.82,False
536,1,601318.SH,中国平安保险(集团)股份有限公司,68.57,True
536,2,000570.SZ,常柴股份有限公司,67.5,False
536,3,000709.SZ,河钢股份有限公司,67.5,False
538,1,601096.SH,宏盛华源铁塔集团股份有限公司,100.0,True
538,2,000570.SZ,常柴股份有限公司,77.14,False
538,3,000709.SZ,河钢股份有限公司,77.14,False
539,1,688248.SH,南方电网电力科技股份有限公司,84.62,False
539,2,300017.SZ,网宿科技股份有限公司,81.82,False
539,3,300480.SZ,光力科技股份有限公司,81.82,False
540,1,601628.SH,中国人寿保险股份有限公司,77.42,False
540,2,601336.SH,新华人寿保险股份有限公司,75.0,False
540,3,601318.SH,中国平安保险(集团)股份有限公司,68.57,True
541,1,601628.SH,中国人寿保险股份有限公司,92.31,False
541,2,601318.SH,中国平安保险(集团)股份有限公司,80.0,True
541,3,601319.SH,中国人民保险集团股份有限公司,78.57,False
542,1,301288.SZ,清研环境科技股份有限公司,100.0,True
542,2,001230.SZ,劲旅环境科技股份有限公司,83.33,False
542,3,300266.SZ,兴源环境科技股份有限公司,83.33,False
543,1,002990.SZ,盛视科技股份有限公司,100.0,True
543,2,600552.SH,凯盛科技股份有限公司,90.0,False
543,3,603610.SH,麒盛科技股份有限公司,90.0,False
544,1,301120.SZ,新华都特种电气股份有限公司,100.0,True
544,2,000570.SZ,常柴股份有限公司,77.14,False
544,3,000709.SZ,河钢股份有限公司,77.14,False
545,1,301120.SZ,新华都特种电气股份有限公司,100.0,True
545,2,000570.SZ,常柴股份有限公司,77.14,False
545,3,000709.SZ,河钢股份有限公司,77.14,False
546,1,689009.SH,九号有限公司,72.0,False
546,2,688728.SH,格科微有限公司,65.45,False
546,3,000002.SZ,万科企业股份有限公司,63.64,True
547,1,300752.SZ,深圳市隆利科技股份有限公司,100.0,True
547,2,001283.SZ,深圳市豪鹏科技股份有限公司,84.62,False
547,3,001308.SZ,深圳市康冠科技股份有限公司,84.62,False
548,1,689009.SH,九号有限公司,72.0,False
548,2,688728.SH,格科微有限公司,65.45,False
548,3,000002.SZ,万科企业股份有限公司,63.64,True
549,1,601869.SH,长飞光纤光缆股份有限公司,100.0,True
549,2,000938.SZ,紫光股份有限公司,78.75,False
549,3,000570.SZ,常柴股份有限公司,77.14,False
551,1,300433.SZ,蓝思科技股份有限公司,100.0,True
551,2,300843.SZ,胜蓝科技股份有限公司,90.0,False
551,3,002765.SZ,蓝黛科技集团股份有限公司,81.82,False
553,1,002981.SZ,广东朝阳电子科技股份有限公司,100.0,True
553,2,300903.SZ,广东科翔电子科技股份有限公司,85.71,False
553,3,603328.SH,广东依顿电子科技股份有限公司,85.71,False
554,1,600036.SH,招商银行股份有限公司,83.33,True
554,2,601916.SH,浙商银行股份有限公司,75.0,False
554,3,601398.SH,中国工商银行股份有限公司,69.23,False
557,1,920533.BJ,苏州骏创汽车科技股份有限公司,100.0,True
557,2,001311.SZ,滁州多利汽车科技股份有限公司,78.57,False
557,3,688001.SH,苏州华兴源创科技股份有限公司,78.57,False
558,1,603028.SH,江苏赛福天集团股份有限公司,84.62,True
558,2,000709.SZ,河钢股份有限公司,78.75,False
558,3,000898.SZ,鞍钢股份有限公司,78.75,False
559,1,000570.SZ,常柴股份有限公司,77.14,False
559,2,000709.SZ,河钢股份有限公司,77.14,False
559,3,000898.SZ,鞍钢股份有限公司,77.14,False
560,1,301027.SZ,华蓝集团股份公司,100.0,True
560,2,601718.SH,际华集团股份有限公司,77.78,False
560,3,000837.SZ,秦川机床工具集团股份公司,77.14,False
561,1,300683.SZ,武汉海特生物制药股份有限公司,82.76,False
561,2,600812.SH,华北制药股份有限公司,80.0,False
561,3,000570.SZ,常柴股份有限公司,77.14,False
562,1,601318.SH,中国平安保险(集团)股份有限公司,68.57,True
562,2,000570.SZ,常柴股份有限公司,67.5,False
562,3,000709.SZ,河钢股份有限公司,67.5,False
563,1,603536.SH,山东惠发食品股份有限公司,100.0,True
563,2,002330.SZ,山东得利斯食品股份有限公司,80.0,False
563,3,000570.SZ,常柴股份有限公司,77.14,False
564,1,601318.SH,中国平安保险(集团)股份有限公司,68.57,True
564,2,000570.SZ,常柴股份有限公司,67.5,False
564,3,000709.SZ,河钢股份有限公司,67.5,False
565,1,688093.SH,苏州世华新材料科技股份有限公司,100.0,True
565,2,605377.SH,杭州华旺新材料科技股份有限公司,86.67,False
565,3,300478.SZ,杭州高新材料科技股份有限公司,82.76,False
566,1,920378.BJ,青岛泰德轴承科技股份有限公司,85.71,False
566,2,000570.SZ,常柴股份有限公司,77.14,False
566,3,000709.SZ,河钢股份有限公司,77.14,False
567,1,603926.SH,铁流股份有限公司,84.0,False
567,2,000570.SZ,常柴股份有限公司,77.14,False
567,3,000709.SZ,河钢股份有限公司,77.14,False
568,1,688448.SH,南京磁谷科技股份有限公司,100.0,True
568,2,300644.SZ,南京聚隆科技股份有限公司,83.33,False
568,3,300725.SZ,南京药石科技股份有限公司,83.33,False
569,1,300723.SZ,一品红药业集团股份有限公司,91.67,True
569,2,002728.SZ,特一药业集团股份有限公司,78.26,False
569,3,300026.SZ,天津红日药业股份有限公司,78.26,False
570,1,689009.SH,九号有限公司,72.0,False
570,2,688728.SH,格科微有限公司,65.45,False
570,3,603506.SH,南都物业服务集团股份有限公司,64.29,False
571,1,300902.SZ,国安达股份有限公司,100.0,True
571,2,000553.SZ,安道麦股份有限公司,77.78,False
571,3,002403.SZ,爱仕达股份有限公司,77.78,False
572,1,002194.SZ,武汉凡谷电子技术股份有限公司,85.71,False
572,2,300567.SZ,武汉精测电子集团股份有限公司,85.71,True
572,3,000570.SZ,常柴股份有限公司,77.14,False
573,1,689009.SH,九号有限公司,72.0,False
573,2,688728.SH,格科微有限公司,65.45,False
573,3,000002.SZ,万科企业股份有限公司,60.87,True
574,1,920230.BJ,成都欧康医药股份有限公司,100.0,True
574,2,000570.SZ,常柴股份有限公司,77.14,False
574,3,000709.SZ,河钢股份有限公司,77.14,False
575,1,002708.SZ,常州光洋轴承股份有限公司,100.0,True
575,2,920418.BJ,苏州轴承厂股份有限公司,78.26,False
575,3,000570.SZ,常柴股份有限公司,77.14,False
576,1,603317.SH,四川天味食品集团股份有限公司,100.0,True
576,2,000570.SZ,常柴股份有限公司,77.14,False
576,3,000709.SZ,河钢股份有限公司,77.14,False
577,1,688319.SH,成都欧林生物科技股份有限公司,100.0,True
577,2,688117.SH,成都圣诺生物科技股份有限公司,85.71,False
577,3,002166.SZ,桂林莱茵生物科技股份有限公司,78.57,False
578,1,688182.SH,江苏灿勤科技股份有限公司,100.0,True
578,2,002090.SZ,江苏金智科技股份有限公司,83.33,False
578,3,002409.SZ,江苏雅克科技股份有限公司,83.33,False
579,1,601336.SH,新华人寿保险股份有限公司,75.0,False
579,2,601628.SH,中国人寿保险股份有限公司,75.0,False
579,3,601318.SH,中国平安保险(集团)股份有限公司,72.0,True
580,1,605158.SH,浙江华达新型材料股份有限公司,100.0,True
580,2,301469.SZ,浙江恒达新材料股份有限公司,88.89,False
580,3,603186.SH,浙江华正新材料股份有限公司,88.89,False
581,1,688733.SH,安徽壹石通材料科技股份有限公司,100.0,True
581,2,300218.SZ,安徽安利材料科技股份有限公司,82.76,False
581,3,002331.SZ,安徽皖通科技股份有限公司,81.48,False
582,1,002748.SZ,江西世龙实业股份有限公司,100.0,True
582,2,600362.SH,江西铜业股份有限公司,81.82,False
582,3,000570.SZ,常柴股份有限公司,77.14,False
583,1,601318.SH,中国平安保险(集团)股份有限公司,68.57,True
583,2,000570.SZ,常柴股份有限公司,67.5,False
583,3,000709.SZ,河钢股份有限公司,67.5,False
584,1,603258.SH,杭州电魂网络科技股份有限公司,100.0,True
584,2,300113.SZ,杭州顺网科技股份有限公司,84.62,False
584,3,300792.SZ,杭州壹网壹创科技股份有限公司,78.57,False
585,1,002735.SZ,深圳王子新材料股份有限公司,100.0,True
585,2,002886.SZ,深圳市沃特新材料股份有限公司,81.48,False
585,3,300811.SZ,深圳市铂科新材料股份有限公司,81.48,False
586,1,300386.SZ,飞天诚信科技股份有限公司,100.0,True
586,2,300259.SZ,新天科技股份有限公司,81.82,False
586,3,300358.SZ,楚天科技股份有限公司,81.82,False
587,1,300365.SZ,北京恒华伟业科技股份有限公司,100.0,True
587,2,300684.SZ,北京中石伟业科技股份有限公司,85.71,False
587,3,301302.SZ,北京华如科技股份有限公司,84.62,False
588,1,603619.SH,中曼石油天然气集团股份有限公司,100.0,True
588,2,601857.SH,中国石油天然气股份有限公司,85.71,False
588,3,000016.SZ,康佳集团股份有限公司,80.0,False
589,1,000004.SZ,深圳国华网安科技股份有限公司,60.0,False
589,2,000006.SZ,深圳市振业(集团)股份有限公司,60.0,False
589,3,000007.SZ,深圳市全新好股份有限公司,60.0,False
590,1,601318.SH,中国平安保险(集团)股份有限公司,68.57,True
590,2,000570.SZ,常柴股份有限公司,67.5,False
590,3,000709.SZ,河钢股份有限公司,67.5,False
591,1,000570.SZ,常柴股份有限公司,67.5,False
591,2,000709.SZ,河钢股份有限公司,67.5,False
591,3,000898.SZ,鞍钢股份有限公司,67.5,False
592,1,000409.SZ,云鼎科技股份有限公司,80.0,False
592,2,000551.SZ,创元科技股份有限公司,80.0,False
592,3,000676.SZ,智度科技股份有限公司,80.0,False
593,1,603920.SH,广东世运电路科技股份有限公司,100.0,True
593,2,002446.SZ,广东盛路通信科技股份有限公司,78.57,False
593,3,002888.SZ,广东惠威电声科技股份有限公司,78.57,False
594,1,688005.SH,宁波容百新能源科技股份有限公司,86.67,False
594,2,000909.SZ,数源科技股份有限公司,85.26,False
594,3,603628.SH,清源科技股份有限公司,85.26,False
595,1,688323.SH,深圳瑞华泰薄膜科技股份有限公司,100.0,True
595,2,000409.SZ,云鼎科技股份有限公司,80.0,False
595,3,000551.SZ,创元科技股份有限公司,80.0,False
596,1,601336.SH,新华人寿保险股份有限公司,75.0,False
596,2,601628.SH,中国人寿保险股份有限公司,75.0,False
596,3,601318.SH,中国平安保险(集团)股份有限公司,72.0,True
597,1,601336.SH,新华人寿保险股份有限公司,75.0,False
597,2,601628.SH,中国人寿保险股份有限公司,75.0,False
597,3,601318.SH,中国平安保险(集团)股份有限公司,72.0,True
598,1,300640.SZ,德艺文化创意集团股份有限公司,100.0,True
598,2,000570.SZ,常柴股份有限公司,77.14,False
598,3,000709.SZ,河钢股份有限公司,77.14,False
599,1,301052.SZ,果麦文化传媒股份有限公司,100.0,True
599,2,002343.SZ,慈文传媒股份有限公司,81.82,False
599,3,000570.SZ,常柴股份有限公司,77.14,False
600,1,300862.SZ,安徽蓝盾光电子股份有限公司,100.0,True
600,2,600237.SH,安徽铜峰电子股份有限公司,80.0,False
600,3,600703.SH,三安光电股份有限公司,78.26,False
601,1,601818.SH,中国光大银行股份有限公司,100.0,True
601,2,601988.SH,中国银行股份有限公司,90.91,False
601,3,600016.SH,中国民生银行股份有限公司,83.33,False
602,1,688516.SH,无锡奥特维科技股份有限公司,100.0,True
602,2,300031.SZ,无锡宝通科技股份有限公司,80.0,False
602,3,300279.SZ,无锡和晶科技股份有限公司,80.0,False
603,1,603586.SH,山东金麒麟股份有限公司,100.0,True
603,2,000655.SZ,山东金岭矿业股份有限公司,78.26,False
603,3,600547.SH,山东黄金矿业股份有限公司,78.26,False
604,1,601318.SH,中国平安保险(集团)股份有限公司,68.57,True
604,2,000570.SZ,常柴股份有限公司,67.5,False
604,3,000709.SZ,河钢股份有限公司,67.5,False
605,1,300607.SZ,广东拓斯达科技股份有限公司,100.0,True
605,2,002410.SZ,广联达科技股份有限公司,83.33,False
605,3,688522.SH,广东纳睿雷达科技股份有限公司,81.48,False
606,1,600690.SH,海尔智家股份有限公司,100.0,True
606,2,002241.SZ,歌尔股份有限公司,77.78,False
606,3,600099.SH,林海股份有限公司,77.78,False
608,1,920982.BJ,山西锦波生物医药股份有限公司,100.0,True
608,2,002581.SZ,山东未名生物医药股份有限公司,78.57,False
608,3,000570.SZ,常柴股份有限公司,77.14,False
609,1,688661.SH,苏州和林微纳科技股份有限公司,100.0,True
609,2,688690.SH,苏州纳微科技股份有限公司,84.62,False
609,3,688147.SH,江苏微导纳米科技股份有限公司,78.57,False
610,1,301017.SZ,漱玉平民大药房连锁股份有限公司,100.0,True
610,2,603939.SH,益丰大药房连锁股份有限公司,78.57,False
610,3,000570.SZ,常柴股份有限公司,77.14,False
611,1,002977.SZ,成都天箭科技股份有限公司,100.0,True
611,2,300019.SZ,成都硅宝科技股份有限公司,83.33,False
611,3,300101.SZ,成都振芯科技股份有限公司,83.33,False
612,1,301300.SZ,福建远翔新材料股份有限公司,100.0,True
612,2,300706.SZ,福建阿石创新材料股份有限公司,81.48,False
612,3,300946.SZ,福建恒而达新材料股份有限公司,81.48,False
