canonical_id,v1_score,v1_evidence,v1_reason,v2_score,v2_evidence,v2_reason,score_changed,crossed_main_threshold
1,0,,岗位职责和描述均未提及AI或数字技术，仅涉及传统银行渠道维护和销售。,0,,岗位职责为银行渠道维护、培训、市场活动和销售支持，未明示要求任何数字工具、信息系统、编程或AI技术。因此为0分，不是1分（无数字工具使用要求）。,False,False
2,0,,岗位为材料工程研发，未涉及AI或数字技术。,0,,岗位描述涉及材料工程的技术开发与项目管理，但未明示要求使用数字工具、软件、编程或AI技术。因此为0分，不是1分（无数字工具要求）。,False,False
3,0,,岗位为水电工程师，仅涉及传统电气操作，无数字技术内容。,0,,岗位职责为发电机组安装、故障诊断排除及水电维修，未明示要求使用数字工具、信息系统或编程。因此为0分，不是1分（无数字工具要求）。,False,False
4,0,,岗位为金融销售培训讲师，职责和描述均未提及AI或数字技术。,0,,岗位职责为金融销售培训、课程安排和产品销售培训，未明示要求使用数字工具、信息系统或编程。因此为0分，不是1分（无数字工具要求）。,False,False
5,2,"FPGA逻辑开发|控制软件无线电(SDR)芯片|算法研发|Verilog/VHDL|Quartus II,Modelism等软件",岗位核心为FPGA开发和算法研发，涉及软件和嵌入式技术，但未明确提及AI或高级算法。,2,FPGA逻辑开发|软硬件联调|FPGA逻辑架构的设计|Verilog/VHDL|FPGA时序优化、资源优化,岗位核心职责是FPGA逻辑开发与设计，属于核心数字技术（嵌入式/芯片逻辑），但未涉及AI/ML。因此为2分，不是1分（非辅助工具）或3分（无AI/ML）。,False,False
6,2,导航软件的维护及升级|卫星导航及惯性导航类应用软件的开发|VC开发环境|MFC|Windows API,岗位核心为软件开发，涉及导航软件和编程，但未提及AI或高级算法。,2,导航软件的维护及升级|卫星导航及惯性导航类应用软件的开发|VC开发环境|MFC进行开发|Windows API接口函数,岗位核心职责是软件开发，属于核心数字技术。因此为2分，不是1分（非辅助工具）或3分（无AI/ML）。,False,False
7,0,,岗位为物业管理，职责和描述均未涉及AI或数字技术。,0,,岗位职责为物业管理、费用收缴、团队管理等，未明示要求使用数字工具、信息系统或编程。因此为0分，不是1分（无数字工具要求）。,False,False
8,3,量化评估|设计量化/估值模型|在险值计算模型|MATLAB或其他数学和统计软件|期权、期货、结构性产品的定价、风险度量模型,岗位明确涉及量化模型设计和评估，使用数学和统计软件，属于高级算法和模型研发。,2,量化评估|设计量化/估值模型|在险值计算模型|回测方法|MATLAB或其他数学和统计软件,岗位核心职责是金融量化模型开发，属于高级数字模型，但未明确涉及AI/ML。因此为2分，不是1分（非辅助工具）或3分（无AI/ML研发）。,True,False
9,1,销售订单ERP录入,岗位涉及使用ERP系统进行订单录入，属于数字工具辅助工作，但核心是销售助理的协调与沟通。,1,销售订单ERP录入|熟练使用office办公软件,岗位核心是销售助理的订单、物流、库存、应收应付等业务操作，ERP和Office是辅助工具。移除这些工具后，销售助理的核心职责仍成立，因此为1分。不是0分，因为明确要求使用ERP和Office；不是2分，因为不涉及系统开发或核心数字技术产出。,False,False
10,1,日常质量数据收集及分析,岗位包含数据收集与分析，但仅为辅助质量管理工作，核心是质量体系维护与问题整改。,1,日常质量数据收集及分析,岗位核心是质量工程师的质量体系维护、NCR调查、技术交底等，数据收集分析是辅助手段。移除数据分析后，质量工程师的主要职责仍成立，因此为1分。不是0分，因为明确涉及数据收集分析；不是2分，因为数据分析不是核心产出，而是辅助质量工作。,False,False
11,1,熟练使用CAD及常用办公软件,岗位要求使用CAD和办公软件，但它们是辅助现场代表工作的工具，核心是专业技术与现场管理。,1,熟练使用CAD及常用办公软件,岗位是现场代表，核心职责是工程现场管理，CAD和办公软件是辅助工具。移除这些工具后，现场管理职责仍成立，因此为1分。不是0分，因为明确要求使用CAD和办公软件；不是2分，因为不涉及软件开发或核心数字技术。,False,False
12,1,基础数据分析能力,岗位要求基础数据分析能力，但主要用于运营支持和费用结算等辅助工作，非核心。,1,基础数据分析能力,岗位是营销支持专员，核心是运营服务、费用结算、协议管理等，基础数据分析是辅助技能。移除数据分析后，营销支持的核心职责仍成立，因此为1分。不是0分，因为明确要求数据分析能力；不是2分，因为数据分析不是核心产出，而是辅助运营。,False,False
13,0,,岗位描述为融资会计，涉及银行信贷和资金调配，未提及任何数字技术或AI相关内容。,0,,岗位是融资会计，描述中仅涉及财务基础知识、银行信贷业务和资金调配，未明示要求任何数字工具、信息系统或数据分析。因此为0分。不是1分，因为没有提及Office、ERP或任何数字工具的使用。,False,False
14,0,,行政内勤岗位，要求文案功底和办公软件使用，但办公软件是通用工具，无实质数字技术内容。,1,熟练使用各类办公软件,岗位是行政内勤，核心是行政管理、接待、文件起草和会务，办公软件是辅助工具。移除办公软件后，行政内勤的核心职责仍成立，因此为1分。不是0分，因为明确要求使用办公软件；不是2分，因为不涉及软件开发或核心数字技术。,True,False
15,0,,保单售后整理岗位，描述简单，未涉及任何数字技术或AI相关内容。,0,,岗位是保单售后整理，描述仅涉及客户支持和解决方案提供，未明示要求任何数字工具或技术。因此为0分。不是1分，因为没有提及Office、系统或数据分析等任何数字工具。,False,False
16,0,,客服理赔现场作业岗，要求农学背景和理赔流程处理，未提及数字技术或AI。,0,,岗位是客服理赔部现场作业岗，职责是理赔指引、咨询、流程执行和现场调查，未明示要求任何数字工具或技术。因此为0分。不是1分，因为没有提及Office、系统或数据分析等任何数字工具。,False,False
17,0,,岗位为质量检验员，职责涉及质量检验、记录整理和信息传递，无AI或数字技术内容。,0,,岗位职责为质量检验、记录整理、信息传递等，未明示要求使用数字工具、信息系统或编程。因此为0分，不是1分（无任何数字工具要求）。,False,False
18,0,,岗位为招聘经理，职责包括招聘、渠道管理和校园招聘，未涉及AI或数字技术。,0,,岗位职责为招聘执行、渠道管理、校园招聘等，未明示要求使用数字工具或系统。因此为0分，不是1分（无数字工具要求）。,False,False
20,0,,岗位为摩油销售，职责为渠道开发和市场信息收集，无AI或数字技术内容。,0,,岗位职责为渠道销售、市场信息收集等，未明示要求使用数字工具或系统。因此为0分，不是1分（无数字工具要求）。,False,False
21,1,"半导体晶圆生产工作|光刻,薄膜,刻蚀,湿法|电子类专业",岗位涉及半导体制造，使用数字工具和信息系统辅助生产，但核心是操作和维护，非AI或高级算法。,0,,岗位职责为半导体晶圆生产操作，未明示要求使用数字工具、编程或数据分析。因此为0分，不是1分（无数字工具要求）。,True,False
22,1,熟练使用财务软件,岗位为财务会计，要求熟练使用财务软件，数字工具为辅助工作。,1,熟练使用财务软件,岗位核心是财务会计，使用财务软件是辅助工具，非核心产出。因此为1分，不是0分（明确要求使用财务软件），也不是2分（非软件开发或核心数字技术）。,False,False
23,3,算法工程师|控制算法设计|算法实现|C/C++/Python编程|运动控制系统,岗位明确为算法工程师，涉及控制算法设计、实现和测试，使用C/C++/Python编程，属于高级算法研发。,2,控制算法设计|算法实现|C/C++/Python编程|运动控制系统及控制算法设计,岗位核心是控制算法设计与实现，属于非AI专业算法，是核心数字技术。因此为2分，不是1分（算法是核心产出而非辅助工具），也不是3分（未涉及AI/ML）。,True,False
24,0,,岗位为功能食品销售，职责为市场销售和客户维护，无AI或数字技术内容。,0,,岗位职责为功能食品销售，未明示要求使用数字工具或系统。因此为0分，不是1分（无数字工具要求）。,False,False
25,1,电脑办公软件|自动化工艺,岗位主要职责为工艺工程，使用电脑办公软件和推动自动化工艺仅为辅助性工具，非核心技术工作,1,熟练运用电脑办公软件,岗位核心是工艺工程，使用办公软件是辅助工具，非核心产出。因此为1分，不是0分（明确要求使用办公软件），也不是2分（非软件开发或核心数字技术）。,False,False
26,1,"熟悉电脑操作,MicrosoftOffice办公软件和ERP软件",岗位要求熟悉办公软件和ERP软件，但仅为辅助工具，核心工作是订单审核和工艺卡制作。,1,"熟悉电脑操作,MicrosoftOffice办公软件和ERP软件",岗位核心是订单审核、工艺卡制作等审单工作，电脑和ERP只是辅助工具，移除后审单仍可进行，因此为1分；未涉及软件开发或AI研发，故不是2或3分。,False,False
27,0,,岗位职责为安全管理、消防、环保等，未涉及AI或数字技术内容。,0,,岗位职责为安全管理、消防、应急等，未明示要求任何数字工具、编程或AI技术，因此为0分；不是1分，因为无任何数字工具使用要求。,False,False
29,0,,描述仅提及制造业相关岗位，无任何数字技术内容。,0,,仅提及制造业相关岗位经验，未明示任何数字工具或技术，因此为0分；不是1分，因为无任何数字工具使用要求。,False,False
30,1,熟练使用CAD、天正等软件,岗位要求使用CAD等设计软件，但核心是室内设计，软件仅为辅助工具。,1,熟练使用CAD、天正等软件,岗位核心是室内设计，CAD等软件是辅助设计工具，移除后设计工作仍可进行，因此为1分；未涉及软件开发或AI，故不是2或3分。,False,False
31,1,熟悉ERP/MES,岗位要求熟悉ERP/MES系统，但主要用于生产计划和供应链管理，属于辅助工具。,1,熟悉ERP/MES|具备ERP项目推动经验,岗位核心是生产运营管理，ERP/MES是辅助管理工具，移除后管理职责仍成立，因此为1分；未涉及系统开发或AI，故不是2或3分。,False,False
32,1,熟练使用PR、AE、PS等剪辑软件,岗位要求使用视频剪辑软件，但核心是摄像和剪辑，软件为工具。,1,熟练使用PR、AE、PS等剪辑软件,岗位核心是摄像剪辑，PR/AE/PS是辅助创作工具，移除后剪辑工作仍可进行，因此为1分；未涉及软件开发或AI，故不是2或3分。,False,False
33,0,,岗位为证券事务专员，涉及法律法规，无AI或数字技术内容。,0,,岗位职责为证券事务、法律合规，未明示要求任何数字工具或技术，因此为0分；不是1分，因为无任何数字工具使用要求。,False,False
34,0,,岗位为车间管理，职责为生产管理、质量控制等，无数字技术内容。,0,,岗位职责为车间生产管理，未明示要求任何数字工具或技术，因此为0分；不是1分，因为无任何数字工具使用要求。,False,False
35,0,,岗位职责和描述均围绕市场拓展、客户关系维护等传统业务，未涉及AI或数字技术。,0,,岗位职责为市场拓展、客户关系维护和品牌推广，未明示要求任何数字工具、信息系统、编程或AI技术。移除数字技术后核心产出仍成立，因此为0分，不是1分（无工具使用要求）。,False,False
36,1,对案件损失进行系统预估录入,岗位涉及使用系统进行数据录入，但仅为辅助工作，核心是现场查勘和理赔指导。,1,对案件损失进行系统预估录入,岗位核心是车物查勘定损，系统录入是辅助性数字工具使用，移除后查勘定损仍成立，因此为1分。不是0分（明确提及系统录入），也不是2分（系统录入非核心产出）。,False,False
37,0,,药品QA岗位职责为取样、环境监测、现场监督等，未提及数字技术或AI。,0,,岗位职责为药品质量保证，包括取样、环境监测、现场监督等，未明示要求任何数字工具或技术。移除数字技术后核心产出仍成立，因此为0分，不是1分（无工具使用要求）。,False,False
38,0,,岗位描述为设备维修管理，未涉及任何AI或数字技术内容,0,,岗位职责为设备维修管理，未明示要求使用数字工具、信息系统或编程。移除数字技术后核心产出仍成立，因此为0分，不是1分（无工具使用要求）。,False,False
39,0,,生产运营总监职责为生产调度、进度控制等，未涉及数字技术或AI。,0,,岗位职责为生产任务安排、进度控制和人员管理，未明示要求任何数字工具或技术。移除数字技术后核心产出仍成立，因此为0分，不是1分（无工具使用要求）。,False,False
40,1,对校招相关数据进行检测、整理、分析,涉及校招数据的检测、整理和分析，但仅为辅助招聘工作。,1,对校招相关数据进行检测、整理、分析,岗位核心是校园招聘，数据分析是辅助性数字工具使用，移除后招聘工作仍成立，因此为1分。不是0分（明确提及数据分析），也不是2分（数据分析非核心产出）。,False,False
41,1,图纸评审|产品工艺方案|现场工艺指导,技术员岗位涉及图纸评审和工艺方案，可能使用CAD等数字工具，但核心是机械加工技术。,0,,岗位职责为机械加工技术指导，未明示要求任何数字工具或技术。移除数字技术后核心产出仍成立，因此为0分，不是1分（无工具使用要求）。,True,False
42,0,,内审主管职责为审计、收集证据、出具报告，未涉及数字技术或AI。,0,,岗位职责为内部审计，未明示要求任何数字工具或技术。移除数字技术后核心产出仍成立，因此为0分，不是1分（无工具使用要求）。,False,False
43,0,,与42相同，内审主管职责未涉及数字技术或AI。,0,,岗位核心是审计，描述中未提及任何数字工具、信息系统或技术使用要求，因此为0分。不是1分，因为无任何数字工具要求。,False,False
44,0,,综合金融客户经理职责为销售金融产品，未涉及数字技术或AI。,0,,岗位是金融产品销售，描述中未明示要求使用数字工具或技术，仅列出金融产品和服务，因此为0分。不是1分，因为无任何数字工具要求。,False,False
45,1,负责总部电脑以及无分公司地区电脑验收、升级、维修管理|负责办公用品以及公司促销品、携税宝出库入库管理,涉及电脑验收、升级和库存管理，可能使用信息系统，但仅为辅助行政工作。,0,,岗位是资产管理，描述中仅提及行政工作经验和电脑验收，但未明确要求使用数字工具或系统，因此为0分。不是1分，因为无明确数字工具要求。,True,False
46,1,会使用UG、CAD、办公软件等,岗位要求使用UG、CAD等设计软件，但核心是项目助理工作，软件为辅助工具。,1,会使用UG、CAD、办公软件等,岗位核心是项目助理，使用UG、CAD和办公软件是辅助工具，移除后项目助理工作仍可进行，因此为1分。不是2分，因为软件使用不是核心产出。,False,False
47,2,负责大容量、高并发的应用产品或技术产品的架构设计、研发工作|精通Java EE相关技术、Spring、struts、iBatis等开源技术和框架|熟悉云计算分布式相关技术,系统架构师岗位核心是软件架构设计、研发，涉及高并发、分布式等技术，属于软件和信息化核心。,2,负责组织关键技术研究和攻关工作|负责大容量、高并发的应用产品或技术产品的架构设计、研发工作|精通Java EE相关技术、Spring、struts、iBatis等开源技术和框架,岗位核心是软件系统架构设计与研发，属于核心数字技术，因此为2分。不是3分，因为未明确涉及AI/ML。,False,False
48,1,负责公司旗下电商平台的在线客服|负责客户信息资料管理与整合,电商客服使用在线平台和客户信息管理，但仅为辅助沟通和数据管理。,0,,岗位是电商客服，描述中未提及任何数字工具或技术使用要求，因此为0分。不是1分，因为无任何数字工具要求。,True,False
49,1,能够掌握并熟练操作基本的办公软件,生产经理要求熟练操作办公软件，但核心是生产管理，软件仅为辅助。,1,能够掌握并熟练操作基本的办公软件,岗位核心是生产管理，办公软件是辅助工具，移除后生产管理职责仍成立，因此为1分。不是2分，因为软件使用不是核心产出。,False,False
51,1,熟练掌握CAD/MATLAB等设计软件,水冷板研发工程师要求使用CAD/MATLAB等设计软件，但核心是产品研发和工艺优化，软件为辅助工具。,1,熟练掌握CAD/MATLAB等设计软件,岗位核心是水冷板研发，CAD/MATLAB是辅助设计工具，移除后研发工作仍可进行，因此为1分。不是2分，因为软件使用不是核心产出，且未涉及AI/ML。,False,False
52,2,三维配管软件如PDMS|应力计算软件|数据处理和办公软件,岗位核心职责包括使用专业三维配管软件和应力计算软件，软件和数据处理是核心技能。,1,熟练掌握该岗位相关的数据处理和办公软件|熟悉化工行业主流的三维配管软件如PDMS等的使用,岗位核心是配管设计，使用PDMS等软件是辅助设计工具，移除软件后设计产出仍存在，因此为1分；不是0分因为明确要求使用专业软件，不是2分因为软件使用是辅助而非核心开发。,True,True
54,0,,行政主管岗位描述未提及任何AI或数字技术内容，仅涉及行政事务。,0,,岗位职责为行政事务，未明示要求任何数字工具或技术，因此为0分；不是1分因为无任何软件或系统使用要求。,False,False
55,0,,董事长秘书岗位描述未提及任何AI或数字技术内容。,0,,岗位描述仅要求学历、经验、开车等，未提及任何数字工具或技术，因此为0分；不是1分因为无相关要求。,False,False
56,1,经营数据分析治理|系统性BI报表设计|管理数据支持模式,岗位涉及数据分析和BI报表设计，但仅为辅助销售管理，非核心研发。,2,部门经营数据分析治理|系统性BI报表设计|健全管理数据支持模式,岗位明确将数据分析治理和BI报表设计列为核心职责，属于数据系统建设，技术为核心产出，故评为2分；不是1分因为数据治理是核心而非辅助，不是3分因为未涉及AI/ML。,True,True
57,0,,水处理项目方案技术员岗位描述未提及任何AI或数字技术内容，主要是订单处理和沟通。,0,,岗位职责为订单制作、资料收发、生产安排等，未明示要求数字工具或技术，因此为0分；不是1分因为无软件或系统使用要求。,False,False
58,1,熟练使用办公软件,办公软件仅作为行政辅助工具，非核心工作内容,1,熟练使用办公软件,岗位核心是房地产开发管理，办公软件是辅助工具，移除后管理职责仍成立，因此为1分；不是0分因为明确要求使用办公软件，不是2分因为软件使用是辅助而非核心开发。,False,False
59,0,,企业文化专员岗位描述未提及任何AI或数字技术内容。,0,,岗位职责为企业文化建设、宣传、稿件撰写等，未明示要求数字工具或技术，因此为0分；不是1分因为无软件或系统使用要求。,False,False
60,0,,保险业务督导员岗位描述未提及任何AI或数字技术内容，主要是保单整理和客户服务。,1,对VIP会员客户保单整理|对VIP会员客户资料变更录入,岗位核心是保险业务服务，录入和整理保单涉及使用信息系统，但属于辅助性操作，移除后服务职责仍成立，因此为1分；不是0分因为明确涉及系统录入，不是2分因为系统使用是辅助而非核心开发。,True,False
61,0,,综合金融客户经理岗位描述未提及任何AI或数字技术内容，主要是销售和客户开发。,0,,岗位是金融销售，职责为沟通、客户开发、销售，未明示要求任何数字工具、信息系统、编程或AI技术。因此为0分，不是1分（无辅助数字工具要求）。,False,False
62,0,,项目经理岗位描述未提及任何AI或数字技术内容，主要是施工管理。,0,,岗位是施工项目经理，职责为施工计划、质量安全、现场协调，未明示要求数字工具或技术。因此为0分，不是1分（无辅助数字工具要求）。,False,False
63,0,,制剂研发岗位描述未提及任何AI或数字技术内容，主要是药学实验和设备操作。,0,,岗位是制剂研发，职责为制剂研发流程及设备操作，未明示要求数字工具、编程或AI。因此为0分，不是1分（无辅助数字工具要求）。,False,False
64,1,熟练掌握办公软件的运用,岗位要求熟练掌握办公软件，但仅为辅助人事工作，非核心。,1,熟练掌握办公软件的运用,岗位是人事行政，核心为人事档案、薪资核算等，要求熟练使用办公软件作为辅助工具。因此为1分，不是0分（明确要求办公软件），也不是2分（软件非核心产出）。,False,False
65,1,熟悉办公软件操作,办公软件用于辅助查勘定损文档处理，非岗位核心,1,熟悉办公软件操作,岗位是车物查勘定损，核心为现场查勘、定损、理赔，要求熟悉办公软件作为辅助。因此为1分，不是0分（明确要求办公软件），也不是2分（软件非核心产出）。,False,False
66,1,熟悉使用日常office办公软件|熟悉2D/3D等相关设计软件,IE工程师使用办公和设计软件辅助生产改善，数据与软件为辅助角色,1,熟悉使用日常office办公软件|熟悉2D/3D等相关设计软件,岗位是IE工程师，核心为精益生产、现场改善，使用办公软件和设计软件作为辅助工具。因此为1分，不是0分（明确要求软件），也不是2分（软件非核心产出，未涉及开发或AI）。,False,False
67,0,,招聘专员岗位描述未提供具体内容，无法判断有数字技术。,0,,岗位是招聘专员，描述仅提及招聘相关工作，未明示任何数字工具或技术要求。因此为0分，不是1分（无辅助数字工具要求）。,False,False
68,0,,医疗器械销售代表岗位描述未提及任何AI或数字技术内容，主要是销售和跟台。,0,,岗位是医疗器械销售代表，职责为产品销售、跟台、客户维护，未明示要求数字工具或技术。因此为0分，不是1分（无辅助数字工具要求）。,False,False
69,0,,岗位为化学工艺实验员，无AI或数字技术内容。,0,,岗位职责为化学工艺实验与生产跟踪，未明示要求任何数字工具、信息系统、编程或数据分析。因此为0分，不是1分（无辅助数字工具要求）。,False,False
70,0,,岗位为销售经理，描述未提及任何数字工具或技术系统,0,,岗位为车险销售经理，职责包括报价咨询、出单、关系维护等，未明示要求使用数字工具或系统。因此为0分，不是1分（无辅助数字工具要求）。,False,False
71,0,,金融顾问岗位，无AI或数字技术内容。,0,,岗位为综合金融与健康服务顾问，职责涉及法律、金融、保险等服务，未明示要求数字工具或技术。因此为0分，不是1分（无辅助数字工具要求）。,False,False
72,1,数据统计|办公软件使用方法,涉及数据统计和办公软件，但仅为辅助工作。,1,掌握办公软件使用方法|具备基本的网络知识,岗位为生产统计，核心职责是报表统计与数据处理，但要求仅为办公软件和基本网络知识，属于辅助工具使用，非核心数字技术产出。因此为1分，不是0分（有明确数字工具要求）或2分（非软件开发或系统建设）。,False,False
73,2,信息安全管理制度体系建设|ISO27001|等级保护|数据安全防护体系|平台建设,岗位核心是信息安全管理体系与数据安全平台建设，属于信息化核心工作。,2,信息安全管理制度体系建设|等级保护测评、信息安全风险评估|数据安全防护体系的规划与建设,岗位核心职责是信息安全体系管理、合规检查与数据安全建设，属于信息系统安全领域的核心数字技术工作，但未涉及AI/ML研发。因此为2分，不是1分（非辅助工具使用）或3分（无AI/ML要求）。,False,False
74,1,人力资源系统|Excel等办公软件,使用人力资源系统和Excel，但仅为辅助性工具。,1,熟练使用Excel等办公软件,岗位为HR运营专员，核心职责是员工入职手续与档案管理，要求熟练使用Excel等办公软件，属于辅助工具使用。因此为1分，不是0分（有明确数字工具要求）或2分（非软件开发或系统建设）。,False,False
75,2,solidworks软件|自动化设备机构设计与制造|非标自动化,岗位核心是使用SolidWorks进行自动化设备设计，涉及软件和自动化技术。,1,应用solidworks软件做自动化设备机构设计与制造,岗位为机械工程师，核心职责是自动化设备机械设计，使用SolidWorks作为专业工具，但机械设计本身是核心产出，软件仅为辅助。因此为1分，不是0分（有明确数字工具要求）或2分（非软件开发或核心数字技术）。,True,True
76,0,,物业市场拓展，无AI或数字技术内容。,0,,岗位为物业市场拓展经理，职责包括项目拓展、商务谈判、方案拟定等，未明示要求任何数字工具或技术。因此为0分，不是1分（无辅助数字工具要求）。,False,False
77,0,,车险查勘定损，无AI或数字技术内容。,0,,岗位职责为查勘定损、理赔服务，未明示要求任何数字工具、信息系统或编程技能，因此为0分；不是1分，因为未提及Office等辅助工具。,False,False
78,0,,综合金融客户经理，无AI或数字技术内容。,0,,岗位为客户经理，职责为老客户维护、保全、理赔等，未明示要求数字工具或技术，因此为0分；不是1分，因为未提及任何数字工具使用。,False,False
79,0,,大客户销售经理，无AI或数字技术内容。,0,,岗位为销售经理，职责为销售、团队管理，未明示要求数字工具或技术，因此为0分；不是1分，因为未提及Office等辅助工具。,False,False
80,0,,医疗器械销售管理，无AI或数字技术内容。,0,,岗位为省区经理，职责为销售计划、团队管理、渠道拓展，未明示要求数字工具或技术，因此为0分；不是1分，因为未提及任何数字工具使用。,False,False
81,0,,物业工程主管，无AI或数字技术内容。,0,,岗位为物业工程主管，职责为机电设备管理、维修保养，未明示要求数字工具或编程，因此为0分；不是1分，因为未提及Office等辅助工具。,False,False
83,0,,采购员，无AI或数字技术内容。,0,,岗位为采购员，仅要求工作经验，未明示任何数字工具或技术，因此为0分；不是1分，因为未提及Office等辅助工具。,False,False
84,2,电商运营|淘宝自然搜索SEO|直通车(CPC)|钻石展位(CPM)|广告投放,岗位核心是天猫电商运营，涉及SEO、广告投放等数字营销技术。,1,"熟悉淘宝自然搜索SEO|熟悉淘宝店铺运营广告投放的形式与方法,对淘宝钻石展位(CPM),直通车(CPC),淘宝各项活动平台,如聚划算,淘金币,相关类目主题活动等熟悉",岗位核心是电商运营，使用淘宝SEO、广告投放等数字工具辅助销售，但移除这些工具后销售主业仍成立，因此为1分；不是2分，因为不涉及软件开发或系统搭建。,True,True
85,1,数字化营销工具|宣传视频|PS,协助制作数字化营销工具，使用PS等，但仅为辅助性工作。,1,"协助管理和制作各种对内对外的数字化营销工具,例如宣传图片,宣传视频及其他数字化工具|擅长摄影,写作,设计,PS等",岗位为品牌管理实习生，使用PS等设计软件制作宣传材料，属于辅助工具，移除后品牌管理主业仍成立，因此为1分；不是2分，因为不涉及软件开发或核心数字技术。,False,False
86,0,,岗位职责涉及环境业务管理、清洁绿化、团队管理，无AI或数字技术内容。,1,熟悉管理工具,岗位核心是环境业务管理（清洁绿化、团队建设），提及“熟悉管理工具”仅为辅助管理手段，移除后管理职责仍成立，故为1分；未涉及软件开发或AI研发，因此不是2或3分。,True,False
87,0,,岗位职责为渠道运营、销售拓展、佣金处理，无AI或数字技术内容。,0,,岗位职责为渠道运营、中介拓展、佣金处理等，未明示要求任何数字工具、信息系统或技术技能，故为0分；不是1分，因无Office、ERP等工具使用要求。,False,False
88,0,,岗位为费控工程师，涉及工程造价、成本分析，无AI或数字技术内容。,1,"参与项目投标工作,主管报价编制工作,并提出成本控制方案和对比分析报告和项目全过程费用控制",岗位核心是工程造价与费用控制，使用招投标软件、成本分析工具等属于辅助数字工具，移除后核心职责仍成立，故为1分；未涉及软件开发或AI研发，因此不是2或3分。,True,False
89,0,,岗位为销售主管，负责市场开发、客户维护，无AI或数字技术内容。,0,,岗位为销售主管，职责为市场开发、客户维护、销售推广，未明示要求任何数字工具或技术技能，故为0分；不是1分，因无Office等工具使用要求。,False,False
90,1,负责京东自营平台售前咨询及接待工作|负责通过咚咚、微信或电话等工具帮客户解决售后问题|负责销售订单的系统录入及对账,使用电商平台和通讯工具进行客服工作，数字工具为辅助。,1,负责销售订单的系统录入及对账,岗位核心是客服与销售支持，系统录入为辅助性数字工具使用，移除后客服职责仍成立，故为1分；未涉及系统开发或AI，因此不是2或3分。,False,False
91,2,负责厂区网络的正常运行|负责办公设备、设施的日常维护及故障处理|负责监控系统、广播系统及ERP系统的后台保障|负责网站、邮箱及公众号等各类平台的维护及更新|定期对相关数据进行备份,网络管理、ERP系统维护、数据备份等是岗位核心职责。,2,负责厂区网络的正常运行|负责办公设备、设施的日常维护及故障处理|负责监控系统、广播系统及ERP系统的后台保障|负责网站、邮箱及公众号等各类平台的维护及更新|定期对相关数据进行备份,岗位核心是网络、系统及IT基础设施的运维保障，属于核心数字技术，故为2分；未涉及AI/ML研发，因此不是3分；不是1分，因运维是核心职责而非辅助工具使用。,False,False
92,0,,岗位为信用卡客户经理，负责产品推广和客户服务，无AI或数字技术内容。,0,,岗位为信用卡客户经理，职责为产品推广与客户服务，未明示要求任何数字工具或技术技能，故为0分；不是1分，因无Office等工具使用要求。,False,False
93,1,销售,要求掌握办公软件，但仅为辅助销售工作。,1,"熟练掌握基本的办公软件操作,如Office等",岗位核心是销售工作，Office等办公软件为辅助工具，移除后销售职责仍成立，故为1分；未涉及软件开发或AI，因此不是2或3分。,False,False
94,0,,岗位为业务类管培生，涉及渠道开发和管理，无AI或数字技术内容。,0,,岗位职责为渠道开发、管理、支持等业务类工作，未明示要求使用任何数字工具、信息系统或技术。因此为0分，不是1分（辅助工具）或2分（核心数字技术）。,False,False
95,0,,岗位为质量总监，负责质量管理、审核、改善，无AI或数字技术内容。,0,,岗位职责为质量文化活动、品质审核、改善小组等质量管理相关工作，未提及任何数字工具或技术。因此为0分，不是1分或2分。,False,False
96,0,,岗位为电话销售专员，通过电话营销金融产品，无AI或数字技术内容。,0,,岗位职责为电话营销办理金融产品，属于销售类工作，未明示要求使用数字工具或技术。因此为0分，不是1分或2分。,False,False
97,0,,岗位为模具计划主管，负责加工计划编排和产能协调，无AI或数字技术内容。,0,,岗位职责为模具零件加工计划编排、设备资源协调等，未提及任何数字工具或技术。因此为0分，不是1分或2分。,False,False
98,0,,岗位为FAE现场应用工程师，推广电源管理芯片，提供技术支持，无AI或数字技术内容。,1,推广电源管理芯片|为客户提供及时的技术支持,岗位涉及推广电源管理芯片并提供技术支持，但核心职责是应用工程师进行技术推广和支持，技术是辅助销售的手段。移除技术后，岗位主要产出（技术推广和支持）仍成立，因此技术是辅助工具，属于1分。不是2分，因为技术不是核心产出（如软件开发或系统设计）。,True,False
99,2,针对Hillstone的安全产品提供售前技术支持服务|深入了解TCP/IP、路由协议、2/3层交换以及IPSec,网络安全产品售前技术支持，涉及网络协议和安全技术，是岗位核心。,1,针对Hillstone的安全产品提供售前技术支持服务|为销售团队提供技术讲解和技术文档|以技术顾问的身份为客户提供技术支持和建议|为Hillstone的合作伙伴提供产品的技术培训,岗位核心是售前技术支持，技术知识用于辅助销售和培训，非数字技术开发或产出；移除技术后讲解、培训职责仍成立，故为1分；不是2分因为未涉及系统开发或核心数字技术产出，不是0分因为明确要求网络安全技术知识。,True,True
100,1,熟悉各类制图及分析软件,涉及质量数据分析和制图软件使用，但仅为辅助质量管理。,1,熟悉各类制图及分析软件,岗位职责包括制定产品质量检验规范、分析质量数据等，要求熟悉制图及分析软件，但软件是作为工程师的工具使用，并非核心产出。移除软件后，岗位主要产出（质量检验和分析）仍成立，因此软件是辅助工具，属于1分。不是2分，因为软件不是核心产出（如软件开发）。,False,False
101,0,,岗位为幼儿教师，负责教育教学活动，无AI或数字技术内容。,0,,岗位职责为组织幼儿教育教学活动、家长沟通等，未提及任何数字工具或技术。因此为0分，不是1分或2分。,False,False
103,0,,岗位为QC检验，无AI或数字技术内容。,0,,岗位职责为质量检验、记录填写、报告开具和仪器管理，未明示要求使用数字工具、编程、数据分析或AI。因此为0分，不是1分（无任何数字工具要求）。,False,False
105,0,,学徒工岗位，无AI或数字技术内容。,0,,岗位为操作工学徒，无任何数字工具或技术相关要求。因此为0分，不是1分（无数字工具使用）。,False,False
106,0,,OTC区域经理，销售岗位，无AI或数字技术内容。,0,,岗位为OTC区域经理，职责为销售计划、药店开发、动销推进，未提及任何数字工具或技术。因此为0分，不是1分（无数字工具要求）。,False,False
107,1,能够熟练使用电脑办公系统,要求熟练使用电脑办公系统，属于数字工具辅助工作。,1,能够熟练使用电脑办公系统,岗位核心是公共卫生管理，要求熟练使用电脑办公系统作为辅助工具。因此为1分，不是0分（明确要求办公系统），也不是2分（办公系统使用非核心产出）。,False,False
108,1,熟悉电脑操作,要求熟悉电脑操作，属于数字工具辅助工作。,1,熟悉电脑操作,岗位核心是车商保险销售与维护，要求熟悉电脑操作作为辅助。因此为1分，不是0分（明确要求电脑操作），也不是2分（电脑操作非核心产出）。,False,False
109,1,通过微信群等做好客户日常经营|网销,涉及微信群经营和网销，属于数字工具辅助工作。,1,通过微信群等做好客户日常经营,岗位核心是客户服务和销售，使用微信群作为社群经营工具。因此为1分，不是0分（明确使用数字工具），也不是2分（社群经营工具辅助销售，非核心产出）。,False,False
110,0,,招聘专员，无AI或数字技术内容。,0,,岗位为招聘专员，职责为招聘执行、渠道开拓、报表更新，未明示要求数字工具或技术。因此为0分，不是1分（无数字工具要求）。,False,False
111,1,AI机,提及AI机（可能指自动插件机），属于自动化设备，但岗位为采购，数字技术仅为辅助。,0,,岗位为设备采购工程师，职责为采购开发、询价比价、成本优化，提及对电子制造设备了解但未要求使用数字工具或技术。因此为0分，不是1分（无数字工具要求）。,True,False
112,0,,EHS管理岗位，无AI或数字技术内容。,0,,岗位职责为EHS统筹管理、法律法规执行、环保改善，未明示要求使用数字工具、编程、数据分析或AI技术，因此为0分。不是1分，因为原文未提及任何数字工具或系统使用。,False,False
113,0,,产品经理岗位，无AI或数字技术内容。,0,,岗位职责为产品规划、市场营销、渠道管理，未明示要求使用数字工具、编程、数据分析或AI技术，因此为0分。不是1分，因为原文未提及任何数字工具或系统使用。,False,False
114,0,,质量工程师，无AI或数字技术内容。,0,,岗位职责为医疗器械质量工程、风险分析、客诉处理，未明示要求使用数字工具、编程、数据分析或AI技术，因此为0分。不是1分，因为原文未提及任何数字工具或系统使用。,False,False
115,1,经营报表过程管理体系,依托信息系统进行报表管理和数据分析，但属于辅助决策支持,0,,岗位职责为财务运营分析、预算管理、经营报告，未明示要求使用数字工具、编程、数据分析或AI技术，因此为0分。不是1分，因为原文未提及任何数字工具或系统使用。,True,False
116,2,维护系统工艺路线CT、Yield、Efficiency|转化成站点MES标签信息|提交、追踪、验收MES,岗位核心工作涉及MES系统维护、工艺数据管理，软件和信息系统是重要组成部分,1,熟练掌握CAD、UG等办公软件,岗位核心是工艺工程，使用CAD/UG作为辅助工具，移除后工艺设计仍可通过其他方式完成，因此为1分。不是0分，因为明确要求使用CAD/UG等数字工具；不是2分，因为工具使用是辅助而非核心产出。,True,True
117,2,编写测试用例|功能兼容性测试|软件产品的打包|工业监控组态软件|主流PLC,岗位核心为软件测试和工业软件应用，属于软件技术核心工作。,2,编写测试用例|功能兼容性测试|软件产品的打包、更新等产品盘管理和维护|工业监控组态软件、主流PLC及工业设备应用|软件测试经验,岗位核心是软件测试和系统维护，涉及测试用例编写、兼容性测试、软件打包等，属于软件开发/测试范畴，因此为2分。不是1分，因为测试和打包是核心职责而非辅助；不是3分，因为未涉及AI/ML。,False,False
118,0,,医学专员，无AI或数字技术内容。,0,,岗位职责为新药临床研究、医学撰写、信息收集，未明示要求使用数字工具、编程、数据分析或AI技术，因此为0分。不是1分，因为原文未提及任何数字工具或系统使用。,False,False
120,0,,业务经理，销售岗位，无AI或数字技术内容。,0,,岗位职责为锂电池相关行业销售，未明示要求使用数字工具、编程、数据分析或AI技术，因此为0分。不是1分，因为原文未提及任何数字工具或系统使用。,False,False
121,1,数控机床|激光切割机|专用机床,岗位涉及数控机床等数字控制设备，但核心是机械维修，数字技术仅为辅助。,1,机械设备的维修、保养|数控机床、激光切割机、专用机床(接管螺母)的维修、深层次维护与保养,岗位核心是设备维修保养，提及数控机床等设备的使用和维护，属于辅助数字工具（1分）。不是0分，因为明确涉及数控设备；不是2分，因为不涉及软件开发或核心数字技术产出。,False,False
122,1,提供销售分析数据,通过数据分析辅助销售管理，数据工具为辅助,1,提供销售分析数据,岗位核心是销售，提及提供销售分析数据，属于使用数字工具辅助销售（1分）。不是0分，因为涉及数据分析；不是2分，因为数据分析是辅助销售，非核心产出。,False,False
123,0,,岗位为人才储备岗，描述中无任何AI或数字技术相关内容。,0,,岗位描述为人才储备岗，职责和任职要求均未提及任何数字工具、信息系统、编程或数据相关技能，仅要求学历、专业、英语等通用条件。因此为0分。,False,False
124,1,自动化类|机械制图等开发软件,岗位涉及自动化设备和软件使用，但核心是设备维护，数字技术为辅助。,1,能熟练运用机械制图等开发软件及办公软件,岗位核心是锂电设备维护维修，要求熟练使用机械制图等软件，属于辅助数字工具（1分）。不是0分，因为明确要求软件技能；不是2分，因为软件使用是辅助设备工作，非核心产出。,False,False
125,0,,岗位为销售经理，描述中无AI或数字技术内容。,0,,岗位核心是食品工业渠道销售，职责和任职要求均未提及任何数字工具、信息系统、编程或数据相关技能，仅涉及市场开拓、客户管理等。因此为0分。,False,False
127,2,服务端基础架构设计|后端架构设计|Java 语言|数据结构和算法|TCP/IP/HTTP 协议,岗位核心是后端开发，涉及软件架构、编程和数据库，属于软件技术核心。,2,服务端基础架构设计、开发和升级维护|后端架构设计、研发和优化|模块设计、编码和测试|熟练使用 Java 语言,岗位核心是服务端软件开发，明确要求架构设计、编码和测试，属于核心数字技术（2分）。不是1分，因为软件开发是核心产出；不是3分，因为未涉及AI/ML。,False,False
128,0,,岗位为市场营销，描述中无AI或数字技术内容。,0,,岗位描述为市场营销，仅要求市场营销专业知识和沟通能力，未提及任何数字工具、信息系统、编程或数据相关技能。因此为0分。,False,False
130,1,熟练掌握办公软件,岗位要求掌握办公软件，但核心是综合服务，数字工具仅为辅助。,1,熟练掌握办公软件|简单软硬件维护或协调,岗位核心是综合服务，包括印章管理、会务、销售激励等，要求熟练掌握办公软件和简单软硬件维护，属于辅助数字工具（1分）。不是0分，因为明确要求办公软件和维护技能；不是2分，因为软硬件维护是辅助性工作，非核心产出。,False,False
131,1,"使用网站搜索,海关数据等方式",岗位涉及使用网站和海关数据，但核心是外贸跟单，数据处理为辅助。,1,"使用网站搜索,海关数据等方式",岗位核心是外贸业务开发与订单跟进，使用网站搜索和海关数据是辅助工具，移除后外贸业务仍成立，因此为1分。不是0分因为明确提到使用数字工具，不是2分因为工具使用是辅助而非核心产出。,False,False
132,0,,岗位为银行厅堂助理，描述中无AI或数字技术内容。,0,,岗位职责为厅堂信用卡业务受理、客户引流和营销转介，未明示要求使用任何数字工具或技术，因此为0分。不是1分因为无任何数字工具要求。,False,False
133,2,Minitable/JMP等数据分析工具|SPC|FMEA|MSA|六西格玛,岗位核心是质量改进，涉及数据分析工具和质量工具，属于数据技术核心。,1,熟练掌握Minitable/JMP等数据分析工具,质量专家核心是质量改进专案管理，数据分析工具是辅助完成质量分析的手段，若移除这些工具，岗位核心产出（建立改善体系、推广方法论等）仍成立，故为1分；不是2分因未涉及软件开发或核心算法模型，不是0分因明确要求数字工具。,True,True
134,0,,岗位为招商经理，描述中无AI或数字技术内容。,0,,岗位职责为区域销售和市场拓展，未明示要求使用任何数字工具或技术，因此为0分。不是1分因为无数字工具要求。,False,False
135,2,GRR\SPC\3A\排列图\鱼骨图\Minitab等工具|数据分析|SPC|Minitab,岗位核心是供应商质量管理，涉及数据分析工具和统计过程控制，属于数据技术核心。,1,熟练运用如GRR\SPC\3A\排列图\鱼骨图\Minitab等工具对数据进行收集和分析,供应商质量工程师核心是供应商质量管理与改善，使用统计工具进行数据分析是辅助问题分析和决策的，若移除这些工具，岗位核心产出仍成立，故为1分；不是2分因未涉及软件开发或高级算法建模，不是0分因明确要求数字工具。,True,True
136,0,,岗位为保单整理专家，描述中无AI或数字技术内容。,0,,岗位职责为保单整理和客户服务，未明示要求使用任何数字工具或技术，因此为0分。不是1分因为无数字工具要求。,False,False
137,3,ISP 相关算法|3A、HDR、插帧、去雾|图像质量评价指标|算法预研、设计、优化|Matlab 、C/C++、python,岗位明确涉及视频ISP算法研发，包括计算机视觉相关算法，属于高级算法研发。,2,负责 ISP 相关算法的研究和落地|掌握Matlab 、C/C++、python等语言编程|数字信号处理基础,岗位核心是ISP算法研发，属于图像处理算法，但未明确涉及AI/ML，因此为2分。不是1分因为算法研发是核心产出，不是3分因为ISP算法通常属于传统图像处理而非AI/ML。,True,False
138,1,分析活动执行效果和数据,岗位涉及活动数据分析，但核心是推广，数据处理为辅助。,0,,岗位职责为推广活动的培训、执行和效果分析，未明示要求使用任何数字工具或技术，因此为0分。不是1分因为无数字工具要求。,True,False
139,3,算法设计|算法开发|机器视觉|图像处理|模式识别,岗位明确涉及算法研发、机器视觉、图像处理等AI相关技术。,3,算法研究员|机器视觉|模式识别|图像处理|视觉相关算法,岗位标题为算法研究员，职责明确涉及机器视觉、模式识别和图像处理算法的设计开发，属于AI/计算机视觉核心研发，因此为3分。不是2分，因为明确涉及AI视觉算法而非一般软件开发或传统图像处理工具使用。,False,False
140,0,,法律审计岗位，无AI或数字技术内容。,0,,岗位为法律审计，描述中仅涉及法律、审计、会计等专业要求，未提及任何数字工具、信息系统或技术职责，因此为0分。不是1分，因为没有要求使用办公软件或业务系统。,False,False
141,2,信息化建设方案|信息系统管理制度|网络系统的安全性|信息化项目|信息技术培训,岗位核心是信息化建设与管理，涉及信息系统和网络技术。,2,信息化建设方案|信息系统管理制度|网络系统的安全性|信息化项目|信息管理与信息系统,岗位核心职责是信息化建设、系统管理和网络安全，属于信息系统核心工作，因此为2分。不是1分，因为不是辅助使用系统而是负责搭建和管理；不是3分，因为没有涉及AI/ML研发。,False,False
142,0,,体系管理经理，负责质量管理体系，无AI或数字技术内容。,0,,岗位为体系管理经理，职责是质量管理体系建立与维护、内部审核等，未提及任何数字工具或技术系统，因此为0分。不是1分，因为没有要求使用办公软件或信息系统。,False,False
143,0,,储备干部，机械类专业，无AI或数字技术内容。,0,,岗位为储备干部，仅要求机械类专业，未提及任何数字技术或工具，因此为0分。不是1分，因为没有要求使用任何软件或系统。,False,False
144,0,,远程一体化服务作业岗，负责车险理赔，无AI或数字技术内容。,0,,岗位为远程一体化服务作业岗，职责是线上查勘、理赔咨询和方案协商，未提及使用数字工具或技术系统，因此为0分。不是1分，因为理赔工作本身未明示要求数字工具。,False,False
145,0,,分析研究员，药学或化学相关，使用常规分析仪器，无AI或数字技术内容。,1,熟练使用各种常规分析仪器,岗位为分析研究员，要求熟练使用常规分析仪器，属于专业工具辅助药物分析工作，核心产出仍是药物分析而非技术开发，因此为1分。不是0分，因为明确要求使用分析仪器；不是2分，因为仪器使用是辅助而非核心数字技术开发。,True,False
146,0,,商务专员/助理，负责采购和供应商管理，无AI或数字技术内容。,1,熟练使用常规的办公软件,岗位为商务专员，要求熟练使用办公软件，属于辅助工具完成商务工作，核心产出仍是商务采购与供应商管理，因此为1分。不是0分，因为明确要求办公软件；不是2分，因为办公软件使用是辅助而非核心数字技术。,True,False
147,0,,农险客户经理，负责农业保险业务，无AI或数字技术内容。,0,,岗位职责为政府关系维护、农业保险承保理赔、农网建设等，未提及任何数字工具、信息系统、编程或数据分析要求。因此为0分，不是1分（无辅助数字工具使用）。,False,False
149,0,,市场/营销专员，负责市场调研和宣传，无AI或数字技术内容。,0,,岗位为市场/营销专员，职责包括市场调研、广告制作、活动策划等，未明示要求使用数字工具或技术。因此为0分，不是1分（无辅助数字工具要求）。,False,False
150,0,,研发助理工程师，高分子材料相关，无AI或数字技术内容。,0,,岗位为研发助理工程师，要求高分子材料专业，但描述中未提及任何数字工具、软件、数据分析或AI技术。因此为0分，不是1分（无辅助数字工具要求）。,False,False
151,0,,销售工程师，负责销售和客户沟通，无AI或数字技术内容。,0,,岗位为销售工程师，职责包括客户对接、报价、商务谈判等，未明示要求使用数字工具或技术。因此为0分，不是1分（无辅助数字工具要求）。,False,False
152,0,,招聘主管，负责招聘工作，无AI或数字技术内容。,0,,岗位为招聘主管，职责包括招聘计划、流程建立、渠道发布等，未提及任何数字工具或技术使用。因此为0分，不是1分（无辅助数字工具要求）。,False,False
153,0,,远程一体化服务作业岗，负责车险理赔，无AI或数字技术内容。,0,,岗位为远程一体化服务作业岗，负责车险查勘、理赔咨询等，未明示要求使用数字工具或技术。因此为0分，不是1分（无辅助数字工具要求）。,False,False
154,0,,资深销售经理，负责销售工作，无AI或数字技术内容。,0,,岗位为资深销售经理，职责包括客户开发、订单跟踪、对账回款等，未提及任何数字工具或技术使用。因此为0分，不是1分（无辅助数字工具要求）。,False,False
155,0,,资深销售经理，负责销售工作，无AI或数字技术内容。,0,,岗位为资深销售经理，职责包括客户开发、订单跟踪、对账回款等，未提及任何数字工具或技术使用。因此为0分，不是1分（无辅助数字工具要求）。,False,False
156,1,具有云计算、互联网相关学历背景|市场调研与分析|分析模型,岗位提及云计算背景和数据分析模型，但核心是市场战略与品牌推广，数字技术仅为辅助。,1,具有云计算、互联网相关学历背景|构建公司品牌推广计划|制定市场规划、市场营销策略、产品拓展等分析模型,岗位核心是市场战略、品牌推广等营销职责，云计算/互联网仅作为学历背景提及，分析模型指市场策略模型而非技术开发，属于辅助数字工具，因此为1分；不是0分因为明确要求数字相关背景，不是2分因为不涉及软件开发或核心数字技术产出。,False,False
157,1,NMR、HPLC、MS|图谱分析,使用分析仪器和数据处理，但核心是化学合成工艺研究，数字技术为辅助。,0,,岗位核心是药物化学合成实验、分离提纯和结构鉴定，使用NMR、HPLC、MS等分析仪器，但未要求任何数字工具、编程或信息系统，因此为0分；不是1分因为没有提及Office、ERP等数字工具使用。,True,False
158,0,,岗位为配送司机，无任何AI或数字技术内容。,0,,岗位是配送司机，职责为货物运输和车辆维护，未提及任何数字工具或信息系统，因此为0分；不是1分因为没有要求使用数字工具。,False,False
159,2,自动化系统的管理操作,岗位核心是管理操作自动化系统，属于自动化技术范畴。,1,负责生产过程中的自动化系统的管理操作,岗位核心是化工生产操作，自动化系统管理是辅助生产过程的工具，不是开发或改造系统，因此为1分；不是0分因为明确要求操作自动化系统，不是2分因为不涉及系统开发或核心数字技术。,True,True
160,1,熟练掌握CAD等绘图软件,使用CAD软件辅助设计，但核心是给排水工程设计，数字工具为辅助。,1,熟练掌握CAD等绘图软件,岗位核心是循环水项目设计，CAD是完成设计任务的辅助工具，不是软件开发，因此为1分；不是0分因为明确要求使用CAD软件，不是2分因为设计本身不是数字技术产出。,False,False
161,1,熟练使用OFFICE软件|采购报表、采购分析,使用办公软件和数据分析，但核心是采购工作，数字技术为辅助。,1,熟练使用OFFICE软件,岗位核心是采购工作，OFFICE软件用于日常办公辅助，不是核心产出，因此为1分；不是0分因为明确要求使用OFFICE，不是2分因为不涉及软件开发或核心数字技术。,False,False
162,1,数据整理|制作财务报表,涉及数据整理和报表制作，但核心是财务工作，数据处理为辅助。,1,根据财务需求制作财务报表|完成办公室部分数据整理,岗位核心是财务审核、费用管理和报表制作，数据整理和财务报表属于普通数据处理，辅助财务主业，因此为1分；不是0分因为涉及数据整理和报表，不是2分因为不涉及软件开发或高级数据分析。,False,False
163,1,气象遥感|数理统计|数据、科技,提及气象遥感、数理统计等，但核心是农险业务推动，数字技术为辅助。,0,,岗位职责与任职要求中未明示任何数字工具、信息系统、编程或数据分析技术，仅提及专业背景，故评为0分；不是1分因为无使用数字工具的证据。,True,False
164,0,,岗位为环境经理，负责保洁绿化管理，无AI或数字技术内容。,0,,岗位职责为环境保洁管理、供应商沟通、品质监督、培训等，未明示要求使用数字工具、信息系统、编程或数据分析。因此为0分，而非1分（无任何数字工具要求）。,False,False
165,1,价格成本分析能力|供应链管理,涉及成本分析和供应链管理，但核心是采购，数字技术为辅助。,0,,岗位职责为供应商开发、供应链管理、采购业务沟通，未明示要求使用数字工具或信息系统。因此为0分，而非1分（无数字工具要求）。,True,False
166,1,数理统计|方案制作,提及数理统计和方案制作，但核心是政农业务客户经理，数字技术为辅助。,1,数理统计或相近专业优先,任职资格中提及数理统计专业优先，暗示可能使用统计工具进行数据分析，但岗位核心是政保业务方案制作、行销支持、项目管理，数据分析仅为辅助。因此为1分，而非0分（有数字工具暗示）或2分（非核心产出）。,False,False
167,2,ERP系统维护|SQL数据库|软件开发,岗位核心是ERP系统维护和软件开发，属于信息系统技术。,2,"进行系统设计,参与项目的编程、调试和模块测试工作|负责公司的软件开发|懂SQL数据库,具备一定的开发能力",岗位核心职责包括ERP系统设计、编程、调试、维护和数据库开发，属于软件系统开发，是核心数字技术。未涉及AI/ML，因此为2分，而非1分（非辅助使用）或3分（无AI研发）。,False,False
168,0,,岗位为项目管理，无AI或数字技术内容。,0,,岗位职责为项目跟进、跨部门沟通、进度监督，未明示要求使用数字工具或信息系统。因此为0分，而非1分（无数字工具要求）。,False,False
169,1,数据跟进|EXCEL、PPT,使用办公软件进行数据分析和预测，但核心是经营分析，数字工具为辅助。,1,熟练使用EXCEL、PPT等办公软件,岗位职责为经营分析、数据追踪、考核测算，要求熟练使用Excel和PPT，属于辅助数字工具用于数据分析，但核心产出是业务分析和建议，非技术开发。因此为1分，而非0分（有明确工具要求）或2分（非核心软件开发）。,False,False
170,1,数据|电气工程及其自动化专业,涉及数据报告和自动化专业背景，但核心是变电站运维管理，数字技术为辅助。,0,,岗位职责为变电站运维外包监督、现场管理、数据报告，未明示要求使用数字工具或信息系统。因此为0分，而非1分（无数字工具要求）。,True,False
171,0,,岗位为保险销售，无AI或数字技术内容。,0,,岗位职责为保险销售，未明示要求使用数字工具或信息系统。因此为0分，而非1分（无数字工具要求）。,False,False
172,0,,岗位为风控工程师，职责涉及市场研究、风险研究和项目服务，未提及任何AI或数字技术内容。,0,,岗位职责为市场研究、风险研究、项目服务，未明示要求使用数字工具、编程、数据分析或AI技术。移除技术后核心产出仍成立，因此为0分，不是1分（无辅助数字工具要求）。,False,False
173,2,智能化设计工作|数采与控制闭环|配置最优化的控制方案|仪表&控制系统的选型|DCS的组态部署与PID整定,岗位核心是智能化装备设计，涉及自动化、控制系统、DCS组态等，软件和自动化技术是核心工作内容。,2,"智能化设计工作,涉及数采与控制闭环|配置最优化的控制方案|DCS的组态部署与PID整定",岗位核心职责是化工装备的智能化设计、控制系统方案配置与组态，涉及自动化、数采与控制闭环，属于核心数字技术（自动化控制），但未明确涉及AI/ML，因此为2分，不是1分（非辅助工具使用）或3分（无AI研发）。,False,False
174,0,,培训运营专员，职责为培训计划、课程评估、活动组织等，无AI或数字技术内容。,0,,岗位职责为培训计划制定、课程评估、新员工培训等，未明示要求使用数字工具或技术。移除技术后核心产出仍成立，因此为0分，不是1分（无辅助数字工具要求）。,False,False
175,0,,材料研发岗位专注于无机材料制备与测试，未涉及数字技术或AI,1,测试设备|测试标准|测试方法|系统搭建|性能检测,岗位核心是材料研发与测试，使用测试设备、系统搭建等作为辅助工具，但移除这些技术后研发产出仍成立，因此为1分，不是0分（明确要求使用测试设备）或2分（非软件开发或核心数字技术产出）。,True,False
176,0,,一体化理赔岗，职责为查勘、定损、理赔服务，无AI或数字技术内容。,0,,岗位为理赔岗，要求本科、驾驶资格，未明示要求使用数字工具或技术。移除技术后核心产出仍成立，因此为0分，不是1分（无辅助数字工具要求）。,False,False
177,1,数统、计算机、精算、农学、新能源专业优先,车商销售支持岗，提及数统、计算机等专业优先，但职责为续保追踪、业绩分析等，数字工具仅为辅助。,1,指标分析|数统、计算机、精算,岗位核心是销售支持，涉及指标分析，专业优先提及数统、计算机，但仅为辅助数据分析，移除后销售支持主业仍成立，因此为1分，不是0分（有数据分析要求）或2分（非核心软件开发或系统建设）。,False,False
178,0,,化工操作工，职责为设备操作、物料配比、安全检查等，无AI或数字技术内容。,0,,仅要求协助生产记录与数据整理，未明示任何数字工具或技术，故评为0分；不是1分因为原文未体现数字工具的使用。,False,False
179,0,,金融销售代表，职责为产品销售、推广、客户维护，无AI或数字技术内容。,0,,岗位为金融销售，提及计算机及互联网人员优先，但仅为优先条件，未明示要求使用数字工具作为职责。移除技术后销售核心产出仍成立，因此为0分，不是1分（无明确辅助数字工具要求）。,False,False
180,1,自动化生产线改造|非标设备设计|机械臂、机器人相关机械设计,机械工程师岗位，涉及自动化生产线和机器人设计，但核心是机械设计，数字技术为辅助。,1,"熟练掌握一门制图软件,如Creo、Solidsworks或其他",岗位核心是机械设计，制图软件是辅助工具，移除后设计工作仍可进行，因此为1分。不是0分因为明确要求使用制图软件；不是2分因为软件使用是辅助而非核心产出。,False,False
181,2,金融计算引擎开发|债券交易策略的研发,岗位明确从事金融计算引擎开发与策略研发，软件和算法开发是核心,2,负责金融计算引擎开发与维护|有编程基础,岗位核心是金融计算引擎开发，属于软件开发，因此为2分。不是1分因为开发是核心职责；不是3分因为未明确涉及AI/ML，金融计算引擎属于非AI算法。,False,False
182,0,,实地一体化服务作业岗，职责为现场查勘、定损、理赔咨询，无AI或数字技术内容。,0,,岗位职责为车险查勘、定损和理赔服务，未明示要求任何数字工具或技术，因此为0分。不是1分因为无任何数字工具要求。,False,False
183,1,教育信息化产品,销售主管经理，销售教育信息化产品，但岗位本身不涉及技术工作，数字技术仅为产品属性。,0,,岗位是销售主管，职责为销售和品牌推广，未明示要求使用数字工具或技术，因此为0分。不是1分因为无任何数字工具要求。,True,False
184,2,智能仓储物流系统销售|物流的智能化、自动化等技术应用方向,销售经理岗位，但公司专注自动化和信息化，销售智能仓储物流系统，需要熟悉智能化、自动化技术，技术是岗位核心部分。,1,熟悉物流的智能化、自动化等技术应用方向,岗位核心是销售，要求了解智能化、自动化技术应用方向属于辅助知识，移除后销售职责仍成立，因此为1分。不是0分因为明确要求熟悉技术应用方向；不是2分因为技术应用是辅助而非核心产出。,True,True
185,1,数据支持,模切生产主管，职责包括生产管理、质量控制等，提及数据支持，但仅为辅助决策。,0,,岗位是模切生产主管，职责为生产运营管理，未明示要求使用数字工具或技术，因此为0分。不是1分因为无任何数字工具要求。,True,False
186,3,数据仓库、ETL开发|实时处理系统的设计和开发|大数据基础架构平台的建设|分布式数据仓库、海量数据批处理平台、实时数据处理平台|数据中台建设,大数据工程师岗位，明确涉及大数据平台建设、数据仓库、实时处理、知识图谱等，属于高级数据技术。,2,负责数据仓库、ETL开发|实时处理系统的设计和开发|大数据基础架构平台的建设|数据架构设计|数据中台建设,岗位核心是大数据工程，包括数据仓库、ETL、实时处理等，属于核心数字技术，因此为2分。不是1分因为开发是核心职责；不是3分因为未明确涉及AI/ML，仅为大数据平台建设。,True,False
187,1,数字医疗服务市场趋势|医疗信息化行业,医学经理岗位，提及数字医疗和医疗信息化，但仅为行业了解，岗位核心是医学策略和临床研究，数字技术为辅助。,1,了解数字医疗服务市场趋势|熟悉医疗器械、病理诊断、医疗信息化行业,岗位核心是医学策略和临床研究，要求了解数字医疗和信息化行业属于辅助知识，移除后医学经理职责仍成立，因此为1分。不是0分因为明确要求了解数字医疗趋势；不是2分因为技术应用是辅助而非核心产出。,False,False
188,0,,岗位为厨师，职责涉及烹饪、糕点制作和食堂管理，无任何AI或数字技术内容。,0,,岗位职责为烹饪、糕点制作、食堂管理，未明示要求任何数字工具、信息系统、编程或数据分析。因此为0分，不是1分（无辅助数字工具要求）。,False,False
189,1,分析财务数据|对数据敏感|具备一定的数据分析能力,岗位涉及财务数据处理和分析，但仅为辅助工作，核心是会计账务。,1,分析财务数据|一定的数据分析能力,岗位要求使用数据分析能力辅助财务工作，但核心产出仍是账务处理、报表编制等财务职责，属于辅助数字工具。不是0分（明确要求数据分析），也不是2分（数据分析非核心产出，未涉及软件开发或高级建模）。,False,False
190,0,,市场营销岗位，职责为客户拓展和经营，无AI或数字技术内容。,0,,岗位为市场营销岗，职责为客户拓展和客群经营，未明示要求使用数字工具、信息系统或数据分析。因此为0分，不是1分（无辅助数字工具要求）。,False,False
191,0,,商务助理岗位，职责为跟单、合同和招投标，无AI或数字技术内容。,0,,岗位为商务助理，职责包括跟单、合同制作、招投标等，未明示要求使用数字工具或数据分析。因此为0分，不是1分（无辅助数字工具要求）。,False,False
192,0,,车险查勘岗位，职责为现场查勘和理赔，无AI或数字技术内容。,0,,岗位为车险查勘定损，职责为现场查勘、损失确定、理赔咨询，未明示要求使用数字工具或数据分析。因此为0分，不是1分（无辅助数字工具要求）。,False,False
193,1,熟悉B2B及互联网|熟练使用网络交流工具和社交网络,岗位要求使用互联网和社交网络进行客户开发，但仅为辅助工具。,1,熟悉B2B及互联网|熟练使用网络交流工具和社交网络,岗位要求使用B2B平台、互联网和网络工具辅助外贸业务开发，但核心产出仍是外贸销售，属于辅助数字工具。不是0分（明确要求数字工具），也不是2分（工具使用非核心产出）。,False,False
194,2,IT基础建设|计算机软硬件维护管理|IT网络维护|网络管理与信息安全,岗位核心是IT网络和计算机系统维护，属于信息化技术。,2,IT基础建设|计算机软硬件维护管理|IT网络维护|网络管理与信息安全,岗位核心职责为IT基础设施建设和网络维护，属于信息系统运维，是核心数字技术。不是1分（运维是核心职责而非辅助），也不是3分（未涉及AI/ML）。,False,False
195,0,,银行渠道主管岗位，职责为业务管理和维护，无AI或数字技术内容。,0,,岗位为银行渠道主管，职责为渠道管理和客户服务，未明示要求使用数字工具或数据分析。因此为0分，不是1分（无辅助数字工具要求）。,False,False
196,0,,远程车险查勘岗位，职责为线上查勘和理赔，无AI或数字技术内容。,0,,岗位职责为线上查勘、定损和理赔咨询，未明示要求任何数字工具、编程或数据分析。移除技术后核心产出仍成立，因此为0分，不是1分。,False,False
197,2,电子技术、电气、伺服控制、自动化相关专业|电气、电子产品维修及塑料机械、伺服控制,岗位核心是电子和自动化技术，涉及伺服控制等嵌入式系统。,0,,岗位要求电子、电气、伺服控制等专业知识，但未明示使用数字工具或编程。维修和伺服控制知识属于专业领域，但原文未提及软件或数字技术，因此为0分，不是1分。,True,True
198,0,,管理培训生岗位，培养生产管理人才，无AI或数字技术内容。,0,,岗位为生产管理培训生，职责涉及管理能力，未明示要求任何数字工具或技术。移除技术后核心产出不变，因此为0分，不是1分。,False,False
200,0,,起重工岗位，职责为吊装指挥和操作，无AI或数字技术内容。,0,,岗位为起重工，职责涉及吊装技术和安全，未明示要求数字工具或编程。因此为0分，不是1分。,False,False
201,0,,总经办专员岗位，职责为部门协调和协助供应链管理，无AI或数字技术内容。,1,熟练操作办公软件,岗位要求熟练操作办公软件，属于辅助数字工具，但核心职责是行政协调和供应链管理，移除办公软件后核心产出仍成立，因此为1分，不是0分（因明确要求办公软件）或2分（非核心数字技术）。,True,False
202,2,熟悉PLC、变频器等工作原理和简单编程|电气自动化,岗位核心是电气设备维护和自动化技术，涉及PLC编程。,1,熟悉PLC、变频器等工作原理和简单编程,电气设备工程师核心是设备故障诊断与维护，PLC和简单编程是辅助设备改造升级的工具，若移除这些技术，岗位核心产出仍成立，故为1分；不是2分因岗位不负责自动化系统开发等核心数字技术产出，不是0分因明确要求编程技能。,True,True
203,1,运行数据记录|能源消耗量日常统计,岗位涉及厂务系统数据记录和统计，但仅为辅助工作。,0,,岗位为厂务技术员，职责涉及点检、数据记录和系统维护，但未明示要求使用数字工具或编程。数据记录可能涉及简单仪表，但原文未明确要求软件或数字技术，因此为0分，不是1分。,True,False
204,2,"熟练使用剪辑软件|会PS、PR、AE,3Dmax、C4D等软件",新媒体运营核心工作为视频制作，专业软件工具的使用是岗位核心技能,1,"熟练使用剪辑软件|会PS、PR、AE,3Dmax、C4D等软件",岗位要求使用剪辑和建模软件，属于辅助数字工具，核心产出是视频制作，移除软件后无法完成，但软件使用是工具而非核心数字技术开发，因此为1分，不是2分（非软件开发或系统开发）。,True,True
205,0,,岗位为行政人事主管，职责和描述中未提及任何AI或数字技术相关内容。,0,,岗位职责为行政人事管理、文案撰写、招聘等，未明示要求使用数字工具、信息系统、编程、数据、自动化或AI。移除任何数字技术后，行政人事核心产出仍成立，因此为0分，不是1分（无辅助数字工具要求）。,False,False
206,1,熟练操作各类办公软件,岗位要求熟练操作办公软件，数字工具仅为辅助工作。,1,熟练操作各类办公软件,岗位核心是企业管理、计划编制、会务管理等非技术职责，办公软件仅作为辅助工具使用，移除后岗位主要产出仍成立，因此为1分。不是0分，因为明确要求使用办公软件；不是2分，因为不涉及软件开发、系统运维或算法研发等核心数字技术。,False,False
207,1,"熟练使用办公软件,尤其是PowerPoint、Excel等办公软件",岗位要求熟练使用办公软件，数字工具仅为辅助工作。,1,"熟练使用办公软件,尤其是PowerPoint、Excel等办公软件",岗位核心职责是商务开发、客户维护和销售，办公软件仅作为辅助工具使用，移除后商务职能仍成立，因此为1分；不是0分因为明确要求数字工具，不是2分因为不涉及软件开发或核心数字技术。,False,False
208,2,"三年以上c++实际开发经验|熟悉MFC,STL,Socket、QT等技术|熟练使用visual studio环境进行开发和调试|有较好3D技术、仿真技术或数据库技术水平|熟悉基础算法",岗位核心是C++/QT软件开发，涉及软件、算法和3D技术，属于软件技术核心岗位。,2,"C++/QT软件工程师|三年以上c++实际开发经验,熟悉MFC,STL,Socket、QT等技术|进行新软件项目的研发,或旧软件项目的维护,主要完成项目的编码及相关文档工作",岗位核心职责是软件开发（编码、维护），属于核心数字技术（2分）。未提及AI/ML相关技术，因此不是3分；软件开发是核心产出，不是辅助工具，因此不是1分。,False,False
209,2,IT类专业|熟练掌握计算机软件、硬件及网络相关专业知识|掌握SQL SERVER或ORACLE数据库平台的开发和应用专业知识|负责法人结算相关系统需求分析、测试及维护等工作,岗位要求IT专业背景，涉及数据库开发和系统维护，软件和数据处理是岗位核心。,2,负责法人结算相关系统需求分析、测试及维护等工作|掌握SQL SERVER或ORACLE数据库平台的开发和应用专业知识,岗位核心职责包括结算系统的需求分析、测试和维护，以及数据库开发应用，属于信息系统开发运维，因此为2分。不是1分，因为系统维护和数据库开发是核心产出而非辅助工具；不是3分，因为未涉及AI/ML研发。,False,False
210,0,,岗位为电工，职责为设备维修，未涉及AI或数字技术。,0,,岗位描述仅涉及设备维修电工和机电一体经验，未明示要求使用数字工具、信息系统、编程、数据、自动化或AI，因此为0分；不是1分，因为未提及任何数字工具或系统使用。,False,False
211,1,机电一体化,岗位涉及机电一体化，但描述中未强调数字技术，仅为辅助。,1,编制设备检修计划|统管公司内设备应急维修|解决设备运行过程中的技术问题|精通机械设备维修保养,岗位核心是设备管理与维修，属于传统工程运维。虽然涉及机电一体化知识，但未要求开发软件、算法或AI系统，数字技术仅作为辅助工具（如可能使用设备管理系统），因此为1分而非2分。,False,False
212,0,,岗位为美学设计工程师，职责为颜色和效果设计，未涉及AI或数字技术。,0,,岗位核心职责是产品外观设计、颜色效果设计与推广，未明示要求任何数字工具、编程、数据或AI技术。因此为0分，不是1分（无数字工具要求）。,False,False
213,0,,岗位为项目开发经理，职责为新能源项目开发，未提及AI或数字技术。,0,,岗位职责为新能源项目开发、评估、谈判和管理，未明示要求使用数字工具、信息系统、编程、数据、自动化或AI。因此为0分，不是1分（无任何数字工具要求）。,False,False
214,0,,岗位为采购/供应链管培生，描述中未提及AI或数字技术。,0,,岗位为采购/供应链管培生，描述仅涉及任职资格和福利待遇，未明示要求使用数字工具、信息系统、编程、数据、自动化或AI。因此为0分，不是1分（无数字工具要求）。,False,False
216,0,,岗位为行政专员，职责为行政和文件管理，未涉及AI或数字技术。,0,,岗位为行政专员，职责包括规章制度推行、文件编写、知识产权管理、招聘等，未明示要求使用数字工具、信息系统、编程、数据、自动化或AI。因此为0分，不是1分（无数字工具要求）。,False,False
217,0,,岗位为财富总监，职责为金融产品销售和投融资业务，未提及AI或数字技术。,0,,岗位为财富总监，职责为产品销售、投融资业务拓展、客户维护等，未明示要求使用数字工具、信息系统、编程、数据、自动化或AI。因此为0分，不是1分（无数字工具要求）。,False,False
218,1,及时准确更新ERP系统仓库数据,岗位要求使用ERP系统，数字工具仅为辅助仓库管理。,1,"及时准确更新ERP系统仓库数据|每日提供准确的物资库存量数据、库存日报表、发货明细表等定期盘库,向财务部等相关部门提交库存盘点数据",岗位核心职责是仓储管理，使用ERP系统和数据处理是辅助工具，移除后仓储管理仍成立。因此为1分，不是2分（非软件开发或系统开发核心产出）。,False,False
219,0,,岗位为企业品宣专员，职责为品牌宣传和活动策划，未涉及AI或数字技术。,0,,岗位为企业品宣专员，职责为品牌宣传、文化建设、新闻媒体维护等，虽要求数学、精算、统计专业优先，但未明示要求使用数字工具、数据分析或技术。因此为0分，不是1分（无数字工具要求）。,False,False
220,2,负责系统日常运维问题处理|协助主管处理日常桌面运维和服务器网络运维|DRP|OMS|系统运维,岗位核心是系统运维，涉及DRP、OMS等信息系统，软件和系统是岗位核心。,2,负责系统日常运维问题处理|协助主管处理日常终端店铺的DRP相关问题咨询|协助主管处理日常电商零售的OMS相关问题咨询|协助主管处理日常桌面运维和服务器网络运维,岗位核心职责是系统运维，涉及DRP、OMS、服务器网络等信息系统维护，属于核心数字技术。因此为2分，不是1分（运维是核心产出，非辅助使用），也不是3分（未涉及AI/ML）。,False,False
221,0,,岗位为工艺工程师，职责为工艺参数控制和优化，未提及AI或数字技术。,0,,岗位为工艺工程师，职责为制定工艺参数、优化生产过程、新工艺调试，未明示要求使用数字工具、信息系统、编程、数据、自动化或AI。因此为0分，不是1分（无数字工具要求）。,False,False
222,2,新能源/辅助驾驶领域的新技术研究|分析风险定价|新能源车险行业研究|搭建新能源相关风控体系与线上化建设工作,岗位涉及新能源和辅助驾驶技术研究、风险定价分析及线上化系统建设，软件和数据是核心，但未明确提及AI或高级算法。,2,"负责新能源/辅助驾驶领域的新技术研究,分析风险定价|负责新能源相关非车险业务定价及核保支持,参与搭建新能源相关风控体系与线上化建设工作",岗位核心职责包括风险定价、风控体系搭建和线上化建设，属于高级数字模型和系统建设，但未明确提及AI/ML，因此为2分而非3分；技术是核心产出，不是辅助工具，因此不是1分。,False,False
223,0,,岗位描述为人事招聘、面试、培训等事务性工作，无实质AI或数字技术内容。,0,,岗位描述仅涉及招聘、面试、培训、工伤处理等人事事务性工作，未明示要求使用数字工具或技术，因此为0分；无任何数字技术证据，排除1分。,False,False
224,0,,岗位为车险续保销售，依托公司资源提供服务，无AI或数字技术内容。,0,,岗位主要从事车险续保服务，描述中未提及任何数字工具或技术使用，仅涉及客户服务和销售，因此为0分；无证据支持1分。,False,False
225,0,,与224相同，车险续保销售岗位，无AI或数字技术内容。,0,,与224相同，岗位主要从事车险续保服务，未明示要求数字技术，因此为0分；无证据支持1分。,False,False
226,1,计算机硬件和网络维护能力|熟悉路由器、交换机和防火墙等网络设备的工作原理|熟悉Win7、Win10等操作系统的安装与操作,岗位涉及计算机硬件和网络维护，数字工具为辅助工作，非核心。,2,计算机硬件和网络维护能力|熟悉路由器、交换机和防火墙等网络设备的工作原理|负责公司电脑硬件设备(服务器、计算机、打印机、网络设备)的安装与维护,岗位核心职责是计算机硬件和网络维护，属于信息系统运维，是核心数字技术，因此为2分；不是辅助使用工具，排除1分；未涉及AI/ML，排除3分。,True,True
227,0,,车险查勘理赔岗位，无AI或数字技术内容。,0,,岗位描述仅涉及车险现场勘验、理赔服务等，未明示要求任何数字工具或技术，因此为0分；无证据支持1分。,False,False
228,1,熟练使用办公软件、制图软件,产品结构工程师需使用办公和制图软件，但仅为辅助工具，核心是机械设计。,1,熟练使用办公软件、制图软件,岗位核心是产品结构设计，使用办公软件和制图软件作为辅助工具，技术不是核心产出，因此为1分；不是软件开发或系统建设，排除2分。,False,False
229,0,,创意文案岗位，负责文字撰写和创意，无AI或数字技术内容。,0,,岗位核心是创意文案撰写，未明示要求使用数字工具或技术，因此为0分；无证据支持1分。,False,False
231,0,,年金客户经理销售岗位，无AI或数字技术内容。,0,,岗位描述仅涉及销售、客户管理、团队发展等一般性职责，未明示要求任何数字工具、信息系统、编程或AI技术。因此为0分，不是1分（无任何数字工具要求）。,False,False
232,0,,大区经理招商销售岗位，无AI或数字技术内容。,0,,岗位职责为区域招商、销售、回款和市场信息收集，任职要求仅提及市场营销专业和招商经验，未明示任何数字工具或技术。因此为0分，不是1分（无数字工具要求）。,False,False
233,1,熟练运用办公室软件,销售专员需熟练运用办公室软件，但仅为辅助工具。,1,熟练运用办公室软件,岗位要求熟练运用办公室软件，这是辅助销售工作的数字工具，销售仍是核心产出。因此为1分，不是0分（明确提及办公室软件），也不是2分（非软件开发或核心数字技术）。,False,False
234,0,,法学管培生从事人伤查勘理赔工作，无AI或数字技术内容。,1,系统预估录入,岗位职责包括在理赔系统中进行预估录入，属于使用信息系统辅助理赔查勘工作，核心产出仍是理赔处理。因此为1分，不是0分（明确提及系统操作），也不是2分（非系统开发或核心数字技术）。,True,False
235,0,,生物专业应届生岗位，涉及细胞培养、蛋白纯化等实验操作，无AI或数字技术内容。,0,,岗位为生物专业应届生，涉及细胞培养、蛋白纯化等实验室技术，未明示要求任何数字工具、编程或AI技术。因此为0分，不是1分（无数字工具要求）。,False,False
237,1,数据统计分析,工艺技术员涉及数据统计分析，但仅为辅助工作，核心是车间技术支持。,1,数据统计分析,岗位职责包括数据统计分析，这是辅助车间技术支持的数据处理工作，核心产出仍是工艺技术支持。因此为1分，不是0分（明确提及数据分析），也不是2分（非核心数字技术开发）。,False,False
238,1,物联网监控技术|自然灾害监测预警技术,风控工程师涉及物联网监控和监测预警技术，但数字技术为辅助风险减量服务，非核心。,2,物联网监控技术|自然灾害监测预警技术,岗位职责包括风控技术发掘与推动，明确提及物联网监控技术、自然灾害监测预警技术等，这些属于核心数字技术应用，且岗位核心产出包含技术推动。因此为2分，不是1分（技术是核心职责而非辅助工具），也不是3分（未明确涉及AI/ML）。,True,True
239,0,,资深行政专员负责后勤、安保、物业管理等，无AI或数字技术内容。,0,,岗位为行政后勤管理，职责包括食堂、宿舍、安保、消防等，未明示要求任何数字工具或技术。因此为0分，不是1分（无数字工具要求）。,False,False
240,1,数据汇总分析,岗位涉及检验数据汇总分析，但仅为辅助工作，核心是理化/微生物检测。,1,负责填写检验结果报告和数据汇总分析|负责对仪器设备进行维护和保养,岗位核心是食品理化/微生物检验，使用仪器设备和数据汇总分析属于辅助工具，移除后检验工作仍成立，因此为1分；未涉及软件开发或AI研发，故不是2或3分。,False,False
241,1,熟练使用天正、AUTOCAD等制图软件,使用CAD软件是辅助设计工具，但岗位核心是建筑设计，非数字技术核心。,1,能熟练使用天正、AUTOCAD等制图软件,建筑设计是核心产出，CAD软件是辅助设计工具，移除后设计工作仍可进行（如手绘），因此为1分；未涉及软件开发或AI，故不是2或3分。,False,False
242,2,非标自动化设备的调试|熟悉AutoCAD绘制零件图|精通气动、液压及传感器原理|非标自动机装配、调试、维修,岗位核心是自动化设备装配调试，涉及自动化技术，但未明确AI或高级算法。,2,"非标自动化设备的调试与协助制作|熟悉AutoCAD绘制零件图,精通气动、液压及传感器原理",非标自动化设备装配调试和传感器技术是核心产出，属于自动化核心数字技术，故评为2分；不是1分因为技术是核心而非辅助，不是3分因为未涉及AI/ML。,False,False
244,0,,前台文员岗位，无任何AI或数字技术内容。,0,,岗位职责为接待、会务、后勤等行政事务，未明示要求任何数字工具或技术，因此为0分；未提及办公软件使用，故不是1分。,False,False
245,0,,人力资源专员岗位，描述中无AI或数字技术相关内容。,0,,岗位职责为人力资源制度、招聘、培训、绩效考核等，未明示要求使用数字工具或系统，因此为0分；未提及任何软件或数据处理，故不是1分。,False,False
246,1,熟练使用常用办公软件,使用办公软件是辅助工作，岗位核心是生产跟单协调。,1,熟练使用常用办公软件,生产文员核心是生产跟单、办公用品管理等行政工作，办公软件是辅助工具，移除后工作仍可进行，因此为1分；未涉及软件开发或AI，故不是2或3分。,False,False
247,0,,银行客户经理岗位，描述为销售和业务开发，无AI或数字技术内容。,0,,岗位核心是信用卡、贷款等金融产品销售，未明示要求使用数字工具或技术，因此为0分；未提及任何软件或系统，故不是1分。,False,False
248,0,,招聘经理岗位，描述为招聘工作，无AI或数字技术内容。,0,,岗位核心是招聘计划、渠道开发、面试录用等人力资源工作，未明示要求使用数字工具或系统，因此为0分；未提及ATS或办公软件，故不是1分。,False,False
249,1,熟练使用PPT、Word、Excel等办公软件,使用办公软件是辅助工作，岗位核心是质量管理，涉及质量工具但非数字技术核心。,1,熟练使用PPT、Word、Excel等办公软件,岗位核心是质量管理，办公软件仅作为辅助工具使用，移除后质量管理职责仍成立，因此为1分；未涉及软件开发或AI研发，故不是2或3分。,False,False
250,0,,产品技术员岗位，描述为产品研发和改进，无明确AI或数字技术内容。,0,,岗位描述仅涉及产品研发、改进和工艺应用，未明示要求任何数字工具、编程或AI技术，因此为0分；不是1分，因为无办公软件或信息系统使用要求。,False,False
251,0,,销售受理岗位，描述为驾考咨询和销售，无AI或数字技术内容。,0,,岗位为销售受理，职责和任职要求中未提及任何数字工具或技术，因此为0分；不是1分，因为无办公软件或系统使用要求。,False,False
252,2,自动化生产线调试|变频器的调试|气动原理,岗位涉及自动化生产线调试，自动化技术是核心，但未明确AI或高级算法。,1,懂得气动原理和变频器的调试,岗位核心是设备安装调试，变频器调试属于辅助工具使用，移除后主要职责仍成立，因此为1分；未涉及软件开发或AI，故不是2或3分，也不是0分因明确要求数字/自动化设备调试技能。,True,True
253,1,熟练word、ppt、excel等常用办公软件操作,使用办公软件是辅助工作，岗位核心是销售管理。,1,熟练word、ppt、excel等常用办公软件操作,岗位核心是销售管理，办公软件仅作为辅助工具，移除后销售管理职责仍成立，因此为1分；未涉及软件开发或AI，故不是2或3分。,False,False
254,2,前端开发工程师|React、Vue|nodejs、webpack|前端构建及编译原理|组件化开发模式,岗位核心是前端软件开发，属于数字技术核心，但未明确涉及AI或高级算法。,2,参与软件需求分析、系统设计、核心代码编写|熟练掌握 React、Vue 等主流技术栈|熟练掌握 nodejs、webpack 等常用开发工具,岗位核心是前端软件开发，属于核心数字技术，因此为2分；未明确涉及AI/机器学习，故不是3分；不是1分，因为软件开发是核心产出而非辅助工具。,False,False
255,0,,医药代表应届生岗位，描述为营销方向，无AI或数字技术内容。,0,,岗位为医药代表，职责和任职要求中未提及任何数字工具或技术，因此为0分；不是1分，因为无办公软件或系统使用要求。,False,False
256,1,AI面试合格|智能分配精准客户,提及AI面试和智能分配客户，但仅为辅助工具，岗位核心是保险销售。,1,AI面试合格,岗位核心是保险销售，AI面试仅为招聘流程中的工具，移除后销售职责仍成立，因此为1分；未涉及AI研发或核心数字技术，故不是2或3分。,False,False
257,0,,岗位为门店销售，职责涉及配镜引导、裂隙灯检查、产品介绍销售等，无AI或数字技术内容。,1,了解团购、社群运营等常规线上销售渠道,岗位核心是门店销售，提及线上销售渠道属于辅助数字工具使用，移除后销售职责仍成立，因此为1分；不是0分因为明确要求数字渠道运营，不是2分因为不涉及软件开发或核心数字技术。,True,False
258,1,熟练使用AUTOCAD及3D软件,精益专员使用CAD和3D软件辅助布局优化和工装设计，工具为辅助,1,熟练使用AUTOCAD及3D软件,岗位核心是精益生产管理，CAD/3D软件作为辅助工具用于设计周转工具，移除后精益管理职责仍成立，因此为1分；不是0分因为明确要求使用专业软件，不是2分因为软件使用是辅助而非核心产出。,False,False
259,0,,仅列出专业要求，无具体职责描述，无法判断AI或数字技术含量。,0,,岗位描述仅列出专业要求，未提及任何数字工具、信息系统或技术职责，因此为0分；不是1分因为无任何数字技术使用要求。,False,False
260,2,网络技术方面的交流、技术方案设计和编写|BGP、OSPF等路由协议及应用|业务数据统计与整理,岗位核心是网络运维，涉及网络协议、设备配置和数据处理，属于信息技术核心工作。,2,网络运维工程师|网络技术方面的交流、技术方案设计和编写|网络故障问题的沟通与协调|网络技术支持|熟悉主流网络设备厂商:CISCO、华为、Juniper等在IP网络内的应用,岗位核心是网络运维和网络技术支持，涉及网络协议、设备配置等技术工作，属于核心数字技术，因此为2分；不是1分因为网络技术是核心职责而非辅助工具，不是3分因为未涉及AI/ML研发。,False,False
261,1,熟练掌握office|销售报表汇总,岗位主要职责是销售数据统计和报表制作，使用Office软件，数字工具为辅助。,1,熟练掌握office,岗位核心是销售助理文员，使用Office进行报表统计等辅助工作，移除后文员职责仍成立，因此为1分；不是0分因为明确要求Office技能，不是2分因为不涉及软件开发或核心数字技术。,False,False
262,2,熟练使用Office办公软件和CAD/Solidworks等制图软件|精益生产、IE常用改善手法|U型小流水线布局规划|工时定额应用及管理,岗位核心是工业工程和精益生产，涉及CAD/Solidworks软件和IE手法，属于数字化和自动化技术。,1,熟练使用Office办公软件和CAD/Solidworks等制图软件,岗位核心是IE工程师，负责生产改善，使用Office和CAD软件作为辅助工具，移除后IE职责仍成立，因此为1分；不是0分因为明确要求专业软件，不是2分因为软件使用是辅助而非核心产出。,True,True
263,1,熟练使用Office软件、ERP系统,采购跟单岗位，使用ERP系统和Office软件进行订单管理，数字工具为辅助。,1,能熟练使用Office软件、ERP系统,岗位核心是采购跟单，使用Office和ERP系统辅助订单管理，移除后采购职责仍成立，因此为1分；不是0分因为明确要求数字工具，不是2分因为系统使用是辅助而非核心开发或运维。,False,False
264,0,,政府事务经理岗位，职责为与药监部门沟通、支持注册工作，无AI或数字技术内容。,0,,岗位核心是政府事务沟通和药品注册，未提及任何数字工具、信息系统或技术职责，因此为0分；不是1分因为无任何数字技术使用要求。,False,False
265,1,在EPR中维护订单及生产需单,跟单员岗位，使用ERP系统进行订单维护，数字工具为辅助。,1,在EPR中维护订单及生产需单并完成销货动作,岗位核心是跟单，使用ERP系统辅助订单维护和销货，属于辅助数字工具。移除ERP后跟单工作仍可手动完成，因此不是核心数字技术，也不是AI研发。,False,False
266,0,,销售专员岗位，职责为区域销售、客户拜访、市场分析，无AI或数字技术内容。,0,,岗位是销售专员，职责为区域销售、市场分析、客户拜访等，未明示要求使用数字工具或技术。虽然提及市场分析预测，但未指定任何数字工具，因此为0分。不是1分，因为无任何数字工具要求。,False,False
267,1,熟练表格函数应用|对数据有敏感性,合并报表会计岗位，使用表格函数进行数据处理，数字工具为辅助。,1,熟练表格函数应用,岗位是合并报表会计，核心是财务报告编制与分析，要求熟练表格函数属于辅助数字工具。移除表格函数后会计工作仍可进行，因此不是核心数字技术。不是2分，因为未涉及软件开发或高级建模。,False,False
268,0,,人事科长岗位，职责为人事管理、规章制度落实，无AI或数字技术内容。,0,,岗位是人事科长，职责为人事管理、制度落实等，未明示要求使用数字工具或技术。因此为0分。不是1分，因为无任何数字工具要求。,False,False
269,0,,文案编辑岗位，职责为内容编辑和发布，无AI或数字技术内容。,1,负责公司官方网站、微信公众号日常内容编辑、发布、维护、管理,岗位是文案编辑，核心是内容创作与发布，使用网站和公众号平台属于辅助数字工具。移除这些平台后文案工作仍可存在，因此不是核心数字技术。不是2分，因为不涉及软件开发或系统建设。,True,False
270,2,基于投资回报率(ROI)、资源约束、技术可行性及战略匹配度进行量化评估,岗位核心是管理软件项目，涉及微服务架构、ERP系统、项目管理工具，属于软件和信息化技术。,2,深入理解基于SpringBoot/Cloud的微服务架构或主流ERP(如SAP、金蝶)系统的实施与开发逻辑|主导或深度参与项目技术方案设计、评审|核心业务模块的需求分析、架构设计及线上问题解决,岗位核心职责包括管理核心业务系统项目并深度参与技术方案、架构设计及问题解决，要求深入理解微服务和ERP系统的实施开发逻辑，属于核心数字技术，故为2分；不是3分因未涉及AI/ML研发；不是1分因技术不是辅助工具而是岗位核心要求。,False,False
271,3,"器件物理模型研究|器件仿真研究|熟悉半导体器件物理,器件仿真,版图设计",岗位明确涉及器件物理模型研究和仿真，属于高级算法和模型研发。,2,"器件物理模型研究|器件仿真研究|熟悉半导体器件物理,器件仿真",岗位是器件工程师，核心职责包括器件物理模型研究和仿真，属于高级数字模型，但未明确涉及AI/机器学习。移除这些模型和仿真后，器件开发工作无法进行，因此是核心数字技术。不是3分，因为物理模型和仿真不属于AI研发。,True,False
273,1,基础数据分析能力|数据统计与业务推动,岗位涉及数据统计和分析，但仅为辅助业务推动，数字工具为辅助。,1,基础数据分析能力,岗位是业务发展岗，核心是销售规划、队伍发展等，要求基础数据分析能力属于辅助数字工具。移除数据分析后，销售推动工作仍可进行，因此不是核心数字技术。不是2分，因为未涉及软件开发或高级建模。,False,False
275,0,,岗位描述未提及任何AI或数字技术内容，仅涉及市场拓展、招商等传统业务。,0,,岗位核心是市场拓展、招商和谈判，描述中未提及任何数字工具、信息系统或技术使用要求，因此为0分，不是1分。,False,False
276,0,,销售工程师岗位，职责为市场开拓、客户关系维护等，无AI或数字技术相关要求。,0,,岗位核心是销售和客户关系维护，描述中未明示要求使用数字工具或技术，因此为0分，不是1分。,False,False
277,1,通过电话、短信、微信等工具在办公室联系客户,使用电话、短信、微信等数字工具进行销售，但仅为辅助沟通手段，非核心。,1,通过电话、短信、微信等工具在办公室联系客户,岗位核心是车险销售，使用电话、短信、微信等数字工具辅助沟通，但销售仍是核心产出，因此为1分，不是0分（因明确使用数字工具）或2分（非系统开发）。,False,False
278,0,,证券经纪人岗位，职责为开发客户、销售金融产品等，无AI或数字技术内容。,0,,岗位核心是证券客户开发和金融产品销售，描述中未提及任何数字工具或技术使用要求，因此为0分，不是1分。,False,False
279,1,懂得电脑办公软件基本操作,要求电脑办公软件操作，属于数字工具辅助内勤工作。,1,懂得电脑办公软件基本操作,岗位核心是保险内勤行政工作，要求电脑办公软件基本操作作为辅助工具，因此为1分，不是0分（因明确要求数字工具）或2分（非系统开发）。,False,False
280,1,熟练使用财务软件、办公软件,要求使用财务软件和办公软件，属于数字工具辅助会计工作。,1,熟练使用财务软件、办公软件|与用友系统相核对,岗位核心是会计财务核算，使用财务软件和办公软件作为辅助工具，因此为1分，不是0分（因明确要求数字工具）或2分（非系统开发或核心数字技术）。,False,False
282,0,,车险客户经理岗位，职责为报价出单、回访销售，无AI或数字技术内容。,0,,岗位核心是车险销售和报价出单，描述中未提及任何数字工具或技术使用要求，因此为0分，不是1分。,False,False
283,0,,人力资源总监岗位，描述为传统人力资源管理，无AI或数字技术内容。,0,,岗位核心是人力资源管理，描述中未提及任何数字工具、信息系统或技术使用要求，因此为0分，不是1分。,False,False
285,0,,董秘办助理岗位，职责为三会管理、信息披露等，无AI或数字技术内容。,0,,岗位职责为三会管理、信息披露、投资者关系等证券法务工作，未明示要求任何数字工具、信息系统、编程或AI技术。因此为0分，不是1分（无辅助数字工具要求）。,False,False
286,0,,物业项目经理岗位，职责为物业管理、费用收缴等，无AI或数字技术内容。,0,,岗位职责为物业管理、费用收缴、客户关系等，未明示要求使用数字工具或技术系统。因此为0分，不是1分（无辅助数字工具要求）。,False,False
287,0,,气化技术员岗位，职责为设备调试、运行维护等，无AI或数字技术内容。,1,收集并分析运行数据,岗位核心是气化设备运行维护，要求收集分析运行数据属于辅助性数据处理，非核心产出。因此为1分，不是0分（有数据处理要求）或2分（非软件开发或核心数字技术）。,True,False
288,1,具有较强的电脑操作能力,要求电脑操作能力，属于数字工具辅助日常工作。,1,具有较强的电脑操作能力,岗位核心是车商网点维护与业务处理，要求电脑操作能力属于辅助工具使用，非核心产出。因此为1分，不是0分（有电脑操作要求）或2分（非软件开发或核心数字技术）。,False,False
289,1,负责公司自媒体平台(包括但不限于微信公众号、分公司电视晨会等)建设和日常运营工作|具备基本的视频剪辑及平面设计技能,涉及自媒体运营和视频剪辑等数字工具，但仅为品牌宣传的辅助手段。,1,具备基本的视频剪辑及平面设计技能,岗位核心是品牌宣传与内容创作，视频剪辑和平面设计是辅助工具，非核心数字技术产出。因此为1分，不是0分（有数字工具要求）或2分（非软件开发或系统建设）。,False,False
290,0,,体系工程师岗位，职责为文件管理、GMP认证等，无AI或数字技术内容。,0,,岗位职责为文件管理、GMP体系审核等质量管理，未明示要求数字工具或技术。因此为0分，不是1分（无辅助数字工具要求）。,False,False
291,0,,模具维修岗位，职责为模具维护、故障排除等，无AI或数字技术内容。,0,,岗位职责为模具维修与调试，未明示要求数字工具或技术。因此为0分，不是1分（无辅助数字工具要求）。,False,False
292,1,熟悉ERP系统操作,要求熟悉ERP系统，属于数字工具辅助采购工作。,1,熟悉ERP系统操作,岗位核心是采购工作，要求熟悉ERP系统操作属于辅助工具使用，非核心产出。因此为1分，不是0分（有ERP要求）或2分（非软件开发或核心数字技术）。,False,False
293,2,"熟悉ERP软件运行维护|熟悉JAVA编程|负责新系统、新程序的技术调研工作|负责与外部软件开发商对接|按计划完成功能模块的功能设计、代码实现,代码编写和单元测试",岗位核心是软件开发、ERP维护和二次开发，软件技术是核心工作内容。,2,"熟悉JAVA编程|负责新系统、新程序的技术调研工作|按计划完成功能模块的功能设计、代码实现,代码编写和单元测试|负责公司外购软件的二次开发",岗位核心职责是软件开发与系统调研，涉及编程、代码实现和二次开发，属于核心数字技术。不是3分，因为未提及AI/ML；不是1分，因为软件开发是核心产出而非辅助工具。,False,False
294,0,,岗位描述涉及药品生产验证和质量体系，无AI或数字技术内容。,0,,岗位描述仅涉及设备验证、工艺验证、质量体系等，未明示要求使用数字工具、编程或AI。不是1分，因为无任何数字工具要求。,False,False
295,0,,岗位是保险销售和团队招募，无实质AI或数字技术内容。,0,,岗位是保险销售/规划师，描述强调销售、金融知识和团队建设，未明示要求数字工具或技术。不是1分，因为未提及任何数字工具使用。,False,False
296,0,,岗位是化工研发工程师，涉及多晶硅生产技术，无AI或数字技术内容。,0,,岗位是研发工程师，职责涉及技术信息收集、工艺研究和技术支持，但未明示要求使用数字工具、编程或AI。不是1分，因为无数字工具要求。,False,False
297,1,各类办公软件操作熟练掌握,岗位要求熟练掌握办公软件，但仅为辅助销售工作，非核心。,1,各类办公软件操作熟练掌握,岗位核心是保险销售和客户维护，办公软件仅作为辅助工具。不是2分，因为软件开发或系统建设不是核心产出；不是0分，因为明确要求办公软件操作。,False,False
298,0,,岗位是战略规划，涉及金融分析和文案，无AI或数字技术内容。,0,,岗位是战略规划，涉及宏观分析、投资管理和文案撰写，未明示要求数字工具或技术。不是1分，因为无数字工具要求。,False,False
299,1,EXCEL函数使用能力|BSC应用能力|岗位技能矩阵构建能力|招聘测评工具使用能力|人才盘点实施能力,岗位要求使用EXCEL函数、测评工具等数字工具，但仅为HR工作的辅助。,1,EXCEL函数使用能力|BSC应用能力|岗位技能矩阵构建能力|招聘测评工具使用能力,岗位核心是HRBP，负责招聘、人才管理等，Excel和测评工具是辅助完成HR工作的工具。不是2分，因为软件开发或系统建设不是核心产出；不是0分，因为明确要求数字工具技能。,False,False
300,1,特别熟悉office软件及财务软件应用优先,岗位要求熟悉office和财务软件，但仅为财务工作的辅助工具。,1,熟悉office软件及财务软件应用,岗位是财务助理，核心是日常财务工作，Office和财务软件是辅助工具。不是2分，因为软件开发或系统建设不是核心产出；不是0分，因为明确要求软件应用。,False,False
301,2,"配合项目经理/高级实施人员在客户现场进行系统实施上线|配合项目经理/高级实施人员在客户现场进行系统测试|独立在客户现场进行系统环境搭建以及安装|独立在客户现场完成日常维护工作|熟悉EJB、servlet,熟悉spring、struts、hibernate等开源框架",岗位核心是软件实施、系统搭建和维护，涉及编程框架和数据库，软件技术是核心。,2,"系统实施上线|系统测试|系统环境搭建以及安装|熟悉EJB、servlet,熟悉spring、struts、hibernate等开源框架|熟练使用Oracle,能使用SQLServer/DB2等数据库者优先,能熟练编写SQL、存储过程、用户自定义函数、视图、触发器",岗位核心职责是软件系统的实施、测试、部署和维护，涉及编程框架、数据库和服务器配置，属于核心数字技术（2分）。没有明确提及AI/ML研发，因此不是3分。,False,False
302,0,,岗位是渠道推动，涉及销售政策和计划追踪，无AI或数字技术内容。,0,,岗位职责为渠道销售推动、方案策划和计划追踪，未明示要求任何数字工具、信息系统或技术技能，因此为0分。不是1分，因为没有提及Office等辅助工具的使用。,False,False
303,0,,岗位是直营业务管理，涉及促销和门店运营，无AI或数字技术内容。,0,,岗位职责为直营门店运营管理、促销策划和门店督导，未明示要求任何数字工具或技术技能，因此为0分。不是1分，因为没有提及任何数字工具的使用。,False,False
304,0,,岗位是行政专员，涉及行政和后勤管理，无AI或数字技术内容。,0,,岗位为行政专员，职责包括行政工作管理、安全消防协调、物资采购等，未明示要求使用数字工具或技术，因此为0分。不是1分，因为没有提及Office等辅助工具。,False,False
305,0,,岗位是销售内勤，涉及生产任务协调，无AI或数字技术内容。,0,,岗位为销售内勤，职责是传递生产任务信息并协调跟踪，未明示要求任何数字工具或技术，因此为0分。不是1分，因为没有提及任何数字工具的使用。,False,False
306,0,,岗位是保险售后服务，涉及保单检视和理赔，无AI或数字技术内容。,0,,岗位为保险售后服务岗，职责包括提醒客户保单检视、信息维护、提供建议和理赔服务，未明示要求使用数字工具或技术，因此为0分。不是1分，因为没有提及任何数字工具。,False,False
307,1,AI面试合格,岗位提到AI面试，但仅为招聘流程中的工具使用，非岗位核心内容。,0,,岗位为经理助理，描述中仅提到“AI面试合格”，但这是招聘流程中的AI工具，并非岗位职责要求AI技术，岗位本身是销售/助理类，未明示要求数字工具或技术，因此为0分。不是1分，因为没有提及任何数字工具的使用。,True,False
308,0,,岗位是市场拓展，涉及业务洽谈和客户关系，无AI或数字技术内容。,0,,岗位为市场拓展专员，职责包括市场研究、项目信息收集分析、客户开拓和合同签订，未明示要求使用数字工具或技术，因此为0分。不是1分，因为没有提及任何数字工具。,False,False
309,1,"能熟练运用AUTOCAD,CREO等专业软件",岗位核心是机械结构设计，使用CAD软件为辅助工具，无AI或高级数字技术。,1,"能熟练运用AUTOCAD,CREO等专业软件",岗位核心是产品结构设计，使用CAD/CREO是辅助设计的数字工具，移除后设计工作仍可进行但效率降低，因此为1分。不是0分因为明确要求使用专业软件；不是2分因为软件使用是辅助而非核心产出（核心是设计图纸和结构方案）。,False,False
310,0,,岗位为客户经理，涉及保险销售和客户服务，无任何AI或数字技术内容。,0,,岗位是客户经理，职责为金融理财服务和客户维护，未明示要求任何数字工具、信息系统或编程技能。不是1分因为无任何数字工具要求。,False,False
311,0,,岗位为保险销售经理，职责为销售和客户服务，无AI或数字技术内容。,0,,岗位是保险销售经理，职责为产品营销和售后服务，未明示要求使用数字工具或系统。不是1分因为无任何数字工具要求。,False,False
312,1,会计(J10292),会计岗位，使用ERP/SAP等信息系统为辅助工具，非核心数字技术。,0,,岗位是会计，职责为财务核算和报表编制，未明示要求使用任何数字工具或系统。不是1分因为无任何数字工具要求。,True,False
313,1,"熟悉各办公软件,熟悉ERP、SAP系统",会计岗位，使用ERP/SAP等信息系统为辅助工具，非核心数字技术。,1,"熟悉各办公软件,熟悉ERP、SAP系统",岗位是会计，核心是财务工作，要求熟悉办公软件和ERP/SAP系统是辅助完成财务工作的工具，移除后财务工作仍可进行，因此为1分。不是0分因为明确要求使用数字系统；不是2分因为系统使用是辅助而非核心产出。,False,False
315,0,,贷款专员，仅涉及金融贷款咨询和客户服务，无AI或数字技术内容。,0,,岗位是贷款专员，职责为金融贷款咨询和客户服务，未明示要求任何数字工具或系统。不是1分因为无任何数字工具要求。,False,False
316,0,,行政支持岗，负责党建品宣，无AI或数字技术内容。,0,,岗位是行政支持岗，职责为品牌宣传和党建活动，未明示要求使用数字工具或系统。标签中的“具备公众号运营经验”可能暗示数字工具，但正文未明确要求，且公众号运营可视为普通工具使用，但根据规则，证据必须来自原文连续短语，标签中的内容未在描述中体现，故不采用。不是1分因为无明确数字工具要求。,False,False
317,1,熟练使用网络平台寻找资源,营销工程师，使用网络平台为辅助工具，无核心数字技术。,1,熟练使用网络平台寻找资源,岗位是营销工程师，核心是营销和语言能力，使用网络平台是辅助寻找资源的工具，移除后营销工作仍可进行，因此为1分。不是0分因为明确要求使用网络平台；不是2分因为网络平台使用是辅助而非核心产出。,False,False
318,1,可以熟练使用各种办公软件,客服专员，使用办公软件为辅助工具，无核心数字技术。,1,熟练使用各种办公软件|按时做出统计报告,岗位核心是保险续保客服，办公软件和统计报告仅作为辅助工具，移除后客服职责仍成立，因此为1分；未涉及软件开发或AI研发，故不是2或3分。,False,False
319,1,能熟练使用AUTOCAD、PROE或SOLIDWORK等二维和三维绘图软件,机械设计工程师，使用CAD软件为辅助工具，无AI或高级数字技术。,1,熟练使用AUTOCAD、PROE或SOLIDWORK等二维和三维绘图软件,岗位核心是机械产品设计，CAD等软件是完成设计的工具，移除后设计职责仍存在，因此为1分；未涉及软件开发或AI，故不是2或3分。,False,False
320,1,熟悉运用PPT、EXCEL等常用,政保客户经理，使用办公软件为辅助工具，无核心数字技术。,1,熟悉运用PPT、EXCEL等常用,岗位核心是政保业务发展和客户关系维护，办公软件仅用于辅助汇报和数据分析，移除后业务职责仍成立，因此为1分；未涉及软件开发或AI，故不是2或3分。,False,False
321,0,,国内销售经理，职责为销售和市场，无AI或数字技术内容。,0,,岗位描述仅涉及销售策略、客户开发和市场调研，未明示要求任何数字工具、信息系统或技术技能，因此为0分；不是1分，因为无办公软件或系统使用要求。,False,False
322,1,熟练使用Solidworks、SAP、EXCEL、CAXA等软件,工艺工程师，使用Solidworks、SAP等软件为辅助工具，无核心数字技术。,1,熟练使用Solidworks、SAP、EXCEL、CAXA等软件,岗位核心是工艺编制和工装设计，软件作为辅助工具，移除后工艺职责仍成立，因此为1分；未涉及软件开发或AI，故不是2或3分。,False,False
324,1,熟练运用办公软件,商务经理，使用办公软件为辅助工具，无核心数字技术。,1,熟练运用办公软件,岗位核心是商务管理和运营，办公软件仅用于文档和数据分析，移除后管理职责仍成立，因此为1分；未涉及软件开发或AI，故不是2或3分。,False,False
325,0,,车物查勘定损岗，涉及现场查勘和理赔，无AI或数字技术内容。,0,,岗位描述仅涉及车险现场查勘和理赔服务，未明示要求任何数字工具或技术技能，因此为0分；不是1分，因为无办公软件或系统使用要求。,False,False
326,2,MEMS芯片开发|微电子、微机电系统|MEMS产品开发及工艺流程|MEMS的封装、测试技术,岗位核心是MEMS芯片开发，涉及微电子和微机电系统，属于嵌入式技术，但未明确提及AI或高级算法。,2,MEMS芯片开发|MEMS产品设计开发|MEMS的封装、测试技术,岗位核心是MEMS芯片开发，涉及芯片设计、工艺和封装测试，属于核心数字技术（硬件/芯片），但未明确提及AI/ML，因此为2分；不是3分，因为无AI研发内容；不是1分，因为芯片开发是核心产出而非辅助工具。,False,False
327,1,AI芯片公司有产品经验,岗位为硬件工程师，主要涉及硬件设计，但提及AI芯片公司经验，AI仅为背景而非核心工作内容。,2,"规划产品硬件架构,原理图设计,PCB布局设计|关键器件的选型和测试|指导PCBlayout工程师完成布局布线|编撰产品硬件规格书,调试及测试产品原型|AI芯片公司有产品经验",岗位核心职责是硬件架构设计、原理图与PCB设计、调试测试，属于核心数字技术（硬件开发），但未涉及AI/ML算法研发，因此为2分而非3分。,True,True
328,0,,岗位为远程理赔服务，无AI或数字技术内容。,0,,岗位职责为车险线上查勘、定损、理赔咨询，未明示要求任何数字工具、编程或数据分析，因此为0分而非1分。,False,False
330,0,,法务主管岗位，无AI或数字技术内容。,0,,岗位职责为合同起草审核、法律风险预警、合规管理等法务工作，未提及任何数字工具或技术，因此为0分而非1分。,False,False
331,1,进行统计和分析|数据分析|质量数据,质量工程师涉及数据统计和分析，但仅为辅助工作。,1,"定期收集来料、制程、成品检验、客退处理以及设备设施、仪器仪表运行和维护的各项数据,进行统计和分析",岗位核心是质量管理，使用数据统计和分析作为辅助工具，但未涉及系统开发或高级建模，因此为1分而非2分。,False,False
332,0,,采购工程师岗位，无AI或数字技术内容。,0,,岗位职责为采购执行、供应商开发、成本控制，熟悉机加工工艺和机械图纸属于专业知识，未明示要求数字工具或技术，因此为0分而非1分。,False,False
333,0,,理赔服务岗位，无AI或数字技术内容。,0,,岗位职责为车险理赔全流程处理、现场调查，未明示要求数字工具或技术，因此为0分而非1分。,False,False
334,0,,门店质量巡查岗位，无AI或数字技术内容。,0,,岗位职责为门店商品质量复查、测试，未明示要求数字工具或技术，因此为0分而非1分。,False,False
335,1,EXCEL|Word|ERP系统,仓管员使用办公软件和ERP系统，但仅为辅助工具。,1,会熟练使用EXCEL、Word等办公软件|会使用ERP系统工作经验者优先,岗位核心是仓库出入库作业，使用办公软件和ERP系统作为辅助工具，因此为1分而非2分。,False,False
336,2,AutoCAD|pro-e|ug|solidworks,绘图设计员核心工作为使用设计软件，软件是岗位核心。,1,熟练运用各类设计软件(如:AutoCAD/pro-e/ug/solidworks),岗位是绘图设计员，核心产出是机械设计图纸。使用CAD等设计软件是完成设计工作的工具，属于辅助数字工具，因此为1分。不是0分，因为明确要求使用专业软件；不是2分，因为岗位不是开发或运维这些软件，而是使用它们进行设计。,True,True
337,1,统计分析,质量经理涉及数据统计分析，但仅为辅助工作。,0,,岗位是质量经理，职责围绕质量管理体系、原材料与产品质量控制、供应商审核等，未明示要求使用数字工具、信息系统、编程或数据分析。虽然提及CNAS、TS16949等体系，但未要求使用特定软件或技术工具，因此为0分。不是1分，因为无任何数字工具要求。,True,False
338,0,,保险销售岗位，描述未涉及数字技术或信息系统使用,1,智能分配精准客户,岗位是保险业务经理，核心产出是销售保险。描述中提到“智能分配精准客户”，表明使用智能系统辅助销售，但销售仍是核心职责，技术仅为辅助工具，因此为1分。不是0分，因为明确提及智能系统；不是2分，因为不涉及系统开发或核心数字技术。,True,False
339,1,CAD软件,技术规划经理要求熟练应用CAD软件，但仅为辅助工具。,1,熟练应用CAD软件,岗位是技术规划经理，核心职责是技术动态研究、项目预研等。要求熟练应用CAD软件，但CAD是辅助完成技术规划的工具，并非岗位核心产出，因此为1分。不是0分，因为明确要求使用CAD；不是2分，因为岗位不是以CAD开发或设计为核心，而是使用它进行规划。,False,False
340,0,,客户经理岗位，无AI或数字技术内容。,0,,岗位是金融租赁客户经理，职责描述为通用客户经理条件，未明示要求使用数字工具、信息系统、编程或数据分析。虽然提及理工类、科技信息类专业背景，但未在岗位职责中要求具体技术技能，因此为0分。不是1分，因为无任何数字工具要求。,False,False
341,1,三坐标检测,机加巡检涉及三坐标检测，属于数字测量工具，但仅为辅助。,1,三坐标检测实施情况的跟踪和确认,岗位核心是质量检验，三坐标检测为辅助检测工具，非核心数字技术开发；不是0分因明确使用数字检测设备；不是2分因不涉及系统开发或建模。,False,False
342,0,,银行服务专员岗位，无AI或数字技术内容。,0,,岗位是银行服务专员，职责是协助客户办理业务、推广产品，未明示要求使用数字工具、信息系统或编程。虽然工作环境在银行，但岗位描述无任何技术工具要求，因此为0分。不是1分，因为无数字工具要求。,False,False
343,1,APP|微信|微博|论坛|新媒体运营平台,新媒体渠道总监涉及数字平台运营，但仅为辅助工作。,1,立足APP、微信、微博、论坛等与金融财经有关的互联网、新媒体运营平台,岗位是新媒体渠道总监/经理，核心职责是渠道合作与业务开发。要求立足APP、微信等新媒体平台，这些是开展业务的工具，属于辅助数字工具，因此为1分。不是0分，因为明确要求使用新媒体平台；不是2分，因为岗位不是开发或运维这些平台，而是使用它们进行营销。,False,False
344,1,人力资源管培生(重庆),岗位要求熟练使用办公软件和基本网络知识，属于数字工具辅助工作，但核心是人事管理。,1,"熟练使用办公软件,具备基本的网络知识",岗位核心是人力资源事务，办公软件和网络知识仅作为辅助工具，移除后岗位主要产出仍成立，因此为1分；未涉及软件开发或AI研发，故不是2或3分。,False,False
346,2,协助AI项目推进|记录并分析质量数据定期提交质量报告,岗位涉及协助AI项目推进、数据分析以及使用专业质量工具，软件和数据是核心部分。,2,协助AI项目推进,岗位职责包含协助AI项目推进，但核心是质量工程，AI仅为协助推进，未明确要求AI研发，因此为2分；不是1分因为涉及AI项目推进，不是3分因为未明确AI/ML研发职责。,False,False
348,0,,岗位职责主要是政府事务和医保准入，无实质AI或数字技术内容。,0,,岗位职责为政府事务和医保准入，未明示要求任何数字工具、信息系统或技术，因此为0分；不是1分因为无办公软件等数字工具要求。,False,False
349,0,,与348相同，政府事务经理岗位，无AI或数字技术内容。,0,,岗位职责为政府事务和医保准入，未明示要求任何数字工具、信息系统或技术，因此为0分；不是1分因为无办公软件等数字工具要求。,False,False
350,1,熟悉金蝶成本核算模块|全面负责成本模块的实施工作,岗位要求使用金蝶软件进行成本核算，属于数字工具辅助工作。,1,熟悉金蝶成本核算模块|有金蝶操作经验优先考虑,岗位核心是成本会计，金蝶作为财务软件辅助成本核算，移除后会计工作仍可进行，因此为1分；不是2分因为未涉及软件开发或系统实施。,False,False
351,1,负责台账的更新及日常数据运营,涉及数据运营和台账更新，但仅为辅助性数据处理。,0,,岗位职责为公共资源运营和招商，未明示要求任何数字工具或技术，因此为0分；不是1分因为无办公软件等数字工具要求。,True,False
352,0,,法务主管岗位，无AI或数字技术内容。,0,,岗位职责为法务支持，未明示要求任何数字工具或技术，因此为0分；不是1分因为无办公软件等数字工具要求。,False,False
353,0,,保险代理人岗位，无实质AI或数字技术内容。,0,,岗位职责为保险销售和综合金融，未明示要求任何数字工具或技术，因此为0分；不是1分因为无办公软件等数字工具要求。,False,False
354,0,,焊接工艺工程师，无AI或数字技术内容。,0,,岗位描述仅涉及焊接技术指导、质量检查、作业指导书编制等传统制造职责，未提及任何数字工具、信息系统、编程或AI技术。因此为0分，不是1分（无辅助数字工具要求）。,False,False
355,0,,销售代表岗位，无AI或数字技术内容。,1,准时上报公司要求递交的各种报表|准确掌握负责区域的产品相关数据,岗位核心是销售，要求使用报表和数据分析作为辅助工具，但移除这些数字工具后销售职责仍成立。因此为1分，不是0分（明确要求数据报表），也不是2分（非核心数字技术产出）。,True,False
356,2,计算机、遥感、测绘、GIS等相关专业|进行方案制作、方案论证、项目申报|编写技术方案或投标文件,岗位核心涉及GIS、遥感等软件技术，以及方案制作和招投标，软件和信息化是核心。,1,计算机、遥感、测绘、GIS等相关专业,岗位核心是售前方案支持，虽要求GIS相关专业背景，但职责描述未明确要求软件开发或AI研发，仅将GIS作为领域知识辅助售前工作。移除GIS技术后售前支持仍成立。因此为1分，不是2分（无核心数字技术开发职责）。,True,True
357,1,熟练使用OFFICE等办公软件,要求熟练使用办公软件，但核心是企业文化宣传，数字工具仅为辅助。,1,熟练使用OFFICE等办公软件,岗位核心是企业文化宣传与活动策划，要求熟练使用Office作为辅助工具，但移除后核心职责仍成立。因此为1分，不是0分（明确要求办公软件），也不是2分（非核心数字技术产出）。,False,False
358,1,能熟练运用OFFICE办公软件,要求熟练使用办公软件，但核心是客户经理业务，数字工具仅为辅助。,1,能熟练运用OFFICE办公软件,岗位核心是对公客户经理，销售与渠道维护是主要产出，要求熟练使用Office作为辅助工具。因此为1分，不是0分（明确要求办公软件），也不是2分（非核心数字技术产出）。,False,False
359,1,CAD|SolidWorks|AutoCAD,岗位标签和描述提及CAD等软件，但核心是材料工艺研发，数字工具为辅助。,1,CAD|SolidWorks|AutoCAD,岗位核心是材料工艺研发，标签中提及CAD等软件，但描述中未要求软件开发或AI，这些软件仅作为辅助设计工具。移除后工艺研发仍成立。因此为1分，不是0分（标签明确提及数字工具），也不是2分（非核心数字技术产出）。,False,False
360,1,能够熟练操作办公软件,要求熟练操作办公软件，但核心是外贸跟单，数字工具仅为辅助。,1,能够熟练操作办公软件,岗位核心是外贸跟单，要求熟练操作办公软件作为辅助工具，但移除后跟单职责仍成立。因此为1分，不是0分（明确要求办公软件），也不是2分（非核心数字技术产出）。,False,False
361,0,,人力资源助理岗位描述未提及任何数字工具或技术,0,,岗位描述仅涉及人力资源管理操作流程，未提及任何数字工具、信息系统或编程要求。因此为0分，不是1分（无辅助数字工具要求）。,False,False
362,0,,岗位为采购副经理，涉及五金行业和商务谈判，无AI或数字技术内容。,0,,岗位核心是采购管理、商务谈判和成本控制，未明示要求任何数字工具、信息系统、编程或数据分析。移除数字技术后采购职责仍成立，因此为0分，不是1分。,False,False
363,0,,会计岗位描述未明确提及使用财务软件或数字工具,0,,岗位是传统会计，职责为会计核算、报表编制和税务申报，未明示要求使用数字工具或系统。移除数字技术后会计核心产出仍成立，因此为0分，不是1分。,False,False
364,1,各类办公软件操作熟练掌握,团体客户经理要求熟练使用办公软件，属于数字工具辅助工作。,1,各类办公软件操作熟练掌握,岗位核心是保险销售和客户维护，办公软件仅作为辅助工具。移除办公软件后销售职责仍成立，因此为1分，不是0分（因明确要求办公软件）或2分（非核心数字技术）。,False,False
366,2,组织和实施软件测试项目|完成数据库应用软件的功能测试|熟悉数据库常用操作命令|了解Java语言|熟悉LINUX或UNIX系统常用命令,测试工程师岗位核心是软件测试，涉及数据库和编程，属于软件技术核心。,2,"组织和实施软件测试项目|完成数据库应用软件的功能测试|熟悉数据库常用操作命令,了解Java语言|熟悉LINUX或UNIX系统常用命令",岗位核心是软件测试，涉及数据库、编程语言和操作系统命令，属于核心数字技术。移除这些技术后测试工程师职责不成立，因此为2分，不是1分（非辅助工具）或3分（未涉及AI/ML）。,False,False
367,1,"熟练操作SAP,SRM系统、WORD、EXCEL,CAD等办公软件",采购工程师要求使用SAP等信息系统，但仅为辅助工具。,1,"熟练操作SAP,SRM系统、WORD、EXCEL,CAD等办公软件",岗位核心是采购和供应商管理，SAP、SRM、CAD等系统仅作为辅助工具使用。移除这些工具后采购职责仍成立，因此为1分，不是0分（因明确要求数字工具）或2分（非核心数字技术开发）。,False,False
368,1,ERP系统数据的维护|标准工时录入ERP系统|掌握Solidworks或Proe、CAD等办公软件使用方法,工艺工程师使用ERP系统和CAD软件，但仅为辅助工作。,1,掌握Solidworks或Proe、CAD等办公软件使用方法|ERP系统数据的维护,岗位核心是工艺工程和机械加工流程，CAD、Solidworks等软件和ERP系统仅作为辅助工具。移除这些工具后工艺工程师职责仍成立，因此为1分，不是0分（因明确要求数字工具）或2分（非核心数字技术开发）。,False,False
369,1,"跟踪微信推广效果,分析数据并改进|有PS基础",新媒体编辑涉及数据分析和简单数字工具，但仅为辅助。,1,"有PS基础,能根据新媒体内容选图、配图和简单设计|会网络视频的简单 编辑",岗位核心是新媒体内容编辑和运营，PS和视频编辑仅作为辅助工具。移除这些工具后编辑职责仍成立，因此为1分，不是0分（因明确要求数字工具）或2分（非核心数字技术开发）。,False,False
370,1,"熟练操作办公室软件系统,特别是EXCEL、WORD、PPT等",行政前台要求使用办公软件，属于数字工具辅助。,1,"熟练操作办公室软件系统,特别是EXCEL、WORD、PPT等",岗位核心是行政接待和事务处理，办公软件仅作为辅助工具。移除办公软件后行政职责仍成立，因此为1分，不是0分（因明确要求办公软件）或2分（非核心数字技术）。,False,False
371,1,熟练掌握Office办公软件,国内业务员要求使用Office办公软件，仅为辅助。,1,熟练掌握Office办公软件,岗位核心是销售业务，Office软件是辅助工具，移除后销售职责仍成立，因此为1分；不是0分因为明确要求数字工具，不是2分因为不涉及软件开发或核心数字技术。,False,False
372,0,,厨师岗位无任何AI或数字技术内容。,0,,厨师岗位描述未提及任何数字工具或技术，核心职责是烹饪，因此为0分；不是1分因为无任何数字工具要求。,False,False
373,2,原理图设计|PCB Layout设计|FPGA、ARM处理器、视频图像、以太网接口等数字电路设计|熟练Cadence(OrCAD、Allegro)设计工具,硬件工程师岗位核心是硬件设计和嵌入式技术，属于自动化/嵌入式技术核心。,2,FPGA、ARM处理器、视频图像、以太网接口等数字电路设计|熟练Cadence(OrCAD、Allegro)设计工具|硬件电路开发、测试,岗位核心是硬件开发，涉及数字电路设计、FPGA等嵌入式技术，属于核心数字技术，因此为2分；不是1分因为硬件开发是核心产出，不是3分因为未涉及AI/ML。,False,False
374,0,,招商银行客户经理为销售岗位，无AI或数字技术内容。,0,,客户经理岗位描述未提及任何数字工具或技术，核心是信用卡推广和客户服务，因此为0分；不是1分因为无明确数字工具要求。,False,False
375,1,熟悉各种办公软件操作,车代渠道销售经理要求使用办公软件，仅为辅助。,1,熟悉各种办公软件操作,岗位核心是保险渠道销售与维护，办公软件是辅助工具，移除后销售职责仍成立，因此为1分；不是0分因为明确要求办公软件，不是2分因为不涉及软件开发或核心数字技术。,False,False
376,0,,产品经理岗位描述为金融销售，无AI或数字技术内容。,0,,产品经理（理财方向）描述未提及任何数字工具或技术，核心是理财规划和销售，因此为0分；不是1分因为无明确数字工具要求。,False,False
377,0,,保安岗位无任何AI或数字技术内容。,0,,保安岗位描述未提及任何数字工具或技术，核心是人员车辆登记，因此为0分；不是1分因为无明确数字工具要求。,False,False
378,0,,岗位描述无数字技术或AI内容,0,,储备干部岗位未明示要求使用任何数字工具、编程或信息系统；专业背景不能作为正分证据；不是1分因无工具使用要求。,False,False
379,0,,岗位涉及国际业务拓展和渠道建设，无AI或数字技术内容。,0,,岗位职责为国际业务拓展、渠道建设和产品规划，未明示要求任何数字工具、信息系统、编程或AI技术。因此为0分，不是1分（无辅助数字工具要求）。,False,False
380,0,,售后专员主要负责客户服务和销售支持，无AI或数字技术内容。,0,,岗位为售后专员，职责包括理赔协助、投诉处理、续保等，未提及任何数字工具或技术使用要求。因此为0分，不是1分（无辅助数字工具要求）。,False,False
381,1,建设维护人才库,涉及信息收集和人才库维护，属于数据处理辅助工作。,0,,岗位为招聘专员，职责包括人才地图绘制、招聘执行、渠道维护等，未明示要求使用数字工具或技术。因此为0分，不是1分（无辅助数字工具要求）。,True,False
382,1,负责行业信息收集|负责公司微信公众号日常运营管理,涉及信息收集和新媒体运营，数字工具为辅助。,1,"负责公司微信公众号日常运营管理|时刻关注网络潮流动态,新媒体热门话题",岗位核心是新媒体内容编辑与运营，使用微信公众号等数字平台是辅助工具，移除后编辑工作仍成立。因此为1分，不是2分（非软件开发或系统建设），也不是0分（明确使用数字平台）。,False,False
383,0,,英语翻译岗位，无AI或数字技术内容。,0,,岗位为英语翻译，职责为翻译、资料整理等，未明示要求任何数字工具或技术。因此为0分，不是1分（无辅助数字工具要求）。,False,False
384,0,,行政经理岗位，涉及人事、行政、后勤管理，无AI或数字技术内容。,0,,岗位为行政经理，职责包括人才建设、总务管理、物业食堂等，未明示要求使用数字工具或技术。因此为0分，不是1分（无辅助数字工具要求）。,False,False
385,1,熟练掌握办公软件及用友等财务核算系统,使用财务软件和办公软件，属于数字工具辅助工作。,1,熟练掌握办公软件及用友等财务核算系统,岗位为财务会计，核心是财务核算，使用办公软件和财务系统是辅助工具，移除后财务工作仍成立。因此为1分，不是2分（非系统开发或核心数字技术），也不是0分（明确要求使用数字工具）。,False,False
386,0,,综合类管培生，未提及具体AI或数字技术内容。,0,,岗位为综合类管培生，描述仅提及专业方向（人力资源、行政等），未明示要求任何数字工具或技术。因此为0分，不是1分（无辅助数字工具要求）。,False,False
387,1,能熟练操办公软件和办公设备,要求熟练使用办公软件，属于数字工具辅助。,1,能熟练操办公软件和办公设备,岗位核心是业务跟单，办公软件仅作为辅助工具使用，移除后跟单职责仍成立，因此为1分；不是0分因为明确要求办公软件，不是2分因为不涉及软件开发或核心数字技术。,False,False
388,1,电子门禁管控熟练,涉及电子门禁系统操作，属于数字工具辅助。,1,电子门禁管控熟练,宿管员核心是宿舍管理，电子门禁是辅助工具，移除后管理职责仍成立，因此为1分；不是0分因为明确要求电子门禁操作，不是2分因为不涉及系统开发或核心数字技术。,False,False
389,1,负责对接新氧、更美、小红书等平台的图文编辑,涉及新媒体平台运营和图文编辑，数字工具为辅助。,1,"负责各新媒体平台的文案内容的编辑撰写,排版、运营|负责对接新氧、更美、小红书等平台的图文编辑",医美文案核心是内容创作，新媒体平台和图文编辑工具是辅助手段，移除后文案工作仍成立，因此为1分；不是0分因为明确使用数字平台，不是2分因为不涉及软件开发或核心数字技术。,False,False
390,0,,生产主管岗位，涉及生产管理，无AI或数字技术内容。,0,,生产主管职责为生产计划、质量控制、团队管理等，未明示要求数字工具或技术，因此为0分；不是1分因为无任何数字工具要求。,False,False
391,1,ECN、BOM的日常维护管理,涉及BOM等数据维护，属于数据处理辅助工作。,1,ECN、BOM的日常维护管理,体系主管核心是管理体系运行与审核，ECN/BOM维护是辅助性系统操作，移除后体系管理职责仍成立，因此为1分；不是0分因为明确涉及系统维护，不是2分因为不涉及系统开发或核心数字技术。,False,False
392,0,,外贸业务员，描述为“不限”，无AI或数字技术内容。,0,,外贸业务员岗位描述为“不限”，无任何数字技术要求，因此为0分；不是1分因为无证据。,False,False
393,0,,金融销售顾问，涉及金融产品销售，无AI或数字技术内容。,0,,金融销售顾问职责为销售理财产品，未明示要求数字工具或技术，因此为0分；不是1分因为无任何数字工具要求。,False,False
394,0,,项目主管，负责船舶设备现场安装管理，无AI或数字技术内容。,0,,项目主管职责为现场管理、安装指导等，未明示要求数字工具或技术，因此为0分；不是1分因为无任何数字工具要求。,False,False
395,1,CMES、水质和VOC设备日常维护保养|现场设备故障维修及数据异常处理|掌握日常办公软件操作,岗位涉及环保监测设备维护和数据异常处理，使用办公软件，但数字技术仅为辅助。,1,掌握日常办公软件操作,岗位核心职责是环保监测设备运维，办公软件仅作为辅助工具，移除后运维工作仍成立，因此为1分；未涉及软件开发或AI研发，故不是2或3分。,False,False
396,2,"使用自动化测试设备和技术|熟悉至少一种测试编程语言如labview、python,VB或C#|能够熟练使用Excel、Matlab等工具进行数据处理",岗位核心是晶圆测试，涉及自动化测试设备和编程，软件和数据处理是核心技能。,2,"使用自动化测试设备和技术|熟悉至少一种测试编程语言如labview、python,VB或C#|熟练使用Excel、Matlab等工具进行数据处理",岗位核心产出是晶圆电气性能测试与分析，涉及自动化测试设备和编程，属于核心数字技术；但未明确要求AI/ML研发，故为2分而非3分。,False,False
397,2,精通自动化测试方法和软件发布管理|编写测试工具|设计测试数据和测试用例,手机软件测试工程师，自动化测试和软件测试工具是岗位核心。,2,编写测试工具|精通自动化测试方法和软件发布管理,岗位核心职责是手机软件测试，包括编写测试工具和自动化测试，属于软件开发相关核心数字技术；未涉及AI/ML，故为2分而非3分。,False,False
398,1,通过微信群等做好客户日常经营,使用微信群进行客户经营，数字工具仅为辅助沟通。,1,通过微信群等做好客户日常经营,岗位核心是客户服务和销售，使用微信群等数字工具辅助经营，移除后销售职责仍成立，故为1分；未涉及系统开发或AI，故不是2或3分。,False,False
399,0,,诉讼追偿岗，无AI或数字技术内容。,1,熟悉办公软件操作,岗位核心是诉讼追偿，办公软件仅作为辅助工具，移除后法律追偿工作仍成立，故为1分；未涉及软件开发或AI，故不是2或3分。,True,False
400,1,实验室设备计量规划和结果确认工作,环境可靠性试验，涉及技术文件编写和计量，但数字技术仅为辅助。,1,"试验过程记录、报告|作业指导书,操作规程等技术类文件的编写",岗位核心是环境可靠性试验的策划与实施，使用试验设备并编写文件，但未明确要求软件开发或高级数字技术，数字工具仅为辅助，故为1分；未涉及AI/ML，故不是2或3分。,False,False
401,0,,日语翻译岗位，无AI或数字技术内容。,0,,岗位核心是日语翻译和实验室协助，未明示要求任何数字工具或技术，故为0分；无证据支持更高分数。,False,False
402,0,,财产险理赔岗，无AI或数字技术内容。,0,,岗位核心是财产险理赔查勘、定损，未明示要求任何数字工具或技术，故为0分；无证据支持更高分数。,False,False
404,0,,资深编辑，内容创作和策划，无AI或数字技术内容。,0,,岗位核心是内容撰写与策划，未明示要求任何数字工具、编程或数据分析。因此为0分，不是1分因为无任何数字工具要求。,False,False
405,0,,工程经理（施工），无AI或数字技术内容。,0,,岗位核心是施工工程管理，描述中未提及任何数字工具、软件或技术系统。因此为0分，不是1分因为无数字工具要求。,False,False
406,2,负责固收行情系统、交易系统、投后管理等系统的功能架构与系统架构设计|负责固收系统的底层框架设计及通用能力开发|熟练掌握Java及其相关框架(SpringBoot/Dubbo/MyBatis等),FICC架构师，负责交易系统架构设计和开发，软件和系统是岗位核心。,2,负责固收行情系统、交易系统、投后管理等系统的功能架构与系统架构设计|负责固收系统的底层框架设计及通用能力开发|5年以上Java开发经验|熟练掌握Java及其相关框架(SpringBoot/Dubbo/MyBatis等),岗位核心是固收交易系统的架构设计与开发，属于软件系统开发，为2分。不是1分因为系统开发是核心产出而非辅助工具；不是3分因为未涉及AI/ML。,False,False
407,1,经营报表过程管理体系,岗位涉及财务数据分析和报告，使用信息系统辅助,1,依照经营报表过程管理体系|输出报告,岗位核心是财务运营分析，使用报表和报告等数字工具辅助，但财务分析仍是主业。因此为1分，不是0分因为明确涉及报表体系；不是2分因为未涉及系统开发或高级建模。,False,False
408,0,,销售经理，无AI或数字技术内容。,0,,岗位为销售经理，描述仅含标签无具体职责，未明示任何数字工具或技术。因此为0分，不是1分因为无任何数字工具要求。,False,False
409,0,,OTC销售代表，无AI或数字技术内容。,1,"能够准备,编辑和演示幻灯片等销售和市场拓展方法",岗位核心是医药销售，使用幻灯片作为辅助工具，销售仍是主业。因此为1分，不是0分因为明确要求编辑演示幻灯片；不是2分因为幻灯片制作非核心产出。,True,False
410,2,负责巨量千川的直播间投放计划指定以及日常投放运营|独立搭建信息流或视频账户结构,千川优化运营，核心是广告投放优化和数据分析，数字技术是岗位核心。,1,熟练操作巨量引擎抖音平台推广账户后台|精通Excel,岗位核心是广告投放优化，数字平台和Excel为辅助工具；不是0分因明确工具要求；不是2分因不涉及软件开发或高级模型研发。,True,True
411,1,对采购物料价格信息收集和分析|对采购物料价格信息系统管理和维护|熟练使用办公软件,核价主管，使用信息系统和办公软件进行价格分析，数字工具为辅助。,1,熟练使用办公软件|对采购物料价格信息系统管理和维护|定期对采购成本统计分析,岗位核心是采购核价，使用办公软件和信息系统进行数据管理和分析，但采购核价仍是主业。因此为1分，不是0分因为明确要求使用信息系统和统计分析；不是2分因为系统维护是辅助性工作，非核心软件开发。,False,False
413,1,线上查勘|线上提供解答客户理赔咨询服务|在线与客户协商确定理赔方案,岗位涉及线上系统操作和远程服务，但核心是理赔业务，数字工具仅为辅助。,0,,岗位职责为线上查勘、定损和理赔咨询，未明示要求使用数字工具、编程或数据分析。移除任何数字技术后，理赔核心产出仍成立。因此为0分，不是1分（无辅助数字工具要求）。,True,False
414,2,完成3D/2D图纸|熟练使用Auto CAD绘图|了解CATIA、Pro-E,机械设计岗位以CAD等软件为核心工具，属于信息化技术核心。,1,能熟练使用Auto CAD绘图|了解CATIA、Pro-E,岗位核心是机械设计，CAD等软件是辅助设计工具。移除这些软件后，机械设计产出仍成立。因此为1分，不是2分（软件非核心产出）。,True,True
415,1,熟练操作计算机及office办公软件|数据统计,岗位涉及数据录入和系统更新，但数字工具仅为辅助。,1,熟练操作计算机及office办公软件,岗位核心是数据录入与维护，Office是辅助工具。移除后录入工作仍可手动完成。因此为1分，不是2分（非系统开发或核心数字技术）。,False,False
416,2,C++开发|ffmpeg和webrtc的集成|音视频编解码经验|多线程与基本的数据结构,软件开发是岗位核心，涉及音视频技术，但未明确提及AI或高级算法。,2,网络自适应传输技术的实现|负责公司移动端sdk的开发与维护工作|负责ffmpeg和webrtc的集成|有音视频编解码经验,岗位核心是软件开发，涉及网络传输、SDK、音视频编解码，属于核心数字技术。未提及AI/ML，因此为2分，不是3分。,False,False
417,2,C/C+/VC++|上位机软件开发|数字图像处理,软件开发是核心，涉及图像处理，但未明确AI或机器学习。,2,熟悉掌握C/C+/VC++|具有丰富的上位机软件开发经验|对数字图像处理有一定了解,岗位核心是上位机软件开发，涉及C++和图像处理，属于核心数字技术。未明确AI/ML，因此为2分，不是3分。,False,False
418,1,熟练使用微软办公软件|用友ERP|通达OA,人力资源岗位使用ERP和OA等系统，但仅为辅助工具。,1,熟练使用微软办公软件(PPT、EXCEL、WORD)、用友ERP、通达OA等常用软件,岗位核心是人力资源规划，办公软件和ERP是辅助工具。移除后人力资源工作仍可进行。因此为1分，不是2分（非系统开发或核心数字技术）。,False,False
419,2,Openstack|Ceph|分布式存储|虚拟化架构|Docker容器,云平台管理涉及虚拟化、分布式存储等技术，是岗位核心，但未明确AI。,2,"负责数据中心、服务器的部署,配置以及日常维护|具备一年以上Openstack及Ceph分布式存储相关项目经验|熟练编写Shell脚本,Python编程|熟悉Openstack虚拟化架构下的系统维护管理",岗位核心是云平台系统管理，涉及服务器部署、虚拟化、分布式存储和脚本编程，属于核心数字技术。未涉及AI/ML，因此为2分，不是3分。,False,False
420,0,,市场营销岗位，无任何AI或数字技术内容。,0,,岗位是市场营销，职责为客户拓展和客群经营，未明示要求任何数字工具或技术。移除数字技术后营销核心产出不变。因此为0分，不是1分。,False,False
421,1,熟悉EXCEL操作,人事助理岗位使用Excel等办公软件，仅为辅助。,1,熟悉EXCEL操作,岗位核心是HR人事管理，Excel仅作为辅助工具使用，移除后HR工作仍成立，因此为1分；未涉及软件开发或AI研发，故不是2或3分。,False,False
422,1,会看CAD图纸,生产管理岗位涉及看CAD图纸，但数字工具仅为辅助。,1,会看CAD图纸优先,岗位核心是充电桩生产加工管理，CAD看图是辅助技能，移除后管理职责仍成立，因此为1分；未涉及系统开发或AI，故不是2或3分。,False,False
423,0,,车代销售经理岗位，无AI或数字技术内容。,0,,岗位是车代销售经理，职责为业务达成、网点维护、客户挖掘等，未明示要求任何数字工具或技术，因此为0分；不是1分因为无Excel等工具要求。,False,False
424,0,,销售岗位，无AI或数字技术内容。,0,,岗位是销售专员，职责为市场开拓、商务谈判、合同执行等，未明示要求数字工具或技术，因此为0分；不是1分因为无任何软件或系统使用要求。,False,False
425,0,,销售岗位，无AI或数字技术内容。,0,,岗位是销售专员，职责为市场开拓、商务谈判、合同执行等，未明示要求数字工具或技术，因此为0分；不是1分因为无任何软件或系统使用要求。,False,False
426,1,检测机构工作经验,材料工程师涉及测试和分析，可能使用数字工具，但仅为辅助。,0,,岗位核心是材料认证与测试，未明示要求数字工具、信息系统或编程；不是1分因无工具性软件使用描述。,True,False
427,1,ERP系统录入、填报、审核,研发助理使用ERP系统，但仅为辅助工作。,1,负责ERP系统录入、填报、审核工作,岗位核心是研发助理，ERP系统操作是辅助性事务，移除后助理职责仍成立，因此为1分；不是2分因为不涉及系统开发或核心数字技术。,False,False
428,2,半导体集成电路技术|机械设计知识、电气原理,技术课长管理半导体集成电路技术，涉及信息化和自动化，是岗位核心。,0,,岗位是技术课长，职责为人员管理、半导体集成电路技术现场管理，但未明示要求具体数字工具或技术，因此为0分；不是1分因为无明确软件或系统使用要求。,True,True
429,0,,岗位描述为保险销售，无AI或数字技术内容。,0,,岗位描述仅涉及销售、客户维护、理赔协调等一般业务职责，未明示要求任何数字工具、信息系统或编程技能。因此为0分，不是1分（无工具要求）。,False,False
430,1,精通财务软件(如用友、金蝶)和ERP系统的成本模块操作|能熟练使用Excel等进行数据处理和分析,数字工具和数据处理为辅助工作，非核心。,1,精通财务软件(如用友、金蝶)和ERP系统的成本模块操作|能熟练使用Excel等进行数据处理和分析,岗位核心是成本核算与分析，使用财务软件和Excel是辅助工具，移除后成本核算仍可通过其他方式完成，故为1分。不是2分，因为不涉及软件开发或系统搭建。,False,False
431,0,,研发工程师岗位，但描述未提及AI或数字技术。,0,,描述仅提及产品研发、技术改进实验和报告撰写，未明示任何数字工具、编程或数据分析要求。因此为0分，不是1分（无工具要求）。,False,False
432,0,,营销总监岗位，无AI或数字技术内容。,0,,岗位职责为区域营销管理、市场开拓和品牌推广，未明示要求使用数字工具或技术系统。因此为0分，不是1分（无工具要求）。,False,False
433,2,嵌入式硬件开发工程师|开发相应的硬件模块|精通数字电路、模拟电路|熟练使用电路设计软件,嵌入式硬件开发是岗位核心，涉及数字电路和设计软件。,2,精通数字电路、模拟电路|熟练使用电路设计软件|精通硬件开发技能,岗位核心是硬件模块开发与测试，涉及电路设计和硬件开发技能，属于核心数字技术。不是3分，因为未提及AI/ML。,False,False
434,0,,农险理赔岗，无AI或数字技术内容。,0,,描述仅提及农险理赔工作，未明示任何数字工具或技术系统要求。因此为0分，不是1分（无工具要求）。,False,False
435,1,熟悉办公软件|会使用平面设计软件或专业相机拍照者优先,办公软件和设计软件为辅助工具。,1,熟悉办公软件|会使用平面设计软件或专业相机拍照者优先,岗位核心是企业文化宣传和活动组织，办公软件和设计软件是辅助工具，移除后主要职责仍可完成，故为1分。不是2分，因为不涉及软件开发或系统核心产出。,False,False
436,0,,技术推广销售，无AI或数字技术内容。,0,,岗位是混凝土材料的技术推广销售，描述未明示要求使用数字工具、编程或数据分析。因此为0分，不是1分（无工具要求）。,False,False
437,1,熟练使用办公软件,办公软件为辅助工具。,1,熟练使用办公软件,岗位是文员，核心职责是资料档案管理，办公软件是辅助工具。移除办公软件后，档案管理仍可手工完成，因此不是核心数字技术。没有涉及软件开发或AI，所以不是2或3分。,False,False
438,0,,CQE工程师，无AI或数字技术内容。,1,熟悉ISO9001、IATF16949质量管理体系和质量分析工具,岗位是CQE工程师，核心职责是质量管理和投诉处理。质量分析工具是辅助手段，移除后岗位主要产出仍成立。没有明确要求软件开发或AI研发，因此不是2或3分。,True,False
439,1,熟练使用PS、AI等设计软件,设计软件为辅助工具。,1,熟练使用PS、AI等设计软件,岗位是设计实习生，核心职责是设计排版和物料制作。PS、AI是完成设计工作的工具，移除后设计工作无法进行，但设计本身是核心产出，软件只是工具，因此属于辅助数字工具。没有涉及软件开发或AI，所以不是2或3分。,False,False
440,1,熟悉缺陷管理流程、工具,使用缺陷管理工具等数字工具辅助测试工作,1,熟悉缺陷管理流程、工具,岗位是硬件测试经理，核心职责是测试项目管理。缺陷管理工具是辅助测试流程的工具，移除后测试管理仍可进行。没有明确要求软件开发或AI研发，因此不是2或3分。,False,False
441,0,,人事行政主管，无AI或数字技术内容。,0,,岗位是人事行政主管，职责包括招聘、员工关系、行政事务等，没有明示要求使用数字工具、信息系统或编程。因此是0分，不是1分，因为未提及任何办公软件或系统。,False,False
442,1,数统类、精算类、计算机类,提及计算机类专业，但岗位为市场营销，数字技术为辅助。,0,,岗位是管培生（市场营销），职责是业务营销支持、商机促成等，虽然专业要求提到计算机类，但岗位本身没有明示要求数字技术。因此是0分，不是1分，因为未提及具体工具或系统使用。,True,False
443,1,熟悉ERP系统及常规办公软件的使用,ERP和办公软件为辅助工具。,1,熟悉ERP系统及常规办公软件的使用,岗位是计划员，核心职责是订单跟踪和库存监控。ERP系统和办公软件是辅助工具，移除后仍可手工完成部分工作，因此是1分。没有涉及软件开发或AI，所以不是2或3分。,False,False
444,1,熟练掌握常用办公软件|具备良好的数据处理能力,办公软件和数据处理为辅助。,1,"熟练掌握常用办公软件,具备良好的数据处理能力",岗位是销售顾问，核心职责是产品销售和客户关系维护。办公软件和数据处理是辅助销售的工具，移除后销售工作仍可进行，因此是1分。没有涉及软件开发或AI，所以不是2或3分。,False,False
445,0,,岗位为通勤司机，无任何AI或数字技术内容。,0,,岗位职责为驾驶大客车，未提及任何数字工具、信息系统或技术使用要求，因此为0分，不是1分（无辅助数字工具）。,False,False
446,0,,岗位为保险医养顾问，主要涉及客户服务和医疗咨询，无AI或数字技术内容。,0,,岗位职责为保险医养咨询与客户服务，未明示要求使用数字工具或技术，因此为0分，不是1分（无辅助数字工具）。,False,False
447,0,,岗位为销售工程师，职责为销售和客户关系，无AI或数字技术内容。,0,,岗位职责为销售与客户维护，未提及任何数字工具或技术使用要求，因此为0分，不是1分（无辅助数字工具）。,False,False
448,1,负责微信公众号的运营和管理,岗位涉及微信公众号运营，属于数字工具辅助工作。,1,负责微信公众号的运营和管理,岗位要求运营微信公众号，属于使用数字平台辅助内容推广，但核心产出仍是文案策划与活动运营，移除技术后岗位仍成立，因此为1分，不是2分（非软件开发或系统建设）。,False,False
449,3,算法研究员/工程师(通信算法 26届校招岗)|通信算法|蓝牙/WIFI协议栈开发,岗位明确为算法研究员，涉及通信算法研发，属于高级算法研发。,2,熟练掌握C/C++语言|嵌入式软件开发|通信产品相关协议层研发|蓝牙/WIFI协议栈开发,岗位核心职责为通信算法与协议栈开发，涉及嵌入式软件和C/C++编程，属于核心数字技术，但未明确提及AI/ML，因此为2分，不是3分（非AI研发）。,True,False
450,2,嵌入式软件工程师|基于ARM处理器的嵌入式软件开发|精通C/C++ 软件开发|嵌入式软件、硬件底层驱动开发调试,岗位核心为嵌入式软件开发，属于软件和嵌入式技术。,2,基于ARM处理器的嵌入式软件开发|精通C/C++ 软件开发|嵌入式软件、硬件底层驱动开发调试,岗位核心职责为嵌入式软件开发与硬件驱动调试，属于核心数字技术，但未涉及AI/ML，因此为2分，不是3分（非AI研发）。,False,False
451,0,,岗位为采购专员，职责为采购管理，无AI或数字技术内容。,0,,岗位职责为采购执行与供应商管理，未提及任何数字工具或技术使用要求，因此为0分，不是1分（无辅助数字工具）。,False,False
452,0,,岗位为采购专员，职责为采购管理，无AI或数字技术内容。,0,,岗位职责为采购执行与供应商管理，未提及任何数字工具或技术使用要求，因此为0分，不是1分（无辅助数字工具）。,False,False
453,0,,岗位为客户经理，主要涉及保险销售和客户服务，无AI或数字技术内容。,0,,岗位核心是保险销售与客户关系维护，全文未提及任何数字工具、信息系统、编程或数据分析要求，因此为0分。不是1分，因为没有要求使用Office、ERP等辅助工具。,False,False
454,0,,岗位为客户经理，主要涉及保险销售和客户服务，无AI或数字技术内容。,0,,与453相同，岗位职责为保险销售，未明示任何数字技术或工具要求，因此为0分。不是1分，因为无任何数字工具使用要求。,False,False
455,0,,岗位为行政人事部长，职责为行政管理，无AI或数字技术内容。,0,,岗位是行政人事管理，职责包括制度制定、文化建设、安全环保等，全文未提及数字工具或技术系统要求，因此为0分。不是1分，因为没有要求使用Office等辅助工具。,False,False
456,1,ERP系统的推动与完善,岗位涉及ERP系统，属于信息系统辅助工作。,1,ERP系统的推动与完善,岗位核心是生产计划与物料控制，要求推动与完善ERP系统，属于使用信息系统辅助主业，因此为1分。不是2分，因为ERP推动是辅助生产管理，并非软件开发或系统核心产出。,False,False
457,0,,岗位为工艺质保人员，涉及机械设计和维修管理，无AI或数字技术内容。,0,,岗位是机械工艺与设备管理，职责包括设计、绘图、维修计划等，未明确要求使用数字工具或软件，因此为0分。不是1分，因为未提及CAD等工具的使用要求。,False,False
459,0,,岗位为保安，职责为安保和门岗管理，无AI或数字技术内容。,0,,岗位是保安，职责为门岗检查、登记、消防点检等，未提及任何数字工具或技术，因此为0分。不是1分，因为无数字工具使用要求。,False,False
460,1,视频编辑|后期编辑|剪辑|达芬奇调色、AE、PR、PS、edius等后期软件,岗位涉及视频剪辑和后期软件使用，数字工具为辅助工作。,1,熟练使用达芬奇调色、AE、PR、PS、edius等后期软件,岗位核心是短视频剪辑制作，使用专业后期软件是完成工作的工具，但视频内容创作才是核心产出，因此为1分。不是2分，因为软件开发或系统建设不是岗位职责。,False,False
461,0,,岗位为销售员，职责为产品销售，无AI或数字技术内容。,0,,岗位是工业无线遥控产品销售，要求电气自动化专业背景，但职责仅为销售，未要求使用数字工具或技术，因此为0分。不是1分，因为无数字工具使用要求。,False,False
462,2,Linux操作系统及内核开发|C/C++|数据结构和算法|USB/PCIE/网络等设备Linux驱动开发|KVM虚拟化技术,岗位核心是Linux系统及内核开发，涉及驱动、虚拟化等底层软件技术，属于软件和嵌入式技术核心。,2,Linux系统开发工程师|熟悉Linux操作系统及内核开发|熟练掌握C/C++|熟练掌握基础的数据结构和算法|有USB/PCIE/网络等设备Linux驱动开发经验者优先,岗位核心职责是Linux系统及内核开发，属于软件系统开发，符合核心数字技术（2分）。未提及AI/ML，因此不是3分。,False,False
463,1,系统预估录入,岗位涉及使用系统进行数据录入，但核心是人伤查勘定损，数字工具仅为辅助。,1,对案件损失进行系统预估录入,岗位核心是人伤查勘定损，系统录入为辅助步骤；不是0分因明确使用系统；不是2分因不涉及核心数字技术开发或建模。,False,False
464,1,熟练操作相关办公软件,岗位涉及使用办公软件和实验设备，但核心是产品可靠性实验，数字工具仅为辅助。,1,熟练操作相关办公软件|熟悉使用实验设备,岗位核心是产品可靠性实验，办公软件和实验设备是辅助工具，符合辅助数字工具（1分）。未涉及软件开发或AI，因此不是2或3分。,False,False
465,1,ERP数据录入|熟练操作office等办公软件,岗位涉及ERP数据录入和办公软件使用，但核心是采购文员工作，数字工具仅为辅助。,1,ERP数据录入|能熟练操作office等办公软件,岗位核心是采购文员工作，ERP和Office仅用于数据录入和协调，属于辅助数字工具（1分）。未涉及系统开发或AI，因此不是2或3分。,False,False
466,2,报表开发|Oracle/SQLServer/MySQL数据库操作|OA办公系统及相关报表开发|公司官网调试与日常维护,岗位核心是软件系统运维、数据库操作和开发，属于软件和信息化技术核心。,2,"负责NCCloud系统(财务、供应链等模块)日常运维、流程管理、报表开发|掌握Oracle/SQLServer/MySQL数据库操作|至少掌握一门开发语言,如Python,Java,PHP等",岗位核心职责是系统运维、报表开发和集成，涉及数据库和编程语言，属于核心数字技术（2分）。未提及AI/ML，因此不是3分。,False,False
467,1,数据分析,岗位涉及质量数据分析，但核心是客户质量工程师，数据处理仅为辅助。,0,,岗位描述仅涉及客户质量投诉处理、过程质量、数据分析等，但未明示要求任何数字工具或技术，因此为0分。,True,False
468,0,,岗位为法务工作，无实质AI或数字技术内容。,0,,岗位描述仅涉及法务工作，未明示要求任何数字工具或技术，因此为0分。,False,False
469,0,,岗位为投资并购总监，无实质AI或数字技术内容。,0,,岗位描述仅涉及投资并购业务拓展、客户拜访、市场分析等，未明示要求任何数字工具或技术，因此为0分。,False,False
470,1,熟悉ERP系统运作,岗位涉及使用ERP系统，但核心是仓库管理，数字工具仅为辅助。,1,熟悉ERP系统运作,岗位核心是仓库管理，ERP系统是辅助工具，移除ERP后仓库管理职责仍成立，因此为1分而非2分。,False,False
472,1,数据分析能力,岗位涉及数据分析和办公软件使用，但核心是产品经理，数字工具仅为辅助。,1,熟悉计算机操作技能和办公软件(Excel、PPT 、Word),岗位核心是产品管理与营销，办公软件是辅助工具，移除后产品管理职责仍成立，因此为1分而非2分。,False,False
473,0,,岗位为车险销售，无实质AI或数字技术内容。,1,信息收集、统计,岗位核心是车险销售与出单，信息收集统计是辅助性数据处理，移除后销售职责仍成立，因此为1分而非0分或2分。,True,False
474,0,,岗位为4S店车间主管，无实质AI或数字技术内容。,0,,岗位描述仅涉及车间管理经验，未明示任何数字工具或技术，因此为0分而非1分。,False,False
475,2,手机基带系统原理设计|硬件设计需求输入输出能力|手机平台基带设计,岗位核心是手机基带硬件设计，涉及EDA工具和嵌入式技术，属于电子工程和自动化技术核心。,2,"手机基带系统原理设计|PCB布局和布线设计|EDA设计工具,Cadence",岗位核心是基带硬件设计，涉及EDA工具和PCB设计，属于核心数字技术，但未涉及AI/ML，因此为2分而非3分。,False,False
477,1,PRO-E|OFFICE办公软件,岗位涉及使用PRO-E和办公软件编写SOP，但核心是技术文档编写，数字工具仅为辅助。,1,熟悉PRO-E、OFFICE办公软件,岗位核心是SOP编写与文件管理，PRO-E和Office是辅助工具，移除后技术文档工作仍成立，因此为1分而非2分。,False,False
478,1,销售助理-华北区,岗位涉及使用办公软件，但核心是销售助理，数字工具仅为辅助。,1,熟练应用计算机办公软件(word/excel/ppt),岗位核心是销售助理，办公软件是辅助工具，移除后销售支持职责仍成立，因此为1分而非2分。,False,False
479,0,,岗位为计划主管，无实质AI或数字技术内容。,0,,岗位描述仅涉及生产计划管理，未明示任何数字工具或技术，因此为0分而非1分。,False,False
480,2,"熟悉制图软件(UG,CAD等)|熟练使用 Office 办公软件|数据统计分析",岗位核心依赖于CAD软件进行模具设计，软件技术是核心技能,1,"熟练使用 Office 办公软件,尤其是 Excel 的使用 ,具备数据统计分析能力|熟悉制图软件(UG,CAD等)",岗位核心是模具设计，使用CAD/UG和Excel进行数据统计是辅助工具，移除后设计职责仍成立，因此为1分；不是0分因为明确要求数字工具，不是2分因为工具使用非核心产出。,True,True
481,0,,岗位为私人财富规划师，描述中未提及任何数字技术或AI相关内容。,0,,岗位描述仅涉及财富规划、需求分析、风险评估等，未提及任何数字工具或技术，因此为0分；不是1分因为无任何数字工具要求。,False,False
482,2,ERP二次开发工作|开发组数据项目开发|自主应用项目开发|集成项目开发与系统二次开发|熟练掌握Java语言,岗位核心是软件开发，涉及ERP二次开发、数据库和多种编程语言，属于软件技术核心。,2,"ERP二次开发工作|熟练掌握Java语言,能够独立完成二次开发|熟练掌握和使用主流数据库,如oracle、mysql、mssql、db2",岗位核心是软件开发，包括ERP二次开发和数据库使用，属于核心数字技术，因此为2分；不是1分因为开发是核心职责，不是3分因为未涉及AI/ML。,False,False
483,1,"熟练使用各种office办公软件,生物信息分析软件,数据分析软件",岗位核心是医学学术支持，数字工具仅为辅助数据分析。,1,"能够熟练使用各种office办公软件,生物信息分析软件,数据分析软件",岗位核心是医学学术支持，使用生物信息分析软件和数据分析软件是辅助工具，移除后医学职责仍成立，因此为1分；不是0分因为明确要求专业软件，不是2分因为软件使用非核心产出。,False,False
484,1,能够熟练使用Coreldraw、photoshop、AI等软件,岗位核心是企划设计，数字工具为辅助设计软件。,1,能够熟练使用Coreldraw、photoshop、AI等软件,岗位核心是企划设计，使用设计软件是辅助工具，移除后企划职责仍成立，因此为1分；不是0分因为明确要求设计软件，不是2分因为软件使用非核心产出。,False,False
485,1,通过微信群等做好客户日常经营,岗位核心是社区运营服务，使用微信群仅为辅助沟通工具。,0,,岗位描述涉及客户服务、社群运营，未提及任何数字工具或技术，因此为0分；不是1分因为无数字工具要求。,True,False
486,0,,岗位为电工，描述中未提及任何数字技术或AI相关内容。,0,,岗位仅要求电工证和经验，未提及任何数字工具或技术，因此为0分；不是1分因为无数字工具要求。,False,False
487,0,,岗位为银行专业精英，描述中未提及数字技术或AI相关内容。,0,,岗位描述为银行专业人才，涉及运营、营销，未提及任何数字工具或技术，因此为0分；不是1分因为无数字工具要求。,False,False
488,0,,岗位为LED销售工程师，描述中未提及数字技术或AI相关内容。,0,,岗位是LED销售工程师，核心职责是产品销售、客户开发与维护，未明示要求任何数字工具、信息系统、编程或AI技术。移除技术后销售产出仍成立，因此为0分，不是1分（无辅助数字工具要求）。,False,False
489,0,,岗位为售前/售后技术支持工程师，描述中未提及数字技术或AI相关内容。,0,,岗位是售前/售后技术支持工程师，负责催化剂产品的技术方案、安装调试和用户培训，未明示要求使用数字工具、软件或AI。移除技术后技术支持产出仍成立，因此为0分，不是1分（无数字工具要求）。,False,False
490,1,"审核三大报表,税务申报,成本分析",岗位核心是成本会计，可能使用财务软件进行数据分析，但仅为辅助。,0,,岗位是成本会计，职责为成本监督、核算和报表审核，未明示要求使用数字工具或信息系统。移除技术后会计产出仍成立，因此为0分，不是1分（无数字工具要求）。,True,False
491,0,,岗位为保险代理人招募，描述中未提及数字技术或AI相关内容。,0,,岗位是保险代理人招募，职责为销售保险、客户开发，未明示要求任何数字工具或技术。移除技术后销售产出仍成立，因此为0分，不是1分（无辅助数字工具要求）。,False,False
492,1,系统处理|单据报表制作,岗位核心是仓管，涉及系统处理和报表制作，数字工具为辅助。,1,系统处理|单据报表制作,岗位是半成品仓管员，核心职责为仓库收货、盘点、5S管理等，但明确要求“系统处理”和“单据报表制作”，属于使用信息系统辅助仓储管理，技术非核心产出。因此为1分，不是0分（有数字工具要求）或2分（非系统开发或核心数字技术）。,False,False
493,1,通过电话、短信、微信等工具在办公室联系客户,岗位核心是车险销售，使用通讯工具仅为辅助客户联系。,1,通过电话、短信、微信等工具在办公室联系客户,岗位是车险销售专员，核心职责为电话销售车险，明确要求使用电话、短信、微信等数字沟通工具，但销售仍是核心产出，技术仅为辅助。因此为1分，不是0分（有数字工具要求）或2分（非技术核心）。,False,False
494,0,,岗位为工程主管，描述中未提及数字技术或AI相关内容。,0,,岗位是工程主管（运行维修），职责为设备巡检、维保、团队管理，未明示要求使用数字工具或技术。移除技术后维修管理产出仍成立，因此为0分，不是1分（无数字工具要求）。,False,False
495,0,,岗位为市场专员，描述中未提及数字技术或AI相关内容。,0,,岗位是市场专员，职责为产品售前技术支持、用户需求收集、招投标支持，未明示要求使用数字工具或技术。移除技术后市场支持产出仍成立，因此为0分，不是1分（无数字工具要求）。,False,False
497,0,,岗位为保险销售与管理，无AI或数字技术内容。,0,,岗位描述仅涉及保险销售、团队管理和培训，未明示要求任何数字工具、信息系统、编程或AI技术。因此为0分，而非1分（无辅助数字工具要求）。,False,False
498,1,设备动力方面的管理工作|设备安全操作技术知识培训,涉及设备管理，但数字技术仅为辅助。,0,,岗位职责为设备管理、安全操作培训、检修监督等，未提及使用数字工具或信息系统。因此为0分，而非1分（无辅助数字工具要求）。,True,False
499,2,负责控制器与伺服驱动器通讯现场总线协议的实现以及调试|精通C语言、CanOpen协议|熟悉Ethercat协议,软件和通信协议是岗位核心。,2,"负责控制器与伺服驱动器通讯现场总线协议的实现以及调试|负责开发驱动器的控制软件,包括位置环,速度环和电流环的控制|精通C语言、CanOpen协议|熟悉Ethercat协议、掌握若干开源包的开发调试与改进",岗位核心职责是开发控制软件和通讯协议，属于嵌入式/自动化软件开发，是核心数字技术。未涉及AI/ML，因此为2分而非3分。,False,False
500,0,,综合管理岗位，无AI或数字技术内容。,0,,岗位职责为制度流程建设、人力资源、后勤管理等综合管理，未明示要求数字工具或技术。因此为0分，而非1分（无辅助数字工具要求）。,False,False
501,0,,房产销售管理，无AI或数字技术内容。,0,,岗位职责为房产销售管理、团队组建等，未明示要求数字工具或技术。因此为0分，而非1分（无辅助数字工具要求）。,False,False
502,2,有源滤波、低压静止无功发生器SVG|电力电子产品的说明书、产品手册的编制,电力电子技术是岗位核心。,1,负责相关的电力电子产品的说明书、产品手册的编制等技术类支持工作,岗位主要是技术支持、文档编制和协调工作，使用办公软件辅助，但核心产出是技术支持服务而非软件开发。因此为1分，而非2分（非核心数字技术开发）。,True,True
503,1,熟练使用办公软件,办公软件仅为辅助工具。,1,熟练使用办公软件,岗位要求熟练使用办公软件，但核心职责是钣金零件跟单，办公软件仅为辅助工具。因此为1分，而非0分（明确要求办公软件）或2分（非核心数字技术）。,False,False
504,0,,人伤查勘定损，无AI或数字技术内容。,0,,岗位职责为人伤查勘定损、理赔指导等，未明示要求数字工具或技术。因此为0分，而非1分（无辅助数字工具要求）。,False,False
505,0,,银行市场营销，无AI或数字技术内容。,0,,岗位描述仅涉及金融产品营销、客户服务等传统银行业务，未提及任何数字工具、信息系统或技术使用要求，因此为0分。不是1分，因为无任何数字工具要求。,False,False
506,2,"熟练使用机械绘图的3D和2D软件(如CAD,Solidworks)",机械设计软件是岗位核心技能。,1,"熟练使用机械绘图的3D和2D软件(如CAD,Solidworks)",岗位核心是机械非标设计，CAD/Solidworks是辅助设计工具，移除后设计工作仍可进行（尽管效率降低），因此为1分。不是2分，因为软件开发或系统构建不是核心产出。,True,True
507,1,娴熟掌握Excel、Word等office办公软件,办公软件仅为辅助工具。,1,能娴熟掌握Excel、Word等office办公软件者优先,出纳岗位核心是现金银行结算、账务处理，Excel/Word是辅助办公工具，移除后出纳工作仍成立，因此为1分。不是0分，因为明确要求办公软件技能；不是2分，因为不涉及系统开发或核心数字技术。,False,False
508,1,熟悉EXCEL等办公软件|熟悉用友或金蝶会计电算化软件,会计电算化软件为辅助工具。,1,熟悉EXCEL等办公软件|熟悉用友或金蝶会计电算化软件优先,会计实习岗位核心是应收应付账款、凭证录入等财务工作，Excel和会计软件是辅助工具，移除后会计工作仍可手工完成，因此为1分。不是2分，因为不涉及软件开发或系统运维。,False,False
509,1,利用公司平台给客户推送福利,使用公司平台进行客户维护，数字工具为辅助。,0,,岗位描述为线上客服运营，使用公司平台推送福利、添加微信等，未明示要求任何数字工具或技术技能，因此为0分。不是1分，因为未提及办公软件或信息系统使用要求。,True,False
510,0,,电焊工，无AI或数字技术内容。,0,,电焊工岗位仅要求手工电焊操作，未提及任何数字工具或技术，因此为0分。不是1分，因为无任何数字工具要求。,False,False
511,2,负责空调系统相关软件的设计、开发与优化|精通C/C++或Python等编程语言|熟悉嵌入式系统开发,软件开发是岗位核心。,2,"负责空调系统相关软件的设计、开发与优化|精通C/C++或Python等编程语言,熟悉嵌入式系统开发",岗位核心是空调系统软件开发，属于嵌入式软件研发，是核心数字技术产出，因此为2分。不是3分，因为未明确涉及AI/机器学习；不是1分，因为软件开发是核心职责而非辅助工具。,False,False
512,2,电控工程师|自动化 机械电子工程 机械工程及自动化 测控技术与仪器等相关专业,电控工程师岗位通常涉及自动化控制系统和嵌入式技术，可能属核心技术,0,,岗位描述仅列出专业和学历要求，未提及任何具体数字工具、编程或技术职责，因此为0分。不是1分，因为无任何数字工具要求。,True,True
513,1,系统录入|录入系统单据|库存分析,岗位涉及使用信息系统进行数据录入和库存分析，但数字工具仅为辅助工作。,1,熟练使用办公软件|到货单系统录入|录入系统单据,岗位核心是采购内勤事务，使用办公软件和系统录入是辅助工具，移除后采购内勤职责仍成立，因此为1分。不是0分因为明确要求数字工具；不是2分因为不涉及软件开发或核心数字技术。,False,False
514,1,财务经理,岗位要求熟悉财务软件，但数字工具仅为辅助财务管理工作。,1,"熟悉财务软件,如金蝶、用友等",岗位核心是财务管理，财务软件是辅助工具，移除后财务经理职责仍成立，因此为1分。不是0分因为明确要求使用财务软件；不是2分因为不涉及软件开发或核心数字技术。,False,False
515,0,,岗位为酒店方案设计师，描述中未提及任何AI或数字技术内容。,0,,岗位描述仅涉及酒店方案设计、施工图设计等，未提及任何数字工具或技术，因此为0分。不是1分因为无任何数字工具要求。,False,False
516,0,,岗位为档案资料管理员，描述中未提及任何AI或数字技术内容。,0,,岗位描述仅涉及资料管理、职称申请、会议纪要书写，未提及任何数字工具或技术，因此为0分。不是1分因为无任何数字工具要求。,False,False
517,0,,岗位为氩弧焊技术员，描述中未提及任何AI或数字技术内容。,0,,岗位描述仅涉及氩弧焊技术操作和报表填写，未明确要求数字工具或技术，因此为0分。不是1分因为“填写报表”未明确为数字工具，且无其他数字工具要求。,False,False
519,1,月度绩效考核与季度绩效考核结果的汇总与清算|每月薪资及浮薪的预提与清算|年度、月度的人工成本预算与更新,岗位涉及使用办公软件进行数据汇总、清算和预算，数字工具为辅助工作。,0,,岗位描述涉及绩效考核、薪资清算、预算等，但未明确要求使用数字工具或软件，因此为0分。不是1分因为无任何数字工具要求。,True,False
520,1,精通word、excel等办公软件,岗位要求精通办公软件，但数字工具仅为辅助行政事务。,1,精通word、excel等办公软件,岗位核心是行政事务，办公软件是辅助工具，移除后行政助理职责仍成立，因此为1分。不是0分因为明确要求办公软件；不是2分因为不涉及软件开发或核心数字技术。,False,False
521,0,,岗位为暖通工程专家，描述中未提及任何AI或数字技术内容。,0,,岗位描述涉及暖通工程方案制定、设备检查、培训等，未提及任何数字工具或技术，因此为0分。不是1分因为无任何数字工具要求。,False,False
522,1,能够对性能评价后形成数据开展一定分析工作,岗位涉及数据分析，但仅为辅助医学检验工作。,1,能够对性能评价后形成数据开展一定分析工作|基本掌握检验常规设备的标准化操作,岗位核心是医学检验实验操作，数据分析仅为辅助工具，移除后检验产出仍成立，因此为1分；未涉及软件开发或AI研发，故不是2或3分。,False,False
523,1,熟练操作Office等办公软件|能独立完成高质量PPT和呈现,岗位要求熟练使用办公软件，数字工具为辅助培训工作。,1,"熟练操作Office等办公软件,能独立完成高质量PPT和呈现",培训专员的核心职责是培训组织与管理，办公软件仅作为辅助工具，移除后培训工作仍可进行，因此为1分；未涉及软件开发或AI，故不是2或3分。,False,False
524,0,,岗位为人事专员，描述中未提及任何AI或数字技术内容。,0,,岗位职责为招聘、社保、培训、行政等传统人事工作，未明示要求任何数字工具或技术，因此为0分；不是1分因为无任何数字工具要求。,False,False
525,1,熟练掌握办公软件和数据分析工具|能够对客户数据进行统计和分析,岗位要求使用办公软件和数据分析工具，但仅为辅助客户管理工作。,1,"熟练掌握办公软件和数据分析工具,能够对客户数据进行统计和分析",客户主管的核心是客户关系管理和销售，办公软件和数据分析仅为辅助工具，移除后客户管理职责仍成立，因此为1分；未涉及软件开发或AI，故不是2或3分。,False,False
526,0,,岗位为银行渠道经理，描述中未提及任何AI或数字技术内容。,0,,岗位职责为银行渠道维护和培训，未明示要求任何数字工具或技术，因此为0分；不是1分因为无任何数字工具要求。,False,False
527,0,,岗位为房地产转型优才管理，描述中未提及任何AI或数字技术内容。,0,,岗位职责为团队管理、营销和绩效追踪，未明示要求任何数字工具或技术，因此为0分；不是1分因为无任何数字工具要求。,False,False
528,0,,岗位为中级电工，描述中未提及任何AI或数字技术内容。,0,,岗位职责为配电设备维护、故障排除和现场管理，未明示要求任何数字工具或技术，因此为0分；不是1分因为无任何数字工具要求。,False,False
529,2,RTL coding|Verilog HDL|SoC系统级/子系统集成|IP集成|PPA分析和优化,SOC芯片逻辑设计岗位，核心是数字集成电路设计和硬件描述语言，属于信息化/嵌入式技术,2,"负责IP规格/设计文档的制定,RTL coding, 功能调试以及覆盖率分析|负责IP集成,Lint/cdc检查, sdc/upf/timing收敛|熟练掌握Verilog HDL",岗位核心是芯片逻辑设计，涉及RTL编码、IP集成等数字硬件开发，属于核心数字技术，因此为2分；未明确提及AI/ML，故不是3分。,False,False
530,0,,物业机电经理岗位，管理设备运维，无数字技术内容,1,引进推广新技术新方法在住宅设施设备管理中应用,岗位核心是物业机电设备管理，新技术推广是辅助手段，移除后管理职责仍成立，因此为1分。不是0分因为明确提到新技术应用；不是2分因为未涉及软件开发或核心数字技术研发。,True,False
531,0,,岗位为服装零售店长，描述中无任何AI或数字技术相关内容。,0,,岗位是店长，职责为销售和店铺管理，未明示要求任何数字工具或技术。因此为0分。不是1分因为未提及Office等工具。,False,False
532,1,熟练掌握办公软件,要求熟练掌握办公软件，属于数字工具辅助工作，但非岗位核心。,1,熟练掌握办公软件,岗位是办公室文员，办公软件是辅助工具，核心是文员职责。因此为1分。不是0分因为明确要求办公软件；不是2分因为不涉及软件开发或核心数字技术。,False,False
533,0,,岗位为销售储备干部，描述仅提及专业要求，无AI或数字技术内容。,0,,岗位是销售储备干部，描述仅提及专业要求，未明示任何数字工具或技术。因此为0分。不是1分因为无相关证据。,False,False
534,0,,岗位为配方科学家，涉及化妆品配方研发，无AI或数字技术内容。,0,,岗位是科学家，职责为配方研发和管理，未明示要求数字工具、编程或AI技术。因此为0分。不是1分因为未提及任何数字工具。,False,False
535,0,,与534相同，岗位为配方科学家，无AI或数字技术内容。,0,,与534相同，岗位是科学家，职责为配方研发和管理，未明示任何数字技术。因此为0分。,False,False
536,2,负责新能源/辅助驾驶领域的新技术研究|分析风险定价|参与搭建新能源相关风控体系与线上化建设工作,岗位涉及新能源和辅助驾驶技术研究、风险定价分析及线上化建设，数据分析和信息系统是核心工作。,2,分析风险定价|参与搭建新能源相关风控体系与线上化建设工作,岗位涉及金融风险定价和线上化系统建设，属于核心数字技术产出；不是1分因技术是核心职责；不是3分因未明确涉及AI/ML。,False,False
538,1,负责资本市场和行业的研究分析|对二级市场行情监控和市值变动分析|分析证券市场动态|定期编写证券市场研究报告,岗位涉及市场研究和数据分析，可能使用信息系统或数据处理工具，但核心是金融分析，数字技术为辅助。,1,"负责资本市场和行业的研究分析以及对二级市场行情监控和市值变动分析|分析证券市场动态,定期编写证券市场研究报告",岗位是证券业务管理，使用分析工具进行市场研究，但核心是资本运作和沟通，数字工具辅助分析，因此为1分。不是0分因为涉及数据分析；不是2分因为未要求开发模型或系统。,False,False
539,1,熟练电脑操作及Office办公软件,要求熟练使用办公软件，属于数字工具辅助日常事务，但非岗位核心。,1,熟练电脑操作及Office办公软件,岗位核心是商务行政事务，Office软件是辅助工具，移除后岗位仍成立，因此为1分；未涉及软件开发或AI，故不是2或3分。,False,False
540,0,,保险销售及客户服务岗位，无数字技术内容,0,,岗位职责为保险销售与客户服务，未明示要求任何数字工具或技术，因此为0分；无证据支持1分。,False,False
541,1,通过官方服务热线、企业微信添加客户微信|公司配备办公电话和电脑,使用企业微信和电脑等数字工具进行客户服务，但岗位核心是客户关系维护，数字技术为辅助。,0,,岗位职责为客户服务与销售支持，未明示要求数字工具或技术，因此为0分；无证据支持1分。,True,False
542,1,ISO90001质量管理体系和ISO140001环境管理体系维护,涉及质量管理体系维护，可能使用信息系统，但核心是质量控制，数字技术为辅助。,0,,岗位为质量管理，未明示要求使用数字工具或技术，因此为0分；虽提及ISO体系，但未要求具体软件或系统，故不是1分。,True,False
543,2,Java开发|SSM、Spring cloud 、Nacos等主流框架|MySQL、MongoDB等主流数据|Nginx、Redis、Elasticsearch 等技术|软件单元测试与集成测试,岗位是高级Java开发，软件开发和数据处理是核心工作，涉及多种数字技术。,2,"高级Java开发|按项目需求任务完成开发工作|完成自己负责模块的软件单元测试与集成测试|编写开发文档、软件技术文档|熟悉J2EE技术架构体系,熟练掌握SSM、Spring cloud 、Nacos等主流框架",岗位核心是软件开发，属于核心数字技术，因此为2分；未涉及AI/ML研发，故不是3分。,False,False
544,0,,岗位为市场销售助理，要求英语口语，无AI或数字技术内容。,0,,岗位为销售助理，未明示要求数字工具或技术，因此为0分；无证据支持1分。,False,False
545,0,,与544相同，岗位为市场销售助理，无AI或数字技术内容。,0,,岗位为销售助理，未明示要求数字工具或技术，因此为0分；无证据支持1分。,False,False
546,1,熟练使用office办公软件,要求熟练使用办公软件，属于数字工具辅助工作，但岗位核心是保洁管理。,1,熟练使用office办公软件,岗位核心是保洁管理，Office软件是辅助工具，移除后岗位仍成立，因此为1分；未涉及软件开发或AI，故不是2或3分。,False,False
547,0,,岗位描述未提及任何AI或数字技术内容，仅涉及市场规划与开拓。,0,,岗位职责为市场规划、销售策略执行和业务开拓，未明示要求任何数字工具、信息系统、编程或AI技术。因此为0分，不是1分（无辅助数字工具要求）。,False,False
548,1,掌握计算机及office操作系统,要求掌握计算机及office操作系统，属于数字工具辅助工作。,1,掌握计算机及office操作系统,岗位核心是房屋质量检查和维修管理，要求使用计算机和Office仅为辅助工具，移除后核心职责仍成立。因此为1分，不是0分（明确要求数字工具）或2分（非核心数字技术产出）。,False,False
549,2,维护和优化现有信息系统|参与新项目的需求分析、设计、编码、测试等工作|熟悉Android、HTML5、CSS3等相关技术|熟悉Android系统的开发框架|熟悉Oracle、SQL Server等数据库,岗位核心是信息系统开发与维护，涉及软件、编码和数据库技术。,2,维护和优化现有信息系统|参与新项目的需求分析、设计、编码、测试|熟悉Android、HTML5、CSS3等相关技术|有实际项目开发经验|熟悉Android系统的开发框架,岗位核心是信息系统维护和软件开发，属于核心数字技术产出。未涉及AI/ML研发，因此为2分，不是1分（非辅助工具）或3分（无AI/ML明确要求）。,False,False
551,1,会使用天准二次元检测仪、Miutoyo镭射测量仪等测量设备,使用数字测量设备，但仅为辅助工作，核心是机械加工。,1,会使用天准二次元检测仪、Miutoyo镭射测量仪等测量设备,岗位核心是数控机床操作和产品加工，使用测量设备为辅助工具，移除后核心产出仍成立。因此为1分，不是0分（明确要求数字测量设备）或2分（非核心数字技术产出）。,False,False
553,0,,岗位描述为线材押出操作，无AI或数字技术内容。,0,,岗位职责为操作押出机台、了解机台参数和保养，未明示要求数字工具、信息系统或编程。因此为0分，不是1分（无辅助数字工具要求）。,False,False
554,0,,私人银行客户经理岗位，未提及AI或数字技术，仅涉及金融业务。,0,,岗位职责为客户关系维护、资产配置和金融产品销售，未明示要求数字工具、信息系统或编程。因此为0分，不是1分（无辅助数字工具要求）。,False,False
557,2,熟悉ERP\PLM等财务软件,岗位核心涉及ERP系统实施、软件标准化和成本管理系统，属于信息化技术核心。,1,熟悉ERP\PLM等财务软件|熟练使用office办公软件,岗位核心是成本管理和财务分析，要求使用ERP/PLM和Office仅为辅助工具，移除后核心职责仍成立。因此为1分，不是0分（明确要求数字工具）或2分（非核心数字技术产出）。,True,True
558,0,,商务司机岗位，无AI或数字技术内容。,0,,岗位职责为驾驶、车辆保养和行政事务，未明示要求数字工具、信息系统或编程。因此为0分，不是1分（无辅助数字工具要求）。,False,False
559,1,熟练使用相关办公软件,要求熟练使用办公软件，属于数字工具辅助工作。,1,熟练使用相关办公软件,岗位核心是行政后勤事务，办公软件仅作为辅助工具，移除后行政工作仍可进行，因此为1分；不是0分因为明确要求使用办公软件，不是2分因为不涉及软件开发或系统核心产出。,False,False
560,1,熟练操作计算机办公软件,要求熟练操作计算机办公软件，属于数字工具辅助工作。,1,熟练操作计算机办公软件,岗位是人力资源、行政文秘实习，办公软件是辅助工具，核心产出是协助管理而非技术开发，因此为1分；不是0分因为明确要求计算机办公软件，不是2分因为不涉及系统开发或数据工程。,False,False
561,0,,下游工艺开发岗位，涉及生物化学实验，未提及AI或数字技术。,0,,岗位描述涉及蛋白纯化工艺开发，但未提及任何数字工具、编程、数据或AI技术，仅要求专业技能如蛋白纯化技术、DOE等，属于生物实验领域，因此为0分；不是1分因为没有要求使用办公软件或信息系统。,False,False
562,0,,团体渠道客户经理，保险业务拓展，无AI或数字技术内容。,0,,岗位是保险销售和客户服务，描述中未提及任何数字工具或技术，仅强调销售技能和资源，因此为0分；不是1分因为没有要求使用办公软件或系统。,False,False
563,0,,产品经理岗位，餐饮渠道管理，未提及AI或数字技术。,0,,岗位是餐饮渠道产品经理，职责涉及产品管理、计划、客户维护，未提及任何数字工具或技术，因此为0分；不是1分因为没有要求使用办公软件或信息系统。,False,False
564,0,,管培生岗位，营销支持，未提及AI或数字技术。,0,,岗位是保险营销支持，描述中未提及任何数字工具或技术，仅要求沟通能力和专业背景，因此为0分；不是1分因为没有要求使用办公软件或系统。,False,False
565,0,,开发采购经理，涉及采购和供应链，未提及AI或数字技术。,0,,岗位是采购经理，职责涉及战略管理、供应商开发、流程执行，但未提及任何数字工具、编程或数据技术，因此为0分；不是1分因为没有要求使用办公软件或信息系统。,False,False
566,0,,保洁岗位，无AI或数字技术内容。,0,,岗位是保洁，描述中未提及任何数字工具或技术，因此为0分；不是1分因为没有要求使用办公软件或系统。,False,False
567,0,,岗位描述涉及传统人力资源管理，无AI或数字技术内容。,1,构建人才储备数据库|创新优化人员甄选工具,岗位核心是人力资源管理（招聘、培训、干部管理），提及的数据库和工具属于辅助手段，移除后人事职能仍成立，因此为1分。不是0分因为明确涉及数据库和工具；不是2分因为并非以软件开发或系统建设为核心产出。,True,False
568,0,,岗位描述为常规人事工作，未提及数字技术或AI。,0,,岗位描述仅涉及传统人事工作，未明示要求使用数字工具、信息系统或编程，因此为0分。不是1分因为无任何数字技术相关要求。,False,False
569,0,,产品策划经理岗位，涉及市场分析和产品策略，但无数字技术或AI内容。,0,,岗位职责为产品策划与市场推广，未提及任何数字工具、数据分析或技术系统，因此为0分。不是1分因为无相关证据。,False,False
570,0,,物业工程主管，负责机电设备管理，无数字技术或AI。,0,,岗位为物业工程管理，涉及机电设备维护，但未明示要求使用数字工具或信息系统，因此为0分。不是1分因为无相关技术工具要求。,False,False
571,2,嵌入式开发|单片机|数字电路|模拟电路|PCB设计,岗位核心是电子硬件开发，涉及嵌入式系统和电路设计，属于信息化和自动化技术。,2,嵌入式开发|单片机|数字电路|PCB 设计软件,岗位核心是电子硬件开发，涉及嵌入式、单片机、PCB设计等数字技术，属于核心产出，因此为2分。不是1分因为技术是核心而非辅助；不是3分因为未涉及AI/ML。,False,False
572,3,计算机视觉|Machine Learning|Pattern Recognition|CNN|深度学习,岗位明确涉及计算机视觉和深度学习算法研发，属于AI核心领域。,3,研究和开发计算机视觉领域的核心算法|Machine Learning/Pattern Recognition/CNN|Caffe等深度学习等框架,岗位明确要求研发计算机视觉算法，涉及机器学习、模式识别、CNN和深度学习框架，属于严格AI研发，因此为3分。不是2分因为明确涉及AI/ML算法研发。,False,False
573,1,会计电算化,岗位提及会计电算化，属于数字工具辅助财务工作。,1,会计电算化,岗位核心是财务管理，提及会计电算化作为工具辅助财务工作，因此为1分。不是0分因为明确要求电算化技能；不是2分因为财务仍是核心，电算化仅为工具。,False,False
574,1,数据管理|台账|网上资料、数据等具体工作办理,岗位涉及环境安全数据管理和台账处理，数字工具为辅助。,1,环安数据管理|网上资料、数据等具体工作办理,岗位核心是环境安全管理，涉及数据管理和网上办理，属于辅助性数字工具使用，因此为1分。不是0分因为明确有数据管理职责；不是2分因为并非以系统开发或数据分析为核心产出。,False,False
575,0,,成本核算岗位，传统财务工作，未提及数字技术。,0,,岗位是成本核算，职责为财务成本核算、报表编制、成本分析与控制，未提及任何数字工具、信息系统、编程或AI技术。移除数字技术后，成本核算的核心产出依然成立。因此为0分，不是1分（无辅助数字工具要求）。,False,False
576,0,,行政前台，要求熟练操作办公软件，但仅为辅助，无实质数字技术内容。,1,熟练操作办公软件,岗位核心是行政接待与活动主持，办公软件仅作为辅助工具使用，因此为1分；不是0分因为明确要求办公软件，不是2分因为软件使用不构成核心产出。,True,False
577,0,,人事实习生，协助招聘，无数字技术或AI。,0,,岗位核心职责是协助招聘、宣传、数据统计等行政人事工作，未明示要求使用任何数字工具、信息系统、编程或AI技术，因此为0分。不是1分，因为原文未提及Office、Excel等数字工具的使用。,False,False
578,0,,材料研发工程师，涉及材料科学，但未提及数字技术或AI。,0,,岗位职责为微波介质陶瓷研发及SEM/XRD/ICP检测，属于材料科学实验与产品开发，未明示要求任何数字工具、信息系统、编程、数据、自动化或AI技术。因此为0分，不是1分（无Office/ERP等辅助工具要求），也不是2分（无软件/算法/系统开发核心职责）。,False,False
579,0,,金融销售顾问，销售理财产品，无数字技术或AI。,0,,岗位核心是金融产品销售和客户服务，描述中未提及任何数字工具、信息系统、编程或AI技术，因此为0分；不是1分因为连Excel等基础数字工具都未要求。,False,False
580,0,,行政助理，常规行政人事工作，无数字技术。,1,熟练运用基本工作软件(Word、Excel、PPT),岗位核心是行政人事事务，如接待、采购、手续办理、招聘协助等，移除Office软件后这些事务仍可完成，软件仅为辅助工具，因此为1分。不是0分，因为明确要求使用数字工具；不是2分，因为不涉及软件开发、系统运维或算法等核心数字技术。,True,False
581,0,,研发工程师，涉及化学和材料，但未提及数字技术或AI。,0,,岗位职责和任职资格均围绕化学、材料类产品开发，未提及任何数字工具、信息系统、编程、数据、自动化或AI技术。因此为0分，不是1分（无数字工具辅助要求）。,False,False
582,1,CAD制图,岗位要求CAD制图，属于数字工具辅助工作。,1,会CAD制图,岗位核心是环保技术，CAD制图是辅助工具，移除后环保技术员职责仍成立，因此为1分；不是0分因为明确要求数字工具，不是2分因为CAD使用不是核心产出。,False,False
583,1,通过电话、短信、微信等工具在办公室联系客户,使用数字通信工具辅助销售，但核心是销售技能，非技术岗位。,1,通过电话、短信、微信等工具在办公室联系客户|前期预热客户简单报价,岗位核心是车险销售，使用电话、短信、微信等数字工具辅助沟通和报价，但移除这些工具后销售职责仍成立，因此为辅助数字工具（1分）。不是0分，因为明确要求使用数字工具；不是2分，因为不涉及软件开发或核心数字技术。,False,False
584,0,,岗位为游戏美术设计，不涉及AI或数字技术内容。,0,,岗位职责为美术风格监督、场景设计与制作规范制定，未明示要求任何数字工具、编程、数据或AI技术，因此为0分；不是1分，因为未提及Office、CAD等辅助工具。,False,False
585,1,熟练使用office办公软件|ERP系统建立档案,使用办公软件和ERP系统进行数据处理，但仅为辅助工作。,1,熟练使用office办公软件|ERP系统建立档案,岗位核心是经管文员的销售价格审核、成本核算等财务相关工作，使用Office和ERP是辅助工具，移除后岗位仍成立，因此为1分；不是0分因为明确要求数字工具，不是2分因为不涉及软件开发或核心数字技术产出。,False,False
586,2,具有程序编写的经验|熟悉Windows和Linux系统,岗位核心要求编程和系统技术，属于软件技术核心。,2,"具有程序编写的经验|具有C、C++实际编程经验,熟练使用VC",岗位核心职责包括向研发反馈需求，且任职要求明确列出程序编写和C/C++编程经验，表明软件开发是岗位核心产出的一部分，因此为2分。不是1分，因为编程不是辅助工具而是核心技能；不是3分，因为未涉及AI/ML。,False,False
587,0,,商务经营岗位，无AI或数字技术内容。,0,,岗位职责为市场开发、客户维护、销售合同签订与履行，未明示要求使用任何数字工具、信息系统、编程或AI技术，因此为0分；不是1分，因为原文未提及Office、ERP等辅助数字工具。,False,False
588,0,,机械产品检验，不涉及数字技术。,0,,岗位职责为机械产品检验，使用检测设备和检验工具，但未要求任何数字工具、信息系统、编程或数据分析。移除数字技术后，检验工作仍可完成，因此为0分。不是1分，因为未提及Office、ERP等辅助数字工具。,False,False
589,3,数据分析及建模|对海量数据进行分析|开发并持续完善各项业务数据的统计分析模型,明确涉及数据分析、建模和编程，属于高级算法和AI相关技能。,2,"开发并持续完善各项业务数据的统计分析模型|建设合规数据分析能力|熟练运用SQL,精通至少一种专业分析工具,如Python、R、SAS等",岗位核心职责是开发统计分析模型和建设数据分析能力，属于核心数字技术（2分）。没有明确提及AI/ML研发，因此不是3分。,True,False
590,1,人才发展专员,使用数字工具进行宣传，但仅为辅助。,1,"线上学习平台运营及管理|善于运用各类工具进行宣传推广工作,如海报制作、视频、撰写文案等",岗位核心是人才发展、培训管理，线上学习平台运营和宣传工具使用是辅助完成培训工作的工具，移除后培训职能仍成立，因此为1分；不是0分因为明确要求使用数字平台和工具，不是2分因为不涉及软件开发或核心数字技术。,False,False
591,0,,车险理赔查勘，无AI或数字技术内容。,0,,岗位职责为线上查勘、理赔咨询与方案协商，属于保险理赔服务，未明示要求任何数字工具、信息系统、编程或AI技术。因此为0分，不是1分（无辅助数字工具要求）。,False,False
592,0,,销售管理岗位，无AI或数字技术内容。,0,,岗位职责为销售渠道建设、市场评估、产品规划与项目管理，未明示要求使用数字工具或技术。因此为0分，不是1分（无辅助数字工具要求）。,False,False
593,2,"能熟练操作InPlan, genesis,CAD等软件",岗位核心是使用专业软件进行工程设计和数据处理。,1,"熟练操作InPlan, genesis,CAD等软件",要求熟练操作InPlan、Genesis、CAD等专业软件，但这些软件是完成MI（制造指示）工程师工作的辅助工具，核心产出仍是电路板工程设计与处理，移除软件后岗位核心职责仍成立。因此为1分，不是2分（软件使用非核心开发）。,True,True
594,2,从事电源行业PCBlayout工作|了解布板需要的EMC、安规方面的要求,PCB layout是电子设计自动化的核心，属于技术岗位。,1,从事电源行业PCBlayout工作,岗位为PCB layout工程师，使用EDA工具进行版图设计，但原文仅提及PCBlayout工作，未明确要求软件开发或AI技术。PCB layout是专业岗位，但工具使用属于辅助性质，核心产出是电路板设计。因此为1分，不是2分（未涉及软件开发或算法）。,True,True
595,1,熟练掌握使用office办公软件,使用办公软件辅助商务工作。,1,熟练掌握使用office办公软件,岗位为销售/商务助理，要求熟练掌握Office办公软件，属于辅助数字工具用于文书和统计，核心产出仍是商务支持。因此为1分，不是0分（明确要求数字工具）也不是2分（非核心软件开发）。,False,False
596,0,,车险销售，无AI或数字技术内容。,0,,岗位为车险专员，职责包括续保、报价、出单、理赔等，未明示要求任何数字工具或技术。因此为0分，不是1分（无辅助数字工具要求）。,False,False
597,0,,保险销售和客户服务，无AI或数字技术内容。,0,,岗位为储备经理（保险代理人），职责包括客户服务、续期收费、新保开拓等，未明示要求任何数字工具或技术。因此为0分，不是1分（无辅助数字工具要求）。,False,False
598,0,,证券事务和法务，无AI或数字技术内容。,0,,岗位为证券事务专员，职责包括信息披露、投资者关系、会议筹备、合同审核等，未明示要求任何数字工具或技术。因此为0分，不是1分（无辅助数字工具要求）。,False,False
599,1,熟练使用Office办公软件|销售数据统计,岗位涉及使用Office软件进行数据统计，数字工具为辅助工作。,1,熟练使用Office办公软件,岗位核心是出版运营和销售，Office是辅助工具，移除后岗位仍成立，因此为1分；未涉及软件开发或AI，故不是2或3分。,False,False
600,0,,销售经理岗位，无AI或数字技术内容。,0,,岗位职责为销售和客户关系，未明示任何数字工具或技术，因此为0分；不是1分因为无工具要求。,False,False
601,0,,银行柜员岗位，无AI或数字技术内容。,0,,岗位为银行柜员，职责是业务办理，未提及数字工具或技术，因此为0分；不是1分因为无工具要求。,False,False
602,2,Altium Designer|Multisim|CAD|matlab|模拟电子技术,硬件工程师岗位，核心工作涉及电子硬件开发、设计软件和数字电子技术。,2,硬件架构设计|原理图和PCB设计|熟练应用Altium Designer、Multisim、CAD、matlab等电子硬件开发相关软件|精通模拟电子技术、数字电子技术,岗位核心是电子硬件开发，包括硬件架构、原理图、PCB设计及单片机系统设计，属于嵌入式硬件开发等核心数字技术，故为2分；不是3分因未涉及AI/ML；不是1分因技术是核心产出而非辅助工具。,False,False
603,0,,OEM销售岗位，无AI或数字技术内容。,0,,岗位为销售，职责是客户开发和商务，未明示数字工具或技术，因此为0分；不是1分因为无工具要求。,False,False
604,2,python|薪酬线上化、自动化、可视化管理|数据分析,薪酬管理岗要求使用Python进行数据分析，并推动薪酬管理自动化，软件和数据处理是核心。,1,擅长运用Excel、python等数据工具处理实际问题,岗位核心是薪酬管理，使用Excel和Python进行数据分析是辅助工具，移除后岗位仍成立，因此为1分；未涉及软件开发或AI，故不是2或3分。,True,True
605,0,,企划经理岗位，无AI或数字技术内容。,0,,岗位为企划经理，职责是文案和品牌推广，未明示数字工具或技术，因此为0分；不是1分因为无工具要求。,False,False
606,1,PLM进度,涉及使用PLM系统进行产品管理，数字工具辅助工作,0,,岗位为产品企划，职责是市场研究和产品规划，未明示数字工具或技术，因此为0分；不是1分因为无工具要求。,True,False
608,1,数据整理|完成实验报告,研发专员涉及数据整理和实验报告，数据处理为辅助工作。,1,"数据整理,完成实验报告|有AKTA蛋白纯化经验者优先",岗位核心是蛋白纯化实验，数据整理和AKTA设备使用是辅助工具，移除后实验仍可进行，因此为1分；未涉及软件开发或AI研发，故不是2或3分。,False,False
609,2,单片机嵌入式软件设计|C语言编程|软件系统方案设计|代码实现,下位机软件工程师岗位，核心是嵌入式软件开发，涉及编程和系统设计。,2,"负责下位机软件系统方案设计|负责下位机软件概要设计、详细设计,代码实现|精通51系列等单片机软硬件开发",岗位核心是嵌入式软件开发，属于核心数字技术，因此为2分；未提及AI/ML，故不是3分；软件开发是核心产出而非辅助工具，故不是1分。,False,False
610,0,,党工团干事岗位，无AI或数字技术内容。,0,,岗位职责为党工团行政事务，仅提及灯塔党建平台维护，但属于普通系统使用，未要求数字工具或技术技能，因此为0分；不是1分，因为无明确数字工具要求。,False,False
611,1,测试数据能进行统计、整理|使用各种测试设备,硬件测试实习生涉及测试数据统计和设备使用，数字工具为辅助。,0,,岗位描述仅要求使用物理测试设备（功率计、频谱仪等），未明示任何数字工具、软件或信息系统；数据统计整理未明确要求特定软件，移除潜在数字工具后测试工作仍可开展，因此为0分。,True,False
612,1,数据分析|收集操作记录、过程指标,研发技术员涉及数据分析和收集，数据处理为辅助工作。,1,进行数据分析,岗位核心是工艺试验与质量分析，数据分析是辅助手段，移除后仍可进行工艺跟踪，因此为1分；未涉及软件开发或AI，故不是2或3分。,False,False
