canonical_id,score,evidence,reason,confidence,model,prompt_version,content_hash,label_status,input_tokens,output_tokens,primary_score,audit_score
1,0,,岗位职责和描述均未提及AI或数字技术，仅涉及传统银行渠道维护和销售。,high,deepseek-v4-pro,1.0.0,1b38a30f4341bbbf7c7f6090bfc739bb90cec20b06992675cecb5f7cb2a0250a,llm_primary,1998,596,0,
2,0,,岗位为材料工程研发，未涉及AI或数字技术。,high,deepseek-v4-pro,1.0.0,bd825eead491f5e938d3bf5aeaffcdb4a24eb974481be1fd05182a0dc98cd84d,llm_primary,1998,596,0,
3,0,,岗位为水电工程师，仅涉及传统电气操作，无数字技术内容。,high,deepseek-v4-pro,1.0.0,46cdf23f762f0d5238224b3cf03377a99d75fd39bec3bfcaaf2ab344f2c74502,llm_primary,1998,596,0,
4,0,,岗位为金融销售培训讲师，职责和描述均未提及AI或数字技术。,high,deepseek-v4-pro,1.0.0,94f1081bfcb143d1ecaf935b8577475f2c0ad6cc6f0463148607da8edc722449,llm_primary,1998,596,0,
5,2,"FPGA逻辑开发|控制软件无线电(SDR)芯片|算法研发|Verilog/VHDL|Quartus II,Modelism等软件",岗位核心为FPGA开发和算法研发，涉及软件和嵌入式技术，但未明确提及AI或高级算法。,high,deepseek-v4-pro,1.0.0,1731b365af5db195271533d674965b45dafc290f630ba5d7005f567a9a5eff7b,llm_primary,1998,596,2,2.0
6,2,导航软件的维护及升级|卫星导航及惯性导航类应用软件的开发|VC开发环境|MFC|Windows API,岗位核心为软件开发，涉及导航软件和编程，但未提及AI或高级算法。,high,deepseek-v4-pro,1.0.0,8b6162187b15be53dc3c213a19b9b47139949a7fcc4bde357d59a94645812ef1,llm_primary,1998,596,2,
7,0,,岗位为物业管理，职责和描述均未涉及AI或数字技术。,high,deepseek-v4-pro,1.0.0,ffdc7769e0515345410491c4c6acb3d904727545a47316938c2655331cf825e6,llm_primary,1998,596,0,
8,3,量化评估|设计量化/估值模型|在险值计算模型|MATLAB或其他数学和统计软件|期权、期货、结构性产品的定价、风险度量模型,岗位明确涉及量化模型设计和评估，使用数学和统计软件，属于高级算法和模型研发。,high,deepseek-v4-pro,1.0.0,731438d839a624a237b967886b25f5c6349f13706a17b583f1c1139759df1633,llm_primary,1998,596,3,
9,1,销售订单ERP录入,岗位涉及使用ERP系统进行订单录入，属于数字工具辅助工作，但核心是销售助理的协调与沟通。,high,deepseek-v4-pro,1.0.0,8b4014824f835b502618bec396b6e298107f7b3e8b44aecc3ae0821b3e0f7faa,llm_primary,1372,520,1,
10,1,日常质量数据收集及分析,岗位包含数据收集与分析，但仅为辅助质量管理工作，核心是质量体系维护与问题整改。,medium,deepseek-v4-pro,1.0.0,873f097c00e1e493ae3da9469c546826a6cfad5f99648f2b38f041ec880d157a,llm_primary,1372,520,1,
11,1,熟练使用CAD及常用办公软件,岗位要求使用CAD和办公软件，但它们是辅助现场代表工作的工具，核心是专业技术与现场管理。,high,deepseek-v4-pro,1.0.0,bd09ba3af470b18d0177a8471a590d4e04bf4133d9686a0c882fe32f6af4c258,llm_primary,1372,520,1,1.0
12,1,基础数据分析能力,岗位要求基础数据分析能力，但主要用于运营支持和费用结算等辅助工作，非核心。,medium,deepseek-v4-pro,1.0.0,a6edfd463cee3daaf9f64c5ff3202c079b4297ec6cfc31c97681fdb1958e5ab7,llm_primary,1372,520,1,
13,0,,岗位描述为融资会计，涉及银行信贷和资金调配，未提及任何数字技术或AI相关内容。,high,deepseek-v4-pro,1.0.0,50a200045e6f2409cfd50925d73a030acbb15b56b81679e81beb470840417d84,llm_primary,1372,520,0,0.0
14,0,,行政内勤岗位，要求文案功底和办公软件使用，但办公软件是通用工具，无实质数字技术内容。,high,deepseek-v4-pro,1.0.0,063ec91994ce19ce0aec9328e37c279a70b779f0e1d36ce3c6c05b7a36bf8c54,llm_primary,1372,520,0,
15,0,,保单售后整理岗位，描述简单，未涉及任何数字技术或AI相关内容。,high,deepseek-v4-pro,1.0.0,6bec3fc1d8e1a97cf807354ed2ebaf69835343335161bc836ab07f66036db21d,llm_primary,1372,520,0,
16,0,,客服理赔现场作业岗，要求农学背景和理赔流程处理，未提及数字技术或AI。,high,deepseek-v4-pro,1.0.0,71be720e26c0a81a31d7fa82db720455cafaa4b244f450667735f8b22cf9d504,llm_primary,1372,520,0,0.0
17,0,,岗位为质量检验员，职责涉及质量检验、记录整理和信息传递，无AI或数字技术内容。,high,deepseek-v4-pro,1.0.0,65ef9288d771a3d361cca99affba5678d514207d904152ba9ad2e8bc5ea01344,llm_primary,1905,623,0,0.0
18,0,,岗位为招聘经理，职责包括招聘、渠道管理和校园招聘，未涉及AI或数字技术。,high,deepseek-v4-pro,1.0.0,b7f11cdebce152f63e770537d49b767b6603018931099aea0a7d00a0e0d74a26,llm_primary,1905,623,0,
20,0,,岗位为摩油销售，职责为渠道开发和市场信息收集，无AI或数字技术内容。,high,deepseek-v4-pro,1.0.0,a4f8df8034e29c6ddb151ff2b68c5db4cfd36ed2371510dfcb56b87ffed27e56,llm_primary,1905,623,0,0.0
21,1,"半导体晶圆生产工作|光刻,薄膜,刻蚀,湿法|电子类专业",岗位涉及半导体制造，使用数字工具和信息系统辅助生产，但核心是操作和维护，非AI或高级算法。,medium,deepseek-v4-pro,1.0.0,fa6ed30b8340eeca777356a0f6551f26c7b92e40a26a41f0077556ca7071cc37,llm_primary,1905,623,1,
22,1,熟练使用财务软件,岗位为财务会计，要求熟练使用财务软件，数字工具为辅助工作。,high,deepseek-v4-pro,1.0.0,7eb0f611d8d1eb4f13b0abea252d7d14bf8ba295536ab80204b1093be208dfce,llm_primary,1905,623,1,1.0
23,3,算法工程师|控制算法设计|算法实现|C/C++/Python编程|运动控制系统,岗位明确为算法工程师，涉及控制算法设计、实现和测试，使用C/C++/Python编程，属于高级算法研发。,high,deepseek-v4-pro,1.0.0,5d6b708f3ec0669ab6bd86a5d301e1f87b4a14c82bb3d86348714a1afffb0a85,llm_primary,1905,623,3,
24,0,,岗位为功能食品销售，职责为市场销售和客户维护，无AI或数字技术内容。,high,deepseek-v4-pro,1.0.0,d7b0497588528a8d67a75d84a8e7346d17b894f35f5ed67e44e4ae5140295440,llm_primary,1905,623,0,
25,1,电脑办公软件|自动化工艺,岗位主要职责为工艺工程，使用电脑办公软件和推动自动化工艺仅为辅助性工具，非核心技术工作,medium,deepseek-v4-pro,1.0.0,88e04c8ca56b9f9cf25b384eba5cfd6788b1ddbd6d2144f947b1b017b1abcfea,llm_adjudicated,1905,623,2,1.0
26,1,"熟悉电脑操作,MicrosoftOffice办公软件和ERP软件",岗位要求熟悉办公软件和ERP软件，但仅为辅助工具，核心工作是订单审核和工艺卡制作。,high,deepseek-v4-pro,1.0.0,d0750cba4d3297e1655f28a4d3eb21149ecc28f2797076916a19cb50172651b1,llm_primary,2755,518,1,1.0
27,0,,岗位职责为安全管理、消防、环保等，未涉及AI或数字技术内容。,high,deepseek-v4-pro,1.0.0,84eb1cebe6b77cc2bc0f0a6b04b2c3926b0213c2b21f66822570e468a90ae5f4,llm_primary,2755,518,0,
29,0,,描述仅提及制造业相关岗位，无任何数字技术内容。,high,deepseek-v4-pro,1.0.0,b279a29e1e03695603a1b26832caf74e6984668763795242e3d94f7024979725,llm_primary,2755,518,0,0.0
30,1,熟练使用CAD、天正等软件,岗位要求使用CAD等设计软件，但核心是室内设计，软件仅为辅助工具。,high,deepseek-v4-pro,1.0.0,260cb8cb820e8605be5e80a28d8f5ac9bc7b301aab4ad41098ac28d31678c0ae,llm_primary,2755,518,1,
31,1,熟悉ERP/MES,岗位要求熟悉ERP/MES系统，但主要用于生产计划和供应链管理，属于辅助工具。,high,deepseek-v4-pro,1.0.0,7c29e71a3e471b992252f3160f916cb1f749ddecbb3182c60a4cfe5329593316,llm_primary,2755,518,1,
32,1,熟练使用PR、AE、PS等剪辑软件,岗位要求使用视频剪辑软件，但核心是摄像和剪辑，软件为工具。,high,deepseek-v4-pro,1.0.0,a8912aa3f1daf092ee6e824a75e6ebe9922648ddbfd45e7edead4d22a0c3d882,llm_primary,2755,518,1,
33,0,,岗位为证券事务专员，涉及法律法规，无AI或数字技术内容。,high,deepseek-v4-pro,1.0.0,a070cb70cb1058a0f2e972e31dd435e78618fbbc6a99f46f6d16d079ebc02df9,llm_primary,2755,518,0,
34,0,,岗位为车间管理，职责为生产管理、质量控制等，无数字技术内容。,high,deepseek-v4-pro,1.0.0,9aee9c854b519a2efdb46619e77e656cc8cf0914932c709502bc47ec298f8c6e,llm_primary,2755,518,0,
35,0,,岗位职责和描述均围绕市场拓展、客户关系维护等传统业务，未涉及AI或数字技术。,high,deepseek-v4-pro,1.0.0,f52e1905410c4a65c47dfc1ee98184c905b6ffac2600497baf90442093b00e02,llm_primary,3672,1176,0,
36,1,对案件损失进行系统预估录入,岗位涉及使用系统进行数据录入，但仅为辅助工作，核心是现场查勘和理赔指导。,high,deepseek-v4-pro,1.0.0,2b844c5e9bdc5fc4cd7c940c34a9a54a03df8c8a505f70a9207abea90f6fbcfe,llm_primary,3672,1176,1,
37,0,,药品QA岗位职责为取样、环境监测、现场监督等，未提及数字技术或AI。,high,deepseek-v4-pro,1.0.0,b09ff4ba7e4e5c41395b0dd2d474992633fc993e5b974b633f178480e08069cd,llm_primary,3672,1176,0,
38,0,,岗位描述为设备维修管理，未涉及任何AI或数字技术内容,high,deepseek-v4-pro,1.0.0,d7881d1308fc70ba5bac09d07309fb5b5c2c6ecaa5f43502534f45fc194e4a0e,llm_adjudicated,3672,1176,1,0.0
39,0,,生产运营总监职责为生产调度、进度控制等，未涉及数字技术或AI。,high,deepseek-v4-pro,1.0.0,3d661149d7470ca52d546e647ec79f16e44b9de4a4398604cf9faffc740e6dc5,llm_primary,3672,1176,0,
40,1,对校招相关数据进行检测、整理、分析,涉及校招数据的检测、整理和分析，但仅为辅助招聘工作。,high,deepseek-v4-pro,1.0.0,d585de484d7ad324fe8ba502242d42bea6c7650223bd4d9c0b2a0dbfe6289972,llm_primary,3672,1176,1,
41,1,图纸评审|产品工艺方案|现场工艺指导,技术员岗位涉及图纸评审和工艺方案，可能使用CAD等数字工具，但核心是机械加工技术。,medium,deepseek-v4-pro,1.0.0,83f805fcbf3391e28de1436a29cf03bda9137f527ac322c4976eb9037714e4ed,llm_primary,3672,1176,1,
42,0,,内审主管职责为审计、收集证据、出具报告，未涉及数字技术或AI。,high,deepseek-v4-pro,1.0.0,58ac2a69cebd923cd26a0ef544516c8be7f5212eb4cc227a099c4bc1222ba608,llm_primary,3672,1176,0,
43,0,,与42相同，内审主管职责未涉及数字技术或AI。,high,deepseek-v4-pro,1.0.0,58ac2a69cebd923cd26a0ef544516c8be7f5212eb4cc227a099c4bc1222ba608,llm_primary,3672,1176,0,
44,0,,综合金融客户经理职责为销售金融产品，未涉及数字技术或AI。,high,deepseek-v4-pro,1.0.0,69af2a3ec4700898dc2e7b523858c7d53491af62dcaaaa79848286d77e108f46,llm_primary,3672,1176,0,
45,1,负责总部电脑以及无分公司地区电脑验收、升级、维修管理|负责办公用品以及公司促销品、携税宝出库入库管理,涉及电脑验收、升级和库存管理，可能使用信息系统，但仅为辅助行政工作。,medium,deepseek-v4-pro,1.0.0,4f0176d3817e977469fa3ef7d70536ac8d1fcc9127167117ee5a882c7f4a0e5e,llm_primary,3672,1176,1,
46,1,会使用UG、CAD、办公软件等,岗位要求使用UG、CAD等设计软件，但核心是项目助理工作，软件为辅助工具。,high,deepseek-v4-pro,1.0.0,d16852bb3c4dcff2147e2c6021270d00b976af7c925d6943199e472eb4723da7,llm_primary,3672,1176,1,
47,2,负责大容量、高并发的应用产品或技术产品的架构设计、研发工作|精通Java EE相关技术、Spring、struts、iBatis等开源技术和框架|熟悉云计算分布式相关技术,系统架构师岗位核心是软件架构设计、研发，涉及高并发、分布式等技术，属于软件和信息化核心。,high,deepseek-v4-pro,1.0.0,9b64f4fabf1a4bb3a4057dfdcaad9b752575d5a93d7cdeb26fb37da67aedfd9d,llm_primary,3672,1176,2,2.0
48,1,负责公司旗下电商平台的在线客服|负责客户信息资料管理与整合,电商客服使用在线平台和客户信息管理，但仅为辅助沟通和数据管理。,high,deepseek-v4-pro,1.0.0,2c3b21028d245cf6d4c1c5f4314c16a4685148ca9ba9039a9b47732ae51519d1,llm_primary,3672,1176,1,
49,1,能够掌握并熟练操作基本的办公软件,生产经理要求熟练操作办公软件，但核心是生产管理，软件仅为辅助。,high,deepseek-v4-pro,1.0.0,f0fb62c12a26f2ba49386a01ba08bb21752ce24ac8b7a6f8a5d1a356b3c420c8,llm_primary,3672,1176,1,
51,1,熟练掌握CAD/MATLAB等设计软件,水冷板研发工程师要求使用CAD/MATLAB等设计软件，但核心是产品研发和工艺优化，软件为辅助工具。,high,deepseek-v4-pro,1.0.0,0310045c05a6d07577006bd935fdc3724eb7edd71a06a5daeab2bebf5dbf4b06,llm_primary,3672,1176,1,
52,2,三维配管软件如PDMS|应力计算软件|数据处理和办公软件,岗位核心职责包括使用专业三维配管软件和应力计算软件，软件和数据处理是核心技能。,high,deepseek-v4-pro,1.0.0,f70152970f60d34e3164b0fe4f73ac9c14f0306465e85f05f190261e1d1e4e95,llm_primary,2874,1013,2,
54,0,,行政主管岗位描述未提及任何AI或数字技术内容，仅涉及行政事务。,high,deepseek-v4-pro,1.0.0,6c1dcb68e9c50950ca117cce7beb90eb8cb6e957ed830afb24e796ce4e864cdc,llm_primary,2874,1013,0,
55,0,,董事长秘书岗位描述未提及任何AI或数字技术内容。,high,deepseek-v4-pro,1.0.0,3a231ac8892f1ef40e0c26fd88968312d35eb60bb148a2a7b4541762be0775da,llm_primary,2874,1013,0,
56,1,经营数据分析治理|系统性BI报表设计|管理数据支持模式,岗位涉及数据分析和BI报表设计，但仅为辅助销售管理，非核心研发。,medium,deepseek-v4-pro,1.0.0,3632831ec89be43c09a2667888c1d353042b2546967cf0ce5e2e8ac1227cfc7a,llm_primary,2874,1013,1,
57,0,,水处理项目方案技术员岗位描述未提及任何AI或数字技术内容，主要是订单处理和沟通。,high,deepseek-v4-pro,1.0.0,6837922dbc0c714cfcd200de87ae73072a15f6e9ba8f1165f71396dc2a9f9756,llm_primary,2874,1013,0,
58,1,熟练使用办公软件,办公软件仅作为行政辅助工具，非核心工作内容,high,deepseek-v4-pro,1.0.0,e678b4de2135240c3f9d63e8f55c38126e2397b6c5afda0544221d7b106b3eb2,llm_adjudicated,2874,1013,0,1.0
59,0,,企业文化专员岗位描述未提及任何AI或数字技术内容。,high,deepseek-v4-pro,1.0.0,9d30c6fae5eb26ed2af679a240eedaa6e1e0c5cf61c8c95f8f30916b61eb791a,llm_primary,2874,1013,0,0.0
60,0,,保险业务督导员岗位描述未提及任何AI或数字技术内容，主要是保单整理和客户服务。,high,deepseek-v4-pro,1.0.0,bfadc2a18691fe5c78c319820098c2892946f67233926f1b0b51c56e4b74b0e8,llm_primary,2874,1013,0,
61,0,,综合金融客户经理岗位描述未提及任何AI或数字技术内容，主要是销售和客户开发。,high,deepseek-v4-pro,1.0.0,7580ea196024283b9001f62994f6d41f7e13f1209788e83bee06050b67fbf08c,llm_primary,2874,1013,0,0.0
62,0,,项目经理岗位描述未提及任何AI或数字技术内容，主要是施工管理。,high,deepseek-v4-pro,1.0.0,1493c5b19741e94aea5560d44bd4472b86a7afc1ae70788fb6e25da5df1a45bc,llm_primary,2874,1013,0,0.0
63,0,,制剂研发岗位描述未提及任何AI或数字技术内容，主要是药学实验和设备操作。,high,deepseek-v4-pro,1.0.0,b8f499780628ca214683a42078e66a04bacc70c42b65b7f119b7873b8a6ed617,llm_primary,2874,1013,0,
64,1,熟练掌握办公软件的运用,岗位要求熟练掌握办公软件，但仅为辅助人事工作，非核心。,medium,deepseek-v4-pro,1.0.0,99c8fe4d91ba5495dd83a604d428cff7f8b8f85c3d53a5e29627641d70200642,llm_primary,2874,1013,1,
65,1,熟悉办公软件操作,办公软件用于辅助查勘定损文档处理，非岗位核心,high,deepseek-v4-pro,1.0.0,0ef5e13f01216897f81c9fcb4e1a5789fa392ab66630f4648eebd03bc246915d,llm_adjudicated,2874,1013,0,1.0
66,1,熟悉使用日常office办公软件|熟悉2D/3D等相关设计软件,IE工程师使用办公和设计软件辅助生产改善，数据与软件为辅助角色,medium,deepseek-v4-pro,1.0.0,c7577158bfbebab1e93cea31e6d559bff581591b99bd75e0bbb1aebe28213193,llm_adjudicated,2874,1013,2,1.0
67,0,,招聘专员岗位描述未提供具体内容，无法判断有数字技术。,low,deepseek-v4-pro,1.0.0,7d6daa25bc7655783b66545d92076ccdd275f9cc0d916d7001a18c023a1f00c0,llm_primary,2874,1013,0,0.0
68,0,,医疗器械销售代表岗位描述未提及任何AI或数字技术内容，主要是销售和跟台。,high,deepseek-v4-pro,1.0.0,39c4356379ea5668bf7abba40b92cfa78a51a18426f67a92fb48ad761cab0869,llm_primary,2874,1013,0,
69,0,,岗位为化学工艺实验员，无AI或数字技术内容。,high,deepseek-v4-pro,1.0.0,3d1f2045de2d29cefd81309c987ab58dc2d92d01cb54085245a05163a2909b4c,llm_primary,4062,985,0,
70,0,,岗位为销售经理，描述未提及任何数字工具或技术系统,medium,deepseek-v4-pro,1.0.0,3f6b5747243de66d24dffe8dc7d45d52add94290e11be709cd1b1f6a88138f82,llm_adjudicated,4062,985,1,0.0
71,0,,金融顾问岗位，无AI或数字技术内容。,high,deepseek-v4-pro,1.0.0,abd87fa749ed58fa1d45dac52c9ac8400cbe5fa3244cceeff1c48b698590519c,llm_primary,4062,985,0,
72,1,数据统计|办公软件使用方法,涉及数据统计和办公软件，但仅为辅助工作。,high,deepseek-v4-pro,1.0.0,8d905bfd1633ca19c09094627f65529686bb8d1e44d8eced10d4e5d3427810ad,llm_primary,4062,985,1,
73,2,信息安全管理制度体系建设|ISO27001|等级保护|数据安全防护体系|平台建设,岗位核心是信息安全管理体系与数据安全平台建设，属于信息化核心工作。,high,deepseek-v4-pro,1.0.0,069b93ffe381a84988abf9cdd11532f1a9f45b1db11f035022db66c0e4ec748d,llm_primary,4062,985,2,
74,1,人力资源系统|Excel等办公软件,使用人力资源系统和Excel，但仅为辅助性工具。,high,deepseek-v4-pro,1.0.0,48c75c2b29f4c638a3fb9bed67676cbd11e367a1c2ed76d7d83692675a871c48,llm_primary,4062,985,1,
75,2,solidworks软件|自动化设备机构设计与制造|非标自动化,岗位核心是使用SolidWorks进行自动化设备设计，涉及软件和自动化技术。,high,deepseek-v4-pro,1.0.0,63bb6af130a1180434f9c067601062b1a2d8b0f84a4791cad5b48c72798d5476,llm_primary,4062,985,2,
76,0,,物业市场拓展，无AI或数字技术内容。,high,deepseek-v4-pro,1.0.0,e8519a31296347ae84662012b5afae9e91d6a70f5bb45590efbc01f398e89ba7,llm_primary,4062,985,0,
77,0,,车险查勘定损，无AI或数字技术内容。,high,deepseek-v4-pro,1.0.0,849c6ca009f5736aaf83f29b90fc3579fe5cf5cb8c724f0fa554a8f4a31d1e02,llm_primary,4062,985,0,
78,0,,综合金融客户经理，无AI或数字技术内容。,high,deepseek-v4-pro,1.0.0,f6f168249ca6ace465fe4255f8b02450aea8e01bfc37cdcef7b9dd3f45e08e08,llm_primary,4062,985,0,
79,0,,大客户销售经理，无AI或数字技术内容。,high,deepseek-v4-pro,1.0.0,63109a63141e5f5e5e0e94534b44e6c4de1c23095dd42b7501e4396d5b29f419,llm_primary,4062,985,0,0.0
80,0,,医疗器械销售管理，无AI或数字技术内容。,high,deepseek-v4-pro,1.0.0,0f01af262efecbc6b9287776df0037d49c76abddba567218c00cd4d62dc65e06,llm_primary,4062,985,0,
81,0,,物业工程主管，无AI或数字技术内容。,high,deepseek-v4-pro,1.0.0,1bf1468e2ec99d4b0f596ac30668a8dc9362313c63690da6d64e702f21d8b106,llm_primary,4062,985,0,
83,0,,采购员，无AI或数字技术内容。,high,deepseek-v4-pro,1.0.0,0bc4089c3b9509e29918ccb0a0261d04c58494d7ff42cb8280dc72ac11e9c9f1,llm_primary,4062,985,0,
84,2,电商运营|淘宝自然搜索SEO|直通车(CPC)|钻石展位(CPM)|广告投放,岗位核心是天猫电商运营，涉及SEO、广告投放等数字营销技术。,high,deepseek-v4-pro,1.0.0,a34a5e8339555120f2713020ad27076609a3152cce759b763f7d15b20be4528a,llm_primary,4062,985,2,
85,1,数字化营销工具|宣传视频|PS,协助制作数字化营销工具，使用PS等，但仅为辅助性工作。,medium,deepseek-v4-pro,1.0.0,331549d0238f5b06fa2989947396eda9426408d83f6a44b009586705a564ea6a,llm_primary,4062,985,1,
86,0,,岗位职责涉及环境业务管理、清洁绿化、团队管理，无AI或数字技术内容。,high,deepseek-v4-pro,1.0.0,027520803db14edb0375462e9813ebd62832ce3dccc3b49b34598be57e7e3a89,llm_primary,3531,1112,0,0.0
87,0,,岗位职责为渠道运营、销售拓展、佣金处理，无AI或数字技术内容。,high,deepseek-v4-pro,1.0.0,052b8019159e896b0fee2ac8c078e00f645724a05ae548ed81526ed632011274,llm_primary,3531,1112,0,0.0
88,0,,岗位为费控工程师，涉及工程造价、成本分析，无AI或数字技术内容。,high,deepseek-v4-pro,1.0.0,922f5f93318ce7c8f3aa59b9474847e7f97ec44e2fad529fe1c68c4c4187f466,llm_primary,3531,1112,0,
89,0,,岗位为销售主管，负责市场开发、客户维护，无AI或数字技术内容。,high,deepseek-v4-pro,1.0.0,b772c6b16f05859dec762c31b38e4a60250f4e7e348b060822d0d97b9d8b361f,llm_primary,3531,1112,0,
90,1,负责京东自营平台售前咨询及接待工作|负责通过咚咚、微信或电话等工具帮客户解决售后问题|负责销售订单的系统录入及对账,使用电商平台和通讯工具进行客服工作，数字工具为辅助。,high,deepseek-v4-pro,1.0.0,8ae6bccc5153d4a852ff62670cbf46ec37bb560ac757252dd93b20306d17974e,llm_primary,3531,1112,1,
91,2,负责厂区网络的正常运行|负责办公设备、设施的日常维护及故障处理|负责监控系统、广播系统及ERP系统的后台保障|负责网站、邮箱及公众号等各类平台的维护及更新|定期对相关数据进行备份,网络管理、ERP系统维护、数据备份等是岗位核心职责。,high,deepseek-v4-pro,1.0.0,39d891d734ba242fe162d07155599dd6874a010a3571decce8c4aee407f07839,llm_primary,3531,1112,2,
92,0,,岗位为信用卡客户经理，负责产品推广和客户服务，无AI或数字技术内容。,high,deepseek-v4-pro,1.0.0,34ce2de5ae5b3292a35085658a8d0eeab651c1c221c853bc6378c09ce4ce7ce7,llm_primary,3531,1112,0,
93,1,销售,要求掌握办公软件，但仅为辅助销售工作。,medium,deepseek-v4-pro,1.0.0,0e95f442770bb1da9dde62956c4c564c7b1032bbbc418aad80e82ac2390f5da1,llm_primary,3531,1112,1,1.0
94,0,,岗位为业务类管培生，涉及渠道开发和管理，无AI或数字技术内容。,high,deepseek-v4-pro,1.0.0,0dbbef176da9f3312c3fd3b66230191ab19da2673ee61e360666bad9fdc1cee0,llm_primary,3531,1112,0,0.0
95,0,,岗位为质量总监，负责质量管理、审核、改善，无AI或数字技术内容。,high,deepseek-v4-pro,1.0.0,17a331a0ad42760d0b6ab789806b1a944b1bf312fafa5511809302a01488145c,llm_primary,3531,1112,0,0.0
96,0,,岗位为电话销售专员，通过电话营销金融产品，无AI或数字技术内容。,high,deepseek-v4-pro,1.0.0,be9eee51e4e9ece02a69b0fef92c7e5666bcc9ac2210cc6a0b8c11b02b9e38d1,llm_primary,3531,1112,0,
97,0,,岗位为模具计划主管，负责加工计划编排和产能协调，无AI或数字技术内容。,high,deepseek-v4-pro,1.0.0,fafdb3ffca25611a61b81e83a06a88cd66860f070f39676b77526f47529fd995,llm_primary,3531,1112,0,
98,0,,岗位为FAE现场应用工程师，推广电源管理芯片，提供技术支持，无AI或数字技术内容。,high,deepseek-v4-pro,1.0.0,3c8455a87f346e6c49e87fc65adc52167b81a11063e1bd48030f1c9e2c43c82b,llm_primary,3531,1112,0,
99,2,针对Hillstone的安全产品提供售前技术支持服务|深入了解TCP/IP、路由协议、2/3层交换以及IPSec,网络安全产品售前技术支持，涉及网络协议和安全技术，是岗位核心。,high,deepseek-v4-pro,1.0.0,2d4e5262d9d7774f79449b43a751976ea2167de8e6b4fe9132105bb1e0e0d2d1,llm_primary,3531,1112,2,2.0
100,1,熟悉各类制图及分析软件,涉及质量数据分析和制图软件使用，但仅为辅助质量管理。,medium,deepseek-v4-pro,1.0.0,05289ecbca881ea08e0d4126af4eedff616e28e3953685c5966e0c222ad70313,llm_primary,3531,1112,1,
101,0,,岗位为幼儿教师，负责教育教学活动，无AI或数字技术内容。,high,deepseek-v4-pro,1.0.0,c69daf21818ba03eb46ac738561d872154f92cb59d93b0ac6b9e20d020883603,llm_primary,3531,1112,0,
103,0,,岗位为QC检验，无AI或数字技术内容。,high,deepseek-v4-pro,1.0.0,39c8ba8b8250848b04b9234f27cd8aba1e4e1ae0785428d6501314d2e2b87d51,llm_primary,3734,971,0,
105,0,,学徒工岗位，无AI或数字技术内容。,high,deepseek-v4-pro,1.0.0,ff782d8dde1a38ae2ea328500948aabc6b6cd3482acff4ceb6b430944b49188a,llm_primary,3734,971,0,
106,0,,OTC区域经理，销售岗位，无AI或数字技术内容。,high,deepseek-v4-pro,1.0.0,1a0fc4348105762b8b861a518d0e8b10b2ad20e5c3541dba99a091ab380641f3,llm_primary,3734,971,0,
107,1,能够熟练使用电脑办公系统,要求熟练使用电脑办公系统，属于数字工具辅助工作。,high,deepseek-v4-pro,1.0.0,b6e232f86cbcae07a5632d967fd6a0f33434950348a330ff6beb9a851258ab7e,llm_primary,3734,971,1,
108,1,熟悉电脑操作,要求熟悉电脑操作，属于数字工具辅助工作。,high,deepseek-v4-pro,1.0.0,41cb7190e5ca9fd95b673af5937ef5dd78e79263fff9ad4a0f9be79830267878,llm_primary,3734,971,1,1.0
109,1,通过微信群等做好客户日常经营|网销,涉及微信群经营和网销，属于数字工具辅助工作。,medium,deepseek-v4-pro,1.0.0,189dbd6c5913dc01c9fd6d3f0cd69cdaadbed37cbb7c39ae7be2d6bb2bb8a69f,llm_primary,3734,971,1,1.0
110,0,,招聘专员，无AI或数字技术内容。,high,deepseek-v4-pro,1.0.0,0d06968454e7e691c9795b7dae589f039c420f373d17596b918bf91354b8d0c2,llm_primary,3734,971,0,
111,1,AI机,提及AI机（可能指自动插件机），属于自动化设备，但岗位为采购，数字技术仅为辅助。,medium,deepseek-v4-pro,1.0.0,b4f7474fbcc36a19715d2cf1eace8745248e2c3141acc149eadaa678a396674c,llm_primary,3734,971,1,
112,0,,EHS管理岗位，无AI或数字技术内容。,high,deepseek-v4-pro,1.0.0,dede6b3bcd7751565c63aef5722b68ce840a2703aeb4bf8803def1b10c1f26df,llm_primary,3734,971,0,0.0
113,0,,产品经理岗位，无AI或数字技术内容。,high,deepseek-v4-pro,1.0.0,fcd517fdee8612522fb185c64d8c4d0c9164480eed363dcae5f8d4ed197c9292,llm_primary,3734,971,0,
114,0,,质量工程师，无AI或数字技术内容。,high,deepseek-v4-pro,1.0.0,589870e51cfb357e1b62569c3dda2eb72fb33ded0c81e847b7f5d0ec2327b480,llm_primary,3734,971,0,0.0
115,1,经营报表过程管理体系,依托信息系统进行报表管理和数据分析，但属于辅助决策支持,medium,deepseek-v4-pro,1.0.0,cc86d2026f7653b1a51e44f327ca7af1e8904b64f926a88b9aec27c44264c881,llm_adjudicated,3734,971,1,0.0
116,2,维护系统工艺路线CT、Yield、Efficiency|转化成站点MES标签信息|提交、追踪、验收MES,岗位核心工作涉及MES系统维护、工艺数据管理，软件和信息系统是重要组成部分,high,deepseek-v4-pro,1.0.0,7318dbb4a4b1c7ab2fb3a47a97cf779641d26b33a04736a43a28adac73dfdc23,llm_adjudicated,3734,971,2,1.0
117,2,编写测试用例|功能兼容性测试|软件产品的打包|工业监控组态软件|主流PLC,岗位核心为软件测试和工业软件应用，属于软件技术核心工作。,high,deepseek-v4-pro,1.0.0,1419c971fa2c7c7e6763d2ea27b98350bcd9ee4810f9852892a062468aec6e40,llm_primary,3734,971,2,
118,0,,医学专员，无AI或数字技术内容。,high,deepseek-v4-pro,1.0.0,95624130db36d92036a6e5c43bccd39b2ba9002282ae509f231de86467fa892c,llm_primary,3734,971,0,
120,0,,业务经理，销售岗位，无AI或数字技术内容。,high,deepseek-v4-pro,1.0.0,f48f528921efc7ccbbfdb30a2b21a0b24681855949a910937dc6570464fc9cf7,llm_primary,3734,971,0,
121,1,数控机床|激光切割机|专用机床,岗位涉及数控机床等数字控制设备，但核心是机械维修，数字技术仅为辅助。,high,deepseek-v4-pro,1.0.0,77f0452a25b8bf6801c57f224444d55c7d6f9a8782960337fdc38554a1329db5,llm_primary,4443,1154,1,
122,1,提供销售分析数据,通过数据分析辅助销售管理，数据工具为辅助,high,deepseek-v4-pro,1.0.0,7358b0890e48a5a5a14b1ddda2f059a1318436f54073f0c50e6400d5ed12ddd7,llm_adjudicated,4443,1154,1,0.0
123,0,,岗位为人才储备岗，描述中无任何AI或数字技术相关内容。,high,deepseek-v4-pro,1.0.0,1d924be471a0774d1984c81e503760290a2fdbd7ff4e981a00b76fc873f6875e,llm_primary,4443,1154,0,
124,1,自动化类|机械制图等开发软件,岗位涉及自动化设备和软件使用，但核心是设备维护，数字技术为辅助。,high,deepseek-v4-pro,1.0.0,e43568ef11c2eacdeb35d0fcba826a54654268f25df508931f0728951774e4da,llm_primary,4443,1154,1,
125,0,,岗位为销售经理，描述中无AI或数字技术内容。,high,deepseek-v4-pro,1.0.0,7e1ecc1c1780a604ae1c8250b60684542809221587048e4de1b2b3049ce9cf20,llm_primary,4443,1154,0,0.0
127,2,服务端基础架构设计|后端架构设计|Java 语言|数据结构和算法|TCP/IP/HTTP 协议,岗位核心是后端开发，涉及软件架构、编程和数据库，属于软件技术核心。,high,deepseek-v4-pro,1.0.0,a0d6aa6cf716e27384bb15a3a6bd38c4b1994c22deb4e221c74e56122bf08015,llm_primary,4443,1154,2,
128,0,,岗位为市场营销，描述中无AI或数字技术内容。,high,deepseek-v4-pro,1.0.0,bb13b20e5d54c08796090b353271df30581cdcac729165e63611b37f0d2cee64,llm_primary,4443,1154,0,
130,1,熟练掌握办公软件,岗位要求掌握办公软件，但核心是综合服务，数字工具仅为辅助。,high,deepseek-v4-pro,1.0.0,ac2838723ac644fc507eccf50ba1f868cc0ccc6b5304c5b41f7be10b5e8f3d3e,llm_primary,4443,1154,1,1.0
131,1,"使用网站搜索,海关数据等方式",岗位涉及使用网站和海关数据，但核心是外贸跟单，数据处理为辅助。,medium,deepseek-v4-pro,1.0.0,8e1d4c91a99c2f774b3a2ce3693c52afb7a7dc08497688ef86679b89fa51b866,llm_primary,4443,1154,1,
132,0,,岗位为银行厅堂助理，描述中无AI或数字技术内容。,high,deepseek-v4-pro,1.0.0,94384f6807a3dba0bb43ab1446763d2da2e5a5e3ad14007b1a4df2385fc9c704,llm_primary,4443,1154,0,
133,2,Minitable/JMP等数据分析工具|SPC|FMEA|MSA|六西格玛,岗位核心是质量改进，涉及数据分析工具和质量工具，属于数据技术核心。,high,deepseek-v4-pro,1.0.0,f783735a2268f3989bff33686476504b5b6ee7c0703aea90c5f05529e92c2e9b,llm_primary,4443,1154,2,
134,0,,岗位为招商经理，描述中无AI或数字技术内容。,high,deepseek-v4-pro,1.0.0,6ca1d706b65072d3efe715399d25408289ef9f75aeaf6235d44b21d23e06fb3c,llm_primary,4443,1154,0,
135,2,GRR\SPC\3A\排列图\鱼骨图\Minitab等工具|数据分析|SPC|Minitab,岗位核心是供应商质量管理，涉及数据分析工具和统计过程控制，属于数据技术核心。,high,deepseek-v4-pro,1.0.0,2230f171f2b1ca8b5d857188976ebaab9994a2eca9c0d20596554953abe7fc91,llm_primary,4443,1154,2,
136,0,,岗位为保单整理专家，描述中无AI或数字技术内容。,high,deepseek-v4-pro,1.0.0,83baa891c609f86a403fbcdbdd993ebf269730994aa6e6d73a2a6e6bd9eb3c52,llm_primary,4443,1154,0,
137,3,ISP 相关算法|3A、HDR、插帧、去雾|图像质量评价指标|算法预研、设计、优化|Matlab 、C/C++、python,岗位明确涉及视频ISP算法研发，包括计算机视觉相关算法，属于高级算法研发。,high,deepseek-v4-pro,1.0.0,bd1010061867135b8030c53021e6067ec3501b6e1f32d4c61ce31c82480c67a0,llm_primary,4443,1154,3,
138,1,分析活动执行效果和数据,岗位涉及活动数据分析，但核心是推广，数据处理为辅助。,medium,deepseek-v4-pro,1.0.0,1d1a46bb7b0d59f0b065fb94e2e279857dc1ae5434e6b604261e56c4448ec8c0,llm_primary,4443,1154,1,
139,3,算法设计|算法开发|机器视觉|图像处理|模式识别,岗位明确涉及算法研发、机器视觉、图像处理等AI相关技术。,high,deepseek-v4-pro,1.0.0,e65a4fc3c913e5a7dfc6c548770669165ec45a2d5d46d0a0965478765bb05756,llm_primary,3153,961,3,
140,0,,法律审计岗位，无AI或数字技术内容。,high,deepseek-v4-pro,1.0.0,7e6e17a4fc60733073bcdabb1a18b2e1f6b4f49a52502da98c486cff39dd2458,llm_primary,3153,961,0,0.0
141,2,信息化建设方案|信息系统管理制度|网络系统的安全性|信息化项目|信息技术培训,岗位核心是信息化建设与管理，涉及信息系统和网络技术。,high,deepseek-v4-pro,1.0.0,f515be0e491eec5e9188a1233b81d6bcf1973584a06d5e12fb597c11fb04e017,llm_primary,3153,961,2,
142,0,,体系管理经理，负责质量管理体系，无AI或数字技术内容。,high,deepseek-v4-pro,1.0.0,a6aee568bf3d0730d6fe48672f88b6a2bf981259d26a509d307f3238b3480054,llm_primary,3153,961,0,
143,0,,储备干部，机械类专业，无AI或数字技术内容。,high,deepseek-v4-pro,1.0.0,c25b0293b686ccddbdbf95022c372465e061486d5ae43d248b17f12214504cb3,llm_primary,3153,961,0,
144,0,,远程一体化服务作业岗，负责车险理赔，无AI或数字技术内容。,high,deepseek-v4-pro,1.0.0,6c3574878a3a1ee964823b47a84d7a0c7906a4bdb2b6b85181d7d635572915ad,llm_primary,3153,961,0,
145,0,,分析研究员，药学或化学相关，使用常规分析仪器，无AI或数字技术内容。,high,deepseek-v4-pro,1.0.0,f1bfb40330143b0f697f28efcde21c6bbe30300ba13b0fdc25798211dfc28bfd,llm_primary,3153,961,0,
146,0,,商务专员/助理，负责采购和供应商管理，无AI或数字技术内容。,high,deepseek-v4-pro,1.0.0,411bacc6707a5296026d8bd0993b78832536788854d637b1d7ed7df20bfecaf0,llm_primary,3153,961,0,
147,0,,农险客户经理，负责农业保险业务，无AI或数字技术内容。,high,deepseek-v4-pro,1.0.0,c376632406b43d318b10dd439b74bba60538c4ed90c9570fe1618adc41cf7871,llm_primary,3153,961,0,
149,0,,市场/营销专员，负责市场调研和宣传，无AI或数字技术内容。,high,deepseek-v4-pro,1.0.0,6d33528e57269d8a832b755eec185827a9a7a35a6a281e205a59dfece17d5398,llm_primary,3153,961,0,0.0
150,0,,研发助理工程师，高分子材料相关，无AI或数字技术内容。,high,deepseek-v4-pro,1.0.0,b4ee535d29dae4593606ef5ef2dc86ce5d02226dc8f1fedb9cb543dfeaf5d11d,llm_primary,3153,961,0,
151,0,,销售工程师，负责销售和客户沟通，无AI或数字技术内容。,high,deepseek-v4-pro,1.0.0,d41cbc07747eeac6a60de02a7b0aa73803aedafb3847502d69e7396098a0933e,llm_primary,3153,961,0,
152,0,,招聘主管，负责招聘工作，无AI或数字技术内容。,high,deepseek-v4-pro,1.0.0,78a4d09ccc9e57b3a8168c1bca0f3d30c8732ee89d6e0f3e43c320e511636347,llm_primary,3153,961,0,
153,0,,远程一体化服务作业岗，负责车险理赔，无AI或数字技术内容。,high,deepseek-v4-pro,1.0.0,c9d6a555aac7e6571c23f4b7ee7264e803957b5467d3930351808edae7271d77,llm_primary,3153,961,0,
154,0,,资深销售经理，负责销售工作，无AI或数字技术内容。,high,deepseek-v4-pro,1.0.0,e8207e6b20be45648dc604844c5d835b5e433497c2bcb6ae38e792ebc8a4ef94,llm_primary,3153,961,0,
155,0,,资深销售经理，负责销售工作，无AI或数字技术内容。,high,deepseek-v4-pro,1.0.0,e8207e6b20be45648dc604844c5d835b5e433497c2bcb6ae38e792ebc8a4ef94,llm_primary,3153,961,0,
156,1,具有云计算、互联网相关学历背景|市场调研与分析|分析模型,岗位提及云计算背景和数据分析模型，但核心是市场战略与品牌推广，数字技术仅为辅助。,medium,deepseek-v4-pro,1.0.0,4a3861a895d9910d822cefe48216c24fed9f56674599822083276d4a64a54990,llm_primary,3205,1084,1,
157,1,NMR、HPLC、MS|图谱分析,使用分析仪器和数据处理，但核心是化学合成工艺研究，数字技术为辅助。,medium,deepseek-v4-pro,1.0.0,67b6c844807eaf3610631daa97146d31b1bfe634d78690aee2cbe8137c95cc79,llm_primary,3205,1084,1,
158,0,,岗位为配送司机，无任何AI或数字技术内容。,high,deepseek-v4-pro,1.0.0,e91cbdeb0ca38e68843295ab4f4320fbce3ecd803fe2f3cc1dc7f9ab2dcf9681,llm_primary,3205,1084,0,
159,2,自动化系统的管理操作,岗位核心是管理操作自动化系统，属于自动化技术范畴。,high,deepseek-v4-pro,1.0.0,ab7ec899127e3873b26e641216af87924170767a7a6a2e58f77eefa2c6e1dd99,llm_primary,3205,1084,2,
160,1,熟练掌握CAD等绘图软件,使用CAD软件辅助设计，但核心是给排水工程设计，数字工具为辅助。,high,deepseek-v4-pro,1.0.0,ced181dd0d1b5e77c9089b68741d13999894733c610ff0c13623bd3bf1500587,llm_primary,3205,1084,1,
161,1,熟练使用OFFICE软件|采购报表、采购分析,使用办公软件和数据分析，但核心是采购工作，数字技术为辅助。,high,deepseek-v4-pro,1.0.0,458f486507853cd37b58ef88edaa93081ba3dbb82e90c14e428934d2fc06112a,llm_primary,3205,1084,1,
162,1,数据整理|制作财务报表,涉及数据整理和报表制作，但核心是财务工作，数据处理为辅助。,high,deepseek-v4-pro,1.0.0,5ec3edf966f8e1b38a411d05b9e3f8e275faac170bc613f6372a8aca2253a554,llm_primary,3205,1084,1,
163,1,气象遥感|数理统计|数据、科技,提及气象遥感、数理统计等，但核心是农险业务推动，数字技术为辅助。,medium,deepseek-v4-pro,1.0.0,f681a62c0b66eae2dafc6a636e003632cccc218bbee16065c9b6634d5167559d,llm_primary,3205,1084,1,
164,0,,岗位为环境经理，负责保洁绿化管理，无AI或数字技术内容。,high,deepseek-v4-pro,1.0.0,8fa5c683ffc022488543f028db51e837700a7b79f217a045e256e5d133ab4407,llm_primary,3205,1084,0,
165,1,价格成本分析能力|供应链管理,涉及成本分析和供应链管理，但核心是采购，数字技术为辅助。,medium,deepseek-v4-pro,1.0.0,e7937b5937478fb0666c1596782e7a8c8e67f1a7d542d1bf8ef160b867df1355,llm_primary,3205,1084,1,
166,1,数理统计|方案制作,提及数理统计和方案制作，但核心是政农业务客户经理，数字技术为辅助。,medium,deepseek-v4-pro,1.0.0,a0a086c53d7412787dfc847185f1558f3c636b433c963f9329abaa5dce3dd5ad,llm_primary,3205,1084,1,
167,2,ERP系统维护|SQL数据库|软件开发,岗位核心是ERP系统维护和软件开发，属于信息系统技术。,high,deepseek-v4-pro,1.0.0,9eeb5e31f63353a2c9f69fb4fece95596647b93fad5e9b237d086fad407c006d,llm_primary,3205,1084,2,2.0
168,0,,岗位为项目管理，无AI或数字技术内容。,high,deepseek-v4-pro,1.0.0,be315f1d099086cdaf96d871a520112bbc66fc13f04d444e8b98d61b34df07b9,llm_primary,3205,1084,0,0.0
169,1,数据跟进|EXCEL、PPT,使用办公软件进行数据分析和预测，但核心是经营分析，数字工具为辅助。,high,deepseek-v4-pro,1.0.0,56d42e00057f5d16a52689746be53e497108ccb1fa3904624f80ba7985cfda72,llm_primary,3205,1084,1,
170,1,数据|电气工程及其自动化专业,涉及数据报告和自动化专业背景，但核心是变电站运维管理，数字技术为辅助。,medium,deepseek-v4-pro,1.0.0,e66db4258a5ded14fc2467e77efb9f010d6f905ec36d9c68b2e5f0333d277a03,llm_primary,3205,1084,1,
171,0,,岗位为保险销售，无AI或数字技术内容。,high,deepseek-v4-pro,1.0.0,1de39c6de894bd4936d3047cc831bfd3913bc27c7eaf3aed8b9a22fd25f6e2fb,llm_primary,3205,1084,0,
172,0,,岗位为风控工程师，职责涉及市场研究、风险研究和项目服务，未提及任何AI或数字技术内容。,high,deepseek-v4-pro,1.0.0,44cb07f6d9a03cbe3981e5a353f4f5fb6975d149c91ee58880aca5d7372cdaba,llm_primary,3642,1290,0,
173,2,智能化设计工作|数采与控制闭环|配置最优化的控制方案|仪表&控制系统的选型|DCS的组态部署与PID整定,岗位核心是智能化装备设计，涉及自动化、控制系统、DCS组态等，软件和自动化技术是核心工作内容。,high,deepseek-v4-pro,1.0.0,d671197a6b856c7b411ef3a6e12553268ff32aa4575f89bd216bd65ff5d674f0,llm_primary,3642,1290,2,
174,0,,培训运营专员，职责为培训计划、课程评估、活动组织等，无AI或数字技术内容。,high,deepseek-v4-pro,1.0.0,2ce96a1d0f56125f5376e3db99939d0e4baec6d77ef33e0d607e0a962dff2c77,llm_primary,3642,1290,0,
175,0,,材料研发岗位专注于无机材料制备与测试，未涉及数字技术或AI,high,deepseek-v4-pro,1.0.0,a11a18ac6d92d9afca332bdb0a22617c49cda2342dfa5d6302f03f291d09c785,llm_adjudicated,3642,1290,1,0.0
176,0,,一体化理赔岗，职责为查勘、定损、理赔服务，无AI或数字技术内容。,high,deepseek-v4-pro,1.0.0,d8dc1c701d7cc55270e54cca618ff44d8c2aed6561f4f7862f17bd1636f737e6,llm_primary,3642,1290,0,
177,1,数统、计算机、精算、农学、新能源专业优先,车商销售支持岗，提及数统、计算机等专业优先，但职责为续保追踪、业绩分析等，数字工具仅为辅助。,medium,deepseek-v4-pro,1.0.0,c9af2f96a5f17814dcdd11f29139df9c20c3d21e298326fac7411357c7e98152,llm_primary,3642,1290,1,
178,0,,化工操作工，职责为设备操作、物料配比、安全检查等，无AI或数字技术内容。,high,deepseek-v4-pro,1.0.0,f34b50fad2abd28c316dd7f8c3a48a95ddf8d79d424a12f9363de5fc37fab8f2,llm_primary,3642,1290,0,
179,0,,金融销售代表，职责为产品销售、推广、客户维护，无AI或数字技术内容。,high,deepseek-v4-pro,1.0.0,d9a9e93fe96f73f001db62953935fd98ebcdc0a241c70b15c5526410be55b828,llm_primary,3642,1290,0,
180,1,自动化生产线改造|非标设备设计|机械臂、机器人相关机械设计,机械工程师岗位，涉及自动化生产线和机器人设计，但核心是机械设计，数字技术为辅助。,medium,deepseek-v4-pro,1.0.0,173e32669dd8898b5fa6fcc115d4e7855a457cb24c3e28deed327624af590c7f,llm_primary,3642,1290,1,
181,2,金融计算引擎开发|债券交易策略的研发,岗位明确从事金融计算引擎开发与策略研发，软件和算法开发是核心,medium,deepseek-v4-pro,1.0.0,64e45e8c031da01b7e08b86bcf1d0fca3c7e22fba8a96e3433018ba3a17c3903,llm_adjudicated,3642,1290,3,2.0
182,0,,实地一体化服务作业岗，职责为现场查勘、定损、理赔咨询，无AI或数字技术内容。,high,deepseek-v4-pro,1.0.0,c6cc8e756dc012840d3de931b3c42d0cdb37a6912f507c66fda32d4efdd24c6c,llm_primary,3642,1290,0,
183,1,教育信息化产品,销售主管经理，销售教育信息化产品，但岗位本身不涉及技术工作，数字技术仅为产品属性。,medium,deepseek-v4-pro,1.0.0,da1865cb97b5dfc6699a892d086e993a24447e04527ab91fd9123541fc64be7f,llm_primary,3642,1290,1,
184,2,智能仓储物流系统销售|物流的智能化、自动化等技术应用方向,销售经理岗位，但公司专注自动化和信息化，销售智能仓储物流系统，需要熟悉智能化、自动化技术，技术是岗位核心部分。,medium,deepseek-v4-pro,1.0.0,601099ba2d249cfaa192dc7da573d13bcb89f3cffb56194cfa2ce74ca39eb55b,llm_primary,3642,1290,2,
185,1,数据支持,模切生产主管，职责包括生产管理、质量控制等，提及数据支持，但仅为辅助决策。,medium,deepseek-v4-pro,1.0.0,20d2b790c7b1b9a8820874f074d344ca4d6f3022b8b7debdbb44cc24a9f3bb65,llm_primary,3642,1290,1,1.0
186,3,数据仓库、ETL开发|实时处理系统的设计和开发|大数据基础架构平台的建设|分布式数据仓库、海量数据批处理平台、实时数据处理平台|数据中台建设,大数据工程师岗位，明确涉及大数据平台建设、数据仓库、实时处理、知识图谱等，属于高级数据技术。,high,deepseek-v4-pro,1.0.0,74d4f5c76859fa268a676ebade02bc1f628d0dd52362afeeaed73e32f6e65b30,llm_primary,3642,1290,3,
187,1,数字医疗服务市场趋势|医疗信息化行业,医学经理岗位，提及数字医疗和医疗信息化，但仅为行业了解，岗位核心是医学策略和临床研究，数字技术为辅助。,medium,deepseek-v4-pro,1.0.0,09edb058a9397db48653a7c3fff5c0f8f4f53d410b894f6c2e4f33ec970f8ac4,llm_primary,3642,1290,1,
188,0,,岗位为厨师，职责涉及烹饪、糕点制作和食堂管理，无任何AI或数字技术内容。,high,deepseek-v4-pro,1.0.0,23c63cb830d4c4614d389e975cb4708929d1dc806c94d2e802882e32778c5bde,llm_primary,2805,1042,0,0.0
189,1,分析财务数据|对数据敏感|具备一定的数据分析能力,岗位涉及财务数据处理和分析，但仅为辅助工作，核心是会计账务。,high,deepseek-v4-pro,1.0.0,6cfd390d0cefa6ee93bbab071fd50b41013a5af5d6604012bb4687d8f6703b6d,llm_primary,2805,1042,1,
190,0,,市场营销岗位，职责为客户拓展和经营，无AI或数字技术内容。,high,deepseek-v4-pro,1.0.0,900f633c5f4afd2c0c661568c46f25ec622e30e17f272819848707bfffcf1f52,llm_primary,2805,1042,0,
191,0,,商务助理岗位，职责为跟单、合同和招投标，无AI或数字技术内容。,high,deepseek-v4-pro,1.0.0,2883f5e073733941d0980ab431dc893ef9e89411950284ede375e3cab7a96c00,llm_primary,2805,1042,0,
192,0,,车险查勘岗位，职责为现场查勘和理赔，无AI或数字技术内容。,high,deepseek-v4-pro,1.0.0,0d9c28acd5cb3c95a3461054316115e9aaa107590ef5da0370cf64c3f6b91c57,llm_primary,2805,1042,0,
193,1,熟悉B2B及互联网|熟练使用网络交流工具和社交网络,岗位要求使用互联网和社交网络进行客户开发，但仅为辅助工具。,medium,deepseek-v4-pro,1.0.0,f8c1e6234ae8be33ae693ed2db41556d2cb243ef9714fe87afc52a02336b40f7,llm_primary,2805,1042,1,
194,2,IT基础建设|计算机软硬件维护管理|IT网络维护|网络管理与信息安全,岗位核心是IT网络和计算机系统维护，属于信息化技术。,high,deepseek-v4-pro,1.0.0,98865d9752e1c9d4570ae444bf144ac72522019bd7685314e58db25ce0bda921,llm_primary,2805,1042,2,2.0
195,0,,银行渠道主管岗位，职责为业务管理和维护，无AI或数字技术内容。,high,deepseek-v4-pro,1.0.0,84b4d14ed54a0114cc71564e6c07b37aa7ac448f143d4a5bee995ce5e3c783a9,llm_primary,2805,1042,0,
196,0,,远程车险查勘岗位，职责为线上查勘和理赔，无AI或数字技术内容。,high,deepseek-v4-pro,1.0.0,2f177ead5d8c29dfbaca89596923e72eb594de830d0e28c998b4026c74f28272,llm_primary,2805,1042,0,
197,2,电子技术、电气、伺服控制、自动化相关专业|电气、电子产品维修及塑料机械、伺服控制,岗位核心是电子和自动化技术，涉及伺服控制等嵌入式系统。,high,deepseek-v4-pro,1.0.0,e0e1b0835a8db5894666a9503a3353c809f805b12db75ab07532b1f412af27de,llm_primary,2805,1042,2,
198,0,,管理培训生岗位，培养生产管理人才，无AI或数字技术内容。,high,deepseek-v4-pro,1.0.0,da270169c90d22c04543bc56d6a90bc342c9d18c3df3ceab3c11228c059ba3b6,llm_primary,2805,1042,0,
200,0,,起重工岗位，职责为吊装指挥和操作，无AI或数字技术内容。,high,deepseek-v4-pro,1.0.0,518e625196764c2eaeece860598fd9897055f2ae0694f51d520dd80f167cc8d8,llm_primary,2805,1042,0,
201,0,,总经办专员岗位，职责为部门协调和协助供应链管理，无AI或数字技术内容。,high,deepseek-v4-pro,1.0.0,e96b70a71f9fbac8c247ba3cf59e924004da6a399eeb24e17f0281e1a7cc0dc1,llm_primary,2805,1042,0,
202,2,熟悉PLC、变频器等工作原理和简单编程|电气自动化,岗位核心是电气设备维护和自动化技术，涉及PLC编程。,high,deepseek-v4-pro,1.0.0,2aa095fee00120b21197e49a2abfcb346353b2be54ec92190792ff74799b4b34,llm_primary,2805,1042,2,
203,1,运行数据记录|能源消耗量日常统计,岗位涉及厂务系统数据记录和统计，但仅为辅助工作。,medium,deepseek-v4-pro,1.0.0,72e44d729f3c05102d2e4360d47e915e970cd2bc2afedf5df58ee3d8afbc423b,llm_primary,2805,1042,1,
204,2,"熟练使用剪辑软件|会PS、PR、AE,3Dmax、C4D等软件",新媒体运营核心工作为视频制作，专业软件工具的使用是岗位核心技能,high,deepseek-v4-pro,1.0.0,82de7ae3e00999355d363122110e8bf9ad9ca85a28af0c48bcafe4b382ac9f35,llm_adjudicated,2805,1042,1,2.0
205,0,,岗位为行政人事主管，职责和描述中未提及任何AI或数字技术相关内容。,high,deepseek-v4-pro,1.0.0,344a714d8e9aba99d9074b7a7203ccbd5d7043935a193cf5ccaafc77cc1544fb,llm_primary,3612,1083,0,0.0
206,1,熟练操作各类办公软件,岗位要求熟练操作办公软件，数字工具仅为辅助工作。,high,deepseek-v4-pro,1.0.0,4bbe44902288ee1b48093816b92c881431b8b134bf697497d1e557e29dd14950,llm_primary,3612,1083,1,
207,1,"熟练使用办公软件,尤其是PowerPoint、Excel等办公软件",岗位要求熟练使用办公软件，数字工具仅为辅助工作。,high,deepseek-v4-pro,1.0.0,042d6ae34b7b5f82678fe6257cc58a4e69aeaad86afb57dbb73e29677502580b,llm_primary,3612,1083,1,
208,2,"三年以上c++实际开发经验|熟悉MFC,STL,Socket、QT等技术|熟练使用visual studio环境进行开发和调试|有较好3D技术、仿真技术或数据库技术水平|熟悉基础算法",岗位核心是C++/QT软件开发，涉及软件、算法和3D技术，属于软件技术核心岗位。,high,deepseek-v4-pro,1.0.0,dc9761893a753208a0056f18f52e138e483887dfb8ad99c41c15f0c9ee514b37,llm_primary,3612,1083,2,2.0
209,2,IT类专业|熟练掌握计算机软件、硬件及网络相关专业知识|掌握SQL SERVER或ORACLE数据库平台的开发和应用专业知识|负责法人结算相关系统需求分析、测试及维护等工作,岗位要求IT专业背景，涉及数据库开发和系统维护，软件和数据处理是岗位核心。,high,deepseek-v4-pro,1.0.0,2312f5ace2e389b49b9d164badbab526e9783ed8ed49171cd9f0d1649cbae2a2,llm_primary,3612,1083,2,
210,0,,岗位为电工，职责为设备维修，未涉及AI或数字技术。,high,deepseek-v4-pro,1.0.0,35bb2e141a75361782a8d206b82fc08247acd12d56a5e18de852306f566f57d2,llm_primary,3612,1083,0,
211,1,机电一体化,岗位涉及机电一体化，但描述中未强调数字技术，仅为辅助。,medium,deepseek-v4-pro,1.0.0,fcefee2fe54ca8c3b8c2d6873e17368579c29f103cac50124c61ad837e01a1f2,llm_primary,3612,1083,1,
212,0,,岗位为美学设计工程师，职责为颜色和效果设计，未涉及AI或数字技术。,high,deepseek-v4-pro,1.0.0,a9155f3f24eebb6a02feb0456c69e9b20550aa48f3212a66065cdcb5a149c2e6,llm_primary,3612,1083,0,
213,0,,岗位为项目开发经理，职责为新能源项目开发，未提及AI或数字技术。,high,deepseek-v4-pro,1.0.0,0e8209437d09bd70ee9fc6a0b6102099f509291e6206dc838e1d7daa5fe98c45,llm_primary,3612,1083,0,
214,0,,岗位为采购/供应链管培生，描述中未提及AI或数字技术。,high,deepseek-v4-pro,1.0.0,220f1cdf4b198b5751539336a7bbec83ddc76cafb3214caae450d03ba14c81e5,llm_primary,3612,1083,0,0.0
216,0,,岗位为行政专员，职责为行政和文件管理，未涉及AI或数字技术。,high,deepseek-v4-pro,1.0.0,936e3068ea471656d7c952f8c67bb811c8331957d98bd5afb24bbcdc568fee7a,llm_primary,3612,1083,0,0.0
217,0,,岗位为财富总监，职责为金融产品销售和投融资业务，未提及AI或数字技术。,high,deepseek-v4-pro,1.0.0,1c1507034371ffdc32d86de4230f3931e42019051b571e1a9b1156d844023eb5,llm_primary,3612,1083,0,0.0
218,1,及时准确更新ERP系统仓库数据,岗位要求使用ERP系统，数字工具仅为辅助仓库管理。,high,deepseek-v4-pro,1.0.0,e240034a248eb0d8c45084089646b7b83f503c034cc3fa6649ad2fa1b3bf78a8,llm_primary,3612,1083,1,
219,0,,岗位为企业品宣专员，职责为品牌宣传和活动策划，未涉及AI或数字技术。,high,deepseek-v4-pro,1.0.0,700a4fbfd1eda532e7095fc88e459afc39b2d376f78282c55043bcf0e900cb75,llm_primary,3612,1083,0,
220,2,负责系统日常运维问题处理|协助主管处理日常桌面运维和服务器网络运维|DRP|OMS|系统运维,岗位核心是系统运维，涉及DRP、OMS等信息系统，软件和系统是岗位核心。,high,deepseek-v4-pro,1.0.0,14e8d0819d6c69a9af70fa5ad78be751572f9898fd260df07e11caa602dab288,llm_primary,3612,1083,2,
221,0,,岗位为工艺工程师，职责为工艺参数控制和优化，未提及AI或数字技术。,high,deepseek-v4-pro,1.0.0,551346a1f41b7fd6cc38d574b57474c1e19214434b0137fc8d9b868e6ea32610,llm_primary,3612,1083,0,0.0
222,2,新能源/辅助驾驶领域的新技术研究|分析风险定价|新能源车险行业研究|搭建新能源相关风控体系与线上化建设工作,岗位涉及新能源和辅助驾驶技术研究、风险定价分析及线上化系统建设，软件和数据是核心，但未明确提及AI或高级算法。,medium,deepseek-v4-pro,1.0.0,72a6f7d2747e8686b4efcc968255eb1bd7b2a99cc309561ebec31c567dd03809,llm_primary,3139,1059,2,
223,0,,岗位描述为人事招聘、面试、培训等事务性工作，无实质AI或数字技术内容。,high,deepseek-v4-pro,1.0.0,9081aa7b5b129dcf424a0aa3c569d6e19053f31d1492d0de27667cf1999e3fce,llm_primary,3139,1059,0,
224,0,,岗位为车险续保销售，依托公司资源提供服务，无AI或数字技术内容。,high,deepseek-v4-pro,1.0.0,4ed8b74e0d88bb126d1f78d932d77c232e36512626ddd53c512e73091a285c9f,llm_primary,3139,1059,0,
225,0,,与224相同，车险续保销售岗位，无AI或数字技术内容。,high,deepseek-v4-pro,1.0.0,4ed8b74e0d88bb126d1f78d932d77c232e36512626ddd53c512e73091a285c9f,llm_primary,3139,1059,0,
226,1,计算机硬件和网络维护能力|熟悉路由器、交换机和防火墙等网络设备的工作原理|熟悉Win7、Win10等操作系统的安装与操作,岗位涉及计算机硬件和网络维护，数字工具为辅助工作，非核心。,high,deepseek-v4-pro,1.0.0,f79754725eabd014c97a72686abfe3ba2d09c9f32ec8b71a8e03421dbf327452,llm_primary,3139,1059,1,
227,0,,车险查勘理赔岗位，无AI或数字技术内容。,high,deepseek-v4-pro,1.0.0,3ce8f3785965fdf0d5592157586d1becd67381e2106f02ff040cc5dc96392491,llm_primary,3139,1059,0,
228,1,熟练使用办公软件、制图软件,产品结构工程师需使用办公和制图软件，但仅为辅助工具，核心是机械设计。,high,deepseek-v4-pro,1.0.0,0cd895ffcffb2799ae2997a91a6a09848355957aed6ab33955557e7d89dc2ed6,llm_primary,3139,1059,1,1.0
229,0,,创意文案岗位，负责文字撰写和创意，无AI或数字技术内容。,high,deepseek-v4-pro,1.0.0,c1425ede60e6e66c2dbe6d24537f572804c2dcf3ce4936954c34ba3a578e32a1,llm_primary,3139,1059,0,0.0
231,0,,年金客户经理销售岗位，无AI或数字技术内容。,high,deepseek-v4-pro,1.0.0,2e3e29e6b7bca1de446d3e15ed10ab43df7ece9b488daebb5ca27dc9cb196377,llm_primary,3139,1059,0,0.0
232,0,,大区经理招商销售岗位，无AI或数字技术内容。,high,deepseek-v4-pro,1.0.0,7017188964c23d66c1729b9373d9d4d380f2959f0c5d48eda37485f18f347d06,llm_primary,3139,1059,0,0.0
233,1,熟练运用办公室软件,销售专员需熟练运用办公室软件，但仅为辅助工具。,high,deepseek-v4-pro,1.0.0,967516b1c0579f7dd9ce9faeec65a15ba3e0d44c1ea72d2ed93edf0065eb6618,llm_primary,3139,1059,1,
234,0,,法学管培生从事人伤查勘理赔工作，无AI或数字技术内容。,high,deepseek-v4-pro,1.0.0,54860c7f540f49a7e9b97c02a2f5cdb210a92e7910d8be5a80596bfa57e6e319,llm_primary,3139,1059,0,
235,0,,生物专业应届生岗位，涉及细胞培养、蛋白纯化等实验操作，无AI或数字技术内容。,high,deepseek-v4-pro,1.0.0,26728a3a79eb7cb3cdd751f627294a9b5b66cb62a481aeb9cbc9429861db866e,llm_primary,3139,1059,0,0.0
237,1,数据统计分析,工艺技术员涉及数据统计分析，但仅为辅助工作，核心是车间技术支持。,high,deepseek-v4-pro,1.0.0,6c5a1500268b354992edea9957171007ad71846ba2e4aa170f1dff075ed74c0a,llm_primary,3139,1059,1,
238,1,物联网监控技术|自然灾害监测预警技术,风控工程师涉及物联网监控和监测预警技术，但数字技术为辅助风险减量服务，非核心。,medium,deepseek-v4-pro,1.0.0,72a2f04dd916b0cde678c1a5e66fb3e2c09af9fa81114247aa0fe76e94d3bd5b,llm_primary,3139,1059,1,
239,0,,资深行政专员负责后勤、安保、物业管理等，无AI或数字技术内容。,high,deepseek-v4-pro,1.0.0,97cdd8ef8d6b32e9ec9f3678f0b33f039626954f2e735853843ef43d5c8abcc1,llm_primary,3139,1059,0,
240,1,数据汇总分析,岗位涉及检验数据汇总分析，但仅为辅助工作，核心是理化/微生物检测。,high,deepseek-v4-pro,1.0.0,c725addba1eab7f22ce4934a5fc2a21ca434b75b0743e88095b587270259026e,llm_primary,3064,1052,1,
241,1,熟练使用天正、AUTOCAD等制图软件,使用CAD软件是辅助设计工具，但岗位核心是建筑设计，非数字技术核心。,high,deepseek-v4-pro,1.0.0,a27f9541446d8d6fee1e4a70d3014d6a3e3c365c38a15d6db45b41c2d75e38ac,llm_primary,3064,1052,1,
242,2,非标自动化设备的调试|熟悉AutoCAD绘制零件图|精通气动、液压及传感器原理|非标自动机装配、调试、维修,岗位核心是自动化设备装配调试，涉及自动化技术，但未明确AI或高级算法。,high,deepseek-v4-pro,1.0.0,b7262fe72307cb9f0cf5cf27aee0d533984cc1709bbde986d0b3083df7701673,llm_primary,3064,1052,2,2.0
244,0,,前台文员岗位，无任何AI或数字技术内容。,high,deepseek-v4-pro,1.0.0,fdbcadec04a483bb93e5c1b9ccf8e8cbd7bdcdb9c58b23b9af81863c8e8da4a7,llm_primary,3064,1052,0,
245,0,,人力资源专员岗位，描述中无AI或数字技术相关内容。,high,deepseek-v4-pro,1.0.0,37dd30895fdf689d75c10f797c00e85a624f06028928413301b763b038bee3b1,llm_primary,3064,1052,0,
246,1,熟练使用常用办公软件,使用办公软件是辅助工作，岗位核心是生产跟单协调。,high,deepseek-v4-pro,1.0.0,9169faf693d42a2c7ac45d7ee46e99d042686c680385f13e374f95749e77d2d1,llm_primary,3064,1052,1,
247,0,,银行客户经理岗位，描述为销售和业务开发，无AI或数字技术内容。,high,deepseek-v4-pro,1.0.0,92c80375f33a71da6e9fdc26d7239bd20e79d3eaa9eb0e8cbd078af16c05c958,llm_primary,3064,1052,0,
248,0,,招聘经理岗位，描述为招聘工作，无AI或数字技术内容。,high,deepseek-v4-pro,1.0.0,dc2bd372d208df03ea7c2fa90c8e583ccfac8d0317a7c8cf1169adc4ef1a7361,llm_primary,3064,1052,0,0.0
249,1,熟练使用PPT、Word、Excel等办公软件,使用办公软件是辅助工作，岗位核心是质量管理，涉及质量工具但非数字技术核心。,high,deepseek-v4-pro,1.0.0,cdd8d8757f733f8f4557b18de4de4c77bfb9f0da7623d0194f8edfa23f37c4ae,llm_primary,3064,1052,1,
250,0,,产品技术员岗位，描述为产品研发和改进，无明确AI或数字技术内容。,medium,deepseek-v4-pro,1.0.0,1dc0faee02e300d5343ffb64d1dc4dcfc3d1d51a18b08683837aeafd4515e2cc,llm_primary,3064,1052,0,
251,0,,销售受理岗位，描述为驾考咨询和销售，无AI或数字技术内容。,high,deepseek-v4-pro,1.0.0,6294c84b3b62494f7db366f5e7cb8ee9beb84604d02bccabeeac301df3fb1488,llm_primary,3064,1052,0,
252,2,自动化生产线调试|变频器的调试|气动原理,岗位涉及自动化生产线调试，自动化技术是核心，但未明确AI或高级算法。,high,deepseek-v4-pro,1.0.0,debdda7c145b22e69a53e5f38c250fa9eee3556bf4b3e553f4074705aa9ec7b8,llm_primary,3064,1052,2,
253,1,熟练word、ppt、excel等常用办公软件操作,使用办公软件是辅助工作，岗位核心是销售管理。,high,deepseek-v4-pro,1.0.0,9368c8ed90854fb4f93ea36bd41a8216d05776d41168760eb186d50eebdf0850,llm_primary,3064,1052,1,1.0
254,2,前端开发工程师|React、Vue|nodejs、webpack|前端构建及编译原理|组件化开发模式,岗位核心是前端软件开发，属于数字技术核心，但未明确涉及AI或高级算法。,high,deepseek-v4-pro,1.0.0,988c93282a48ae44eb6288196bc2cc6ec23961cba397552c26fb7bbb24992d42,llm_primary,3064,1052,2,
255,0,,医药代表应届生岗位，描述为营销方向，无AI或数字技术内容。,high,deepseek-v4-pro,1.0.0,1e25cf54f49fa2fd5a0c7a2447cb77224428bb6481effc809a1aade31932b8dd,llm_primary,3064,1052,0,
256,1,AI面试合格|智能分配精准客户,提及AI面试和智能分配客户，但仅为辅助工具，岗位核心是保险销售。,medium,deepseek-v4-pro,1.0.0,bac6c8521aa57f0a81318eed3773e7e9352fc7fdf6b1457115c7af40f2e32d84,llm_primary,3064,1052,1,
257,0,,岗位为门店销售，职责涉及配镜引导、裂隙灯检查、产品介绍销售等，无AI或数字技术内容。,high,deepseek-v4-pro,1.0.0,76b03c6bba181d1fd6edfa7831eca1fd5e7c1f86aeac3fc9bef67da3efd0f18f,llm_primary,3879,1274,0,
258,1,熟练使用AUTOCAD及3D软件,精益专员使用CAD和3D软件辅助布局优化和工装设计，工具为辅助,medium,deepseek-v4-pro,1.0.0,6313f738f4574b0ed76974390221cfca252cb60377a3354bbc29336a5fbffac4,llm_adjudicated,3879,1274,2,1.0
259,0,,仅列出专业要求，无具体职责描述，无法判断AI或数字技术含量。,medium,deepseek-v4-pro,1.0.0,2cdd6d8e66d176421cd64692fd8aa89b85145621767fc0360c9428c2e70bf0f0,llm_primary,3879,1274,0,
260,2,网络技术方面的交流、技术方案设计和编写|BGP、OSPF等路由协议及应用|业务数据统计与整理,岗位核心是网络运维，涉及网络协议、设备配置和数据处理，属于信息技术核心工作。,high,deepseek-v4-pro,1.0.0,126ac29dd3b218bba6585ab0040a8b92bd2bf5d69e7b50eac348f1c1ef3ef4f0,llm_primary,3879,1274,2,
261,1,熟练掌握office|销售报表汇总,岗位主要职责是销售数据统计和报表制作，使用Office软件，数字工具为辅助。,high,deepseek-v4-pro,1.0.0,8282dd416376f832387135dd1e6e67ac9dec83006ddb66398d6e96024a0ace1f,llm_primary,3879,1274,1,1.0
262,2,熟练使用Office办公软件和CAD/Solidworks等制图软件|精益生产、IE常用改善手法|U型小流水线布局规划|工时定额应用及管理,岗位核心是工业工程和精益生产，涉及CAD/Solidworks软件和IE手法，属于数字化和自动化技术。,high,deepseek-v4-pro,1.0.0,9b250add9c2ec42a83b30eacf6c6aacc42255d99e83fe01aa52e190e35f1e7cb,llm_primary,3879,1274,2,
263,1,熟练使用Office软件、ERP系统,采购跟单岗位，使用ERP系统和Office软件进行订单管理，数字工具为辅助。,high,deepseek-v4-pro,1.0.0,d3908acf6633c11828da9ff41f426b7af0cd184ae6f6f8b24b87e265a6e74be0,llm_primary,3879,1274,1,
264,0,,政府事务经理岗位，职责为与药监部门沟通、支持注册工作，无AI或数字技术内容。,high,deepseek-v4-pro,1.0.0,2be4a2e4407507383841e46456fe5c84ffb1ea6a41e610c7b96231781f4ab10d,llm_primary,3879,1274,0,0.0
265,1,在EPR中维护订单及生产需单,跟单员岗位，使用ERP系统进行订单维护，数字工具为辅助。,high,deepseek-v4-pro,1.0.0,55cae6b5ba08c3834fea7020d762f0a3ca070a311ab89be339c4f37a799fa2da,llm_primary,3879,1274,1,
266,0,,销售专员岗位，职责为区域销售、客户拜访、市场分析，无AI或数字技术内容。,high,deepseek-v4-pro,1.0.0,ddfa68399491b79c3a24463adf7adf4f16ec29226ff9a72e7f1b6e31b7415e81,llm_primary,3879,1274,0,
267,1,熟练表格函数应用|对数据有敏感性,合并报表会计岗位，使用表格函数进行数据处理，数字工具为辅助。,high,deepseek-v4-pro,1.0.0,8e1428dd92714410124a17b97f27d03356f65b046fc5ccded6ad256ba1342a43,llm_primary,3879,1274,1,
268,0,,人事科长岗位，职责为人事管理、规章制度落实，无AI或数字技术内容。,high,deepseek-v4-pro,1.0.0,993214f4d2c683114eed3e61649b99238e113c451dab340a8a9d37f517f99147,llm_primary,3879,1274,0,
269,0,,文案编辑岗位，职责为内容编辑和发布，无AI或数字技术内容。,high,deepseek-v4-pro,1.0.0,d496ddd54d3d08e8ac8d053a3ccb7c585fee32178de46630dc8d28156ad4c240,llm_primary,3879,1274,0,0.0
270,2,基于投资回报率(ROI)、资源约束、技术可行性及战略匹配度进行量化评估,岗位核心是管理软件项目，涉及微服务架构、ERP系统、项目管理工具，属于软件和信息化技术。,high,deepseek-v4-pro,1.0.0,0151abb29a1a2647ed7066b645acbe2ee4966beb516d12a83173b4a5142d456f,llm_primary,3879,1274,2,
271,3,"器件物理模型研究|器件仿真研究|熟悉半导体器件物理,器件仿真,版图设计",岗位明确涉及器件物理模型研究和仿真，属于高级算法和模型研发。,high,deepseek-v4-pro,1.0.0,f9094cdef5232227e245c567c765359728a35dc4108cfc7ef3049f7c100660b8,llm_primary,3879,1274,3,
273,1,基础数据分析能力|数据统计与业务推动,岗位涉及数据统计和分析，但仅为辅助业务推动，数字工具为辅助。,high,deepseek-v4-pro,1.0.0,bfaf8942d17b57fcdf14c616148312ea192d4287aef7979698236dc158dea97a,llm_primary,3879,1274,1,
275,0,,岗位描述未提及任何AI或数字技术内容，仅涉及市场拓展、招商等传统业务。,high,deepseek-v4-pro,1.0.0,e1489c0b5a0f5e01788948545a8a4d0db6f439696483a190bacab37941f7f1e1,llm_primary,3792,999,0,
276,0,,销售工程师岗位，职责为市场开拓、客户关系维护等，无AI或数字技术相关要求。,high,deepseek-v4-pro,1.0.0,fe88b8f54071123cddbac6e24eb4950c2bdec06db8bb5e2e8f0ea9451aa20ab8,llm_primary,3792,999,0,
277,1,通过电话、短信、微信等工具在办公室联系客户,使用电话、短信、微信等数字工具进行销售，但仅为辅助沟通手段，非核心。,high,deepseek-v4-pro,1.0.0,43e00de88fcc49a1865486467746466062b132a8c871069d548167fa6906a376,llm_primary,3792,999,1,1.0
278,0,,证券经纪人岗位，职责为开发客户、销售金融产品等，无AI或数字技术内容。,high,deepseek-v4-pro,1.0.0,95739d6e11689e8749c929781a3f5679042b3eaa5d9653c24b658bd0e4d2613c,llm_primary,3792,999,0,
279,1,懂得电脑办公软件基本操作,要求电脑办公软件操作，属于数字工具辅助内勤工作。,high,deepseek-v4-pro,1.0.0,af7b3479bf0f3c1f8cb9decb43fea3b4c6459db49dabcb416e236fa88c84434c,llm_primary,3792,999,1,
280,1,熟练使用财务软件、办公软件,要求使用财务软件和办公软件，属于数字工具辅助会计工作。,high,deepseek-v4-pro,1.0.0,0f24dc3a4c0398fa89a2bd183f3723ab5b29cb852ae808310a849a49518236ef,llm_primary,3792,999,1,
282,0,,车险客户经理岗位，职责为报价出单、回访销售，无AI或数字技术内容。,high,deepseek-v4-pro,1.0.0,ae52edc9c64a127676d982871ad81e1e03fbf6e1a3ecffa0468458851c71a6a9,llm_primary,3792,999,0,
283,0,,人力资源总监岗位，描述为传统人力资源管理，无AI或数字技术内容。,high,deepseek-v4-pro,1.0.0,7fb1b9d0643d2a6bd69b8b103c4785ab2957e310cd3584cf9a6143e6305c8b97,llm_primary,3792,999,0,
285,0,,董秘办助理岗位，职责为三会管理、信息披露等，无AI或数字技术内容。,high,deepseek-v4-pro,1.0.0,aed7a0a202cb0c38aacbf8b48e71aa3b73d01f39ee8130841bf655acf5d36a08,llm_primary,3792,999,0,0.0
286,0,,物业项目经理岗位，职责为物业管理、费用收缴等，无AI或数字技术内容。,high,deepseek-v4-pro,1.0.0,053b73383fe433fd0d81f06e85962bc3ca81af26d517a6418e7a70d711de21f4,llm_primary,3792,999,0,
287,0,,气化技术员岗位，职责为设备调试、运行维护等，无AI或数字技术内容。,high,deepseek-v4-pro,1.0.0,ebaa7208c2e1c73c62ca1c70818100f79b69aa399a0d36414ac53dc5dbc7b4c4,llm_primary,3792,999,0,
288,1,具有较强的电脑操作能力,要求电脑操作能力，属于数字工具辅助日常工作。,high,deepseek-v4-pro,1.0.0,92ecb070a527c327f0dd4adde7e3eca060a4c5a258fe1420fd3cc8a0519af240,llm_primary,3792,999,1,
289,1,负责公司自媒体平台(包括但不限于微信公众号、分公司电视晨会等)建设和日常运营工作|具备基本的视频剪辑及平面设计技能,涉及自媒体运营和视频剪辑等数字工具，但仅为品牌宣传的辅助手段。,high,deepseek-v4-pro,1.0.0,462ba443d3a58dbdbf5ba1a9276d0bd551ab2ec4912b8cda26f8917a42c6de9c,llm_primary,3792,999,1,
290,0,,体系工程师岗位，职责为文件管理、GMP认证等，无AI或数字技术内容。,high,deepseek-v4-pro,1.0.0,25ba14e9241ada03081d71d4af43d8b40d099986d19ebd741638f2b6eb3a7b5f,llm_primary,3792,999,0,
291,0,,模具维修岗位，职责为模具维护、故障排除等，无AI或数字技术内容。,high,deepseek-v4-pro,1.0.0,e1ddeeac333545224648b72bc7bd999e2a77eea25981d1ecd9be5c4f8345a61d,llm_primary,3792,999,0,
292,1,熟悉ERP系统操作,要求熟悉ERP系统，属于数字工具辅助采购工作。,high,deepseek-v4-pro,1.0.0,de8acaca31901bd8efb38248f9a0947a2b4737cd7f6f601c9dded2a1a6c74279,llm_primary,3792,999,1,
293,2,"熟悉ERP软件运行维护|熟悉JAVA编程|负责新系统、新程序的技术调研工作|负责与外部软件开发商对接|按计划完成功能模块的功能设计、代码实现,代码编写和单元测试",岗位核心是软件开发、ERP维护和二次开发，软件技术是核心工作内容。,high,deepseek-v4-pro,1.0.0,9993653ad7ce62da8440b5cc4ff6f51f3aa15444d30e81d321a4d029bbbd8eb6,llm_primary,3566,1184,2,
294,0,,岗位描述涉及药品生产验证和质量体系，无AI或数字技术内容。,high,deepseek-v4-pro,1.0.0,364f954675ecfa529eddc0a4c421b6346eb677634cab95c6faf678f690ca4b8c,llm_primary,3566,1184,0,
295,0,,岗位是保险销售和团队招募，无实质AI或数字技术内容。,high,deepseek-v4-pro,1.0.0,42c88c9c7c393ba90a856ca64ed0e251d407828caa556a30c4bc64740f154d53,llm_primary,3566,1184,0,
296,0,,岗位是化工研发工程师，涉及多晶硅生产技术，无AI或数字技术内容。,high,deepseek-v4-pro,1.0.0,66e1eaa9fdefd684731660e40715a2ef659bcd1caadb6a72f6a7b01e4fe79668,llm_primary,3566,1184,0,
297,1,各类办公软件操作熟练掌握,岗位要求熟练掌握办公软件，但仅为辅助销售工作，非核心。,high,deepseek-v4-pro,1.0.0,b8826ec378137f2158976d658048bba8e667cfb78d7f2bf6465785a8429d0954,llm_primary,3566,1184,1,
298,0,,岗位是战略规划，涉及金融分析和文案，无AI或数字技术内容。,high,deepseek-v4-pro,1.0.0,c78ae36c09f1ff7ce936e91c3ca33aaf76cf475ea8804b040383edaa32b1548e,llm_primary,3566,1184,0,
299,1,EXCEL函数使用能力|BSC应用能力|岗位技能矩阵构建能力|招聘测评工具使用能力|人才盘点实施能力,岗位要求使用EXCEL函数、测评工具等数字工具，但仅为HR工作的辅助。,medium,deepseek-v4-pro,1.0.0,741a1373f980ffd698f79d91c7ebf4769de43d2502e2c9b034fc865f31853166,llm_primary,3566,1184,1,
300,1,特别熟悉office软件及财务软件应用优先,岗位要求熟悉office和财务软件，但仅为财务工作的辅助工具。,high,deepseek-v4-pro,1.0.0,7d1f7e7ff5db4327403acae0e56b165f0b8ac021ab38d27c6e4c595e1a215eeb,llm_primary,3566,1184,1,
301,2,"配合项目经理/高级实施人员在客户现场进行系统实施上线|配合项目经理/高级实施人员在客户现场进行系统测试|独立在客户现场进行系统环境搭建以及安装|独立在客户现场完成日常维护工作|熟悉EJB、servlet,熟悉spring、struts、hibernate等开源框架",岗位核心是软件实施、系统搭建和维护，涉及编程框架和数据库，软件技术是核心。,high,deepseek-v4-pro,1.0.0,c2488e952351be8941089e6a8ded97b263c1f9d1214472ed496f1622112cb2b4,llm_primary,3566,1184,2,
302,0,,岗位是渠道推动，涉及销售政策和计划追踪，无AI或数字技术内容。,high,deepseek-v4-pro,1.0.0,9d9e12de6abe60514008efa5d45c530f8009dbeef7307b5df3f835400297810a,llm_primary,3566,1184,0,
303,0,,岗位是直营业务管理，涉及促销和门店运营，无AI或数字技术内容。,high,deepseek-v4-pro,1.0.0,af2fe88deb9fe212de3c796ee2721d08ebf4224cba38fd5e8634fc89452d3de5,llm_primary,3566,1184,0,
304,0,,岗位是行政专员，涉及行政和后勤管理，无AI或数字技术内容。,high,deepseek-v4-pro,1.0.0,1f9c59f19d1c42eac5154de76c19584d4ba0ced9b7c9c2110285fcebb8dd4825,llm_primary,3566,1184,0,
305,0,,岗位是销售内勤，涉及生产任务协调，无AI或数字技术内容。,high,deepseek-v4-pro,1.0.0,d5ff9d3f379f2fd17704d8ce724c993d0ab41d83ec091533039b27b9bc55a775,llm_primary,3566,1184,0,
306,0,,岗位是保险售后服务，涉及保单检视和理赔，无AI或数字技术内容。,high,deepseek-v4-pro,1.0.0,6152c4561792fb8de6d61d2088d4bbeb8bc540a50aed50a0b575d7ae3261cc20,llm_primary,3566,1184,0,
307,1,AI面试合格,岗位提到AI面试，但仅为招聘流程中的工具使用，非岗位核心内容。,medium,deepseek-v4-pro,1.0.0,adcdec6eacd6902884f987cb89ccd275cffea9928fd985d15173261aa9a6c191,llm_primary,3566,1184,1,
308,0,,岗位是市场拓展，涉及业务洽谈和客户关系，无AI或数字技术内容。,high,deepseek-v4-pro,1.0.0,30043d85365e7cf8f3d715bc4018b7558becd11783484c2c93bd8f376169e395,llm_primary,3566,1184,0,
309,1,"能熟练运用AUTOCAD,CREO等专业软件",岗位核心是机械结构设计，使用CAD软件为辅助工具，无AI或高级数字技术。,high,deepseek-v4-pro,1.0.0,83f514cf49f835008feec4bb1e0c061a99790c54d4c412ae1913360b5f48b636,llm_primary,3176,1107,1,
310,0,,岗位为客户经理，涉及保险销售和客户服务，无任何AI或数字技术内容。,high,deepseek-v4-pro,1.0.0,96e29954ba872e0a77f262e92dce4b5013e3620858995efa3d5244600a8480f6,llm_primary,3176,1107,0,
311,0,,岗位为保险销售经理，职责为销售和客户服务，无AI或数字技术内容。,high,deepseek-v4-pro,1.0.0,2d476aacc9dbc6cb959f781109d2f29acbbd9ced5f6bd84b10c4dbb2f5d98bca,llm_primary,3176,1107,0,
312,1,会计(J10292),会计岗位，使用ERP/SAP等信息系统为辅助工具，非核心数字技术。,high,deepseek-v4-pro,1.0.0,cd8668b89ff7f569466fbe4c30b84861f93847a2ce5f97bfe2090d062f293568,llm_primary,3176,1107,1,1.0
313,1,"熟悉各办公软件,熟悉ERP、SAP系统",会计岗位，使用ERP/SAP等信息系统为辅助工具，非核心数字技术。,high,deepseek-v4-pro,1.0.0,635b6e9023d14741424cd2bbb2ee9240340e8794b67dbd2df1f4857a0262445a,llm_primary,3176,1107,1,
315,0,,贷款专员，仅涉及金融贷款咨询和客户服务，无AI或数字技术内容。,high,deepseek-v4-pro,1.0.0,9cd91c2d1968013feaddcc87aafbb93e93cf8ce816633be3ff1031d5598c8c4d,llm_primary,3176,1107,0,0.0
316,0,,行政支持岗，负责党建品宣，无AI或数字技术内容。,high,deepseek-v4-pro,1.0.0,758109deb5dab50e89884286d099c3c3d41b8ffcaf068d3a2bae87befda5c791,llm_primary,3176,1107,0,
317,1,熟练使用网络平台寻找资源,营销工程师，使用网络平台为辅助工具，无核心数字技术。,high,deepseek-v4-pro,1.0.0,b143025ac608d022176b195149f49181eb51c0292b8c22d11c636c26899d70c1,llm_primary,3176,1107,1,
318,1,可以熟练使用各种办公软件,客服专员，使用办公软件为辅助工具，无核心数字技术。,high,deepseek-v4-pro,1.0.0,0d5a4faee661a5f14ae6a0c628ed10892335036708578d58eb0a4891853279dd,llm_primary,3176,1107,1,
319,1,能熟练使用AUTOCAD、PROE或SOLIDWORK等二维和三维绘图软件,机械设计工程师，使用CAD软件为辅助工具，无AI或高级数字技术。,high,deepseek-v4-pro,1.0.0,0ab85f4aa0e9b39f73a649f8535d7f471bff5ba901cddea8c210d084dbe63164,llm_primary,3176,1107,1,
320,1,熟悉运用PPT、EXCEL等常用,政保客户经理，使用办公软件为辅助工具，无核心数字技术。,high,deepseek-v4-pro,1.0.0,d9bccc19fbec04058932bc1a2799ce6d599a921dd9454f87fb653a3335e34154,llm_primary,3176,1107,1,
321,0,,国内销售经理，职责为销售和市场，无AI或数字技术内容。,high,deepseek-v4-pro,1.0.0,b4a0e854fce9bd4e8e3c462810b5c644f6cba207a1a570318c5c18aad79dc783,llm_primary,3176,1107,0,
322,1,熟练使用Solidworks、SAP、EXCEL、CAXA等软件,工艺工程师，使用Solidworks、SAP等软件为辅助工具，无核心数字技术。,high,deepseek-v4-pro,1.0.0,4d558496cb27fbff183f644369f9ccbeb9732243580108f894a994bcc9b261d0,llm_primary,3176,1107,1,
324,1,熟练运用办公软件,商务经理，使用办公软件为辅助工具，无核心数字技术。,high,deepseek-v4-pro,1.0.0,10ff1caf2f82731fad887f1e1e604a2cdb711b33d65e1b0583472b68c9b8be04,llm_primary,3176,1107,1,
325,0,,车物查勘定损岗，涉及现场查勘和理赔，无AI或数字技术内容。,high,deepseek-v4-pro,1.0.0,351aa544a19dce0bf47672ec8d14092c68cf1c4177aff0eea5f9331a943427e3,llm_primary,3176,1107,0,0.0
326,2,MEMS芯片开发|微电子、微机电系统|MEMS产品开发及工艺流程|MEMS的封装、测试技术,岗位核心是MEMS芯片开发，涉及微电子和微机电系统，属于嵌入式技术，但未明确提及AI或高级算法。,high,deepseek-v4-pro,1.0.0,99b80e439287880366610d064fea8700b776c8e76e515ea4eb146d31bc7f7149,llm_primary,3176,1107,2,
327,1,AI芯片公司有产品经验,岗位为硬件工程师，主要涉及硬件设计，但提及AI芯片公司经验，AI仅为背景而非核心工作内容。,medium,deepseek-v4-pro,1.0.0,83ceed84a32269a36107ed54e5b23615d8dab9b4c896b82c9711fc31dd825b6e,llm_primary,3783,928,1,
328,0,,岗位为远程理赔服务，无AI或数字技术内容。,high,deepseek-v4-pro,1.0.0,8a139b53f428930406f34ae9515eaffa4e3b00c3daaf514b691b4f0cc6d47756,llm_primary,3783,928,0,
330,0,,法务主管岗位，无AI或数字技术内容。,high,deepseek-v4-pro,1.0.0,01c1e9ff525ff63e0babab4e0e5d485c27e6477af4ce06d636215b6a6a48f966,llm_primary,3783,928,0,
331,1,进行统计和分析|数据分析|质量数据,质量工程师涉及数据统计和分析，但仅为辅助工作。,medium,deepseek-v4-pro,1.0.0,c30dca16e3286ccf2e92c989a8c082f7d3c0dd65a30762acce4ea6c37db7cfdf,llm_primary,3783,928,1,
332,0,,采购工程师岗位，无AI或数字技术内容。,high,deepseek-v4-pro,1.0.0,8fb0cf9e820c8cde10479a2e06a69fe35bc6c3cc082427cb00495110945c0a55,llm_primary,3783,928,0,
333,0,,理赔服务岗位，无AI或数字技术内容。,high,deepseek-v4-pro,1.0.0,8a71ab2db51d2b154c1dfcaeb7677583b9a2fbbe2196a8544042dad115e07c54,llm_primary,3783,928,0,
334,0,,门店质量巡查岗位，无AI或数字技术内容。,high,deepseek-v4-pro,1.0.0,21340502241f74fc9173c99e3dc5da070c33eb625e56466ec1469153ca7bb0c5,llm_primary,3783,928,0,
335,1,EXCEL|Word|ERP系统,仓管员使用办公软件和ERP系统，但仅为辅助工具。,high,deepseek-v4-pro,1.0.0,45341fc8a9611c62e72786420bcbddeeac50ed19e087a76fff98982aee2861cb,llm_primary,3783,928,1,
336,2,AutoCAD|pro-e|ug|solidworks,绘图设计员核心工作为使用设计软件，软件是岗位核心。,high,deepseek-v4-pro,1.0.0,5bacfc4ece9b17327319f4e9b0fd42ffc29f176b2643ef89142d1f9faecad07f,llm_primary,3783,928,2,2.0
337,1,统计分析,质量经理涉及数据统计分析，但仅为辅助工作。,medium,deepseek-v4-pro,1.0.0,0b510859c199465f359f940f3e3c0c0ab29e930c1f8c882c1967b016c72e05fb,llm_primary,3783,928,1,
338,0,,保险销售岗位，描述未涉及数字技术或信息系统使用,high,deepseek-v4-pro,1.0.0,32bac7a7f33564df905be53c5251eb73b10ebea460efffa0e31d75acf1cfdabe,llm_adjudicated,3783,928,1,3.0
339,1,CAD软件,技术规划经理要求熟练应用CAD软件，但仅为辅助工具。,medium,deepseek-v4-pro,1.0.0,bb2c26e420992d440a83da355f1820732bfa956782287c5bb067a7b7dae9b84d,llm_primary,3783,928,1,1.0
340,0,,客户经理岗位，无AI或数字技术内容。,high,deepseek-v4-pro,1.0.0,173f7f69abdd4da2a758f6dd70b459aa30c921ea18d7bc0c49df633f7e370d47,llm_primary,3783,928,0,
341,1,三坐标检测,机加巡检涉及三坐标检测，属于数字测量工具，但仅为辅助。,medium,deepseek-v4-pro,1.0.0,82a3f22206c3cb20721e5821f322627ab161da0fec7629f6653365bbac4b16ad,llm_primary,3783,928,1,
342,0,,银行服务专员岗位，无AI或数字技术内容。,high,deepseek-v4-pro,1.0.0,62cb2f57c93e59ad13240f0babfd04cce8394765bb6081fcc0adc2aa3e0231a8,llm_primary,3783,928,0,0.0
343,1,APP|微信|微博|论坛|新媒体运营平台,新媒体渠道总监涉及数字平台运营，但仅为辅助工作。,medium,deepseek-v4-pro,1.0.0,4d3b65c160e8cd95b3c04c7a84dda10031812a0da7fcaaff1e76e96c79282edc,llm_primary,3783,928,1,
344,1,人力资源管培生(重庆),岗位要求熟练使用办公软件和基本网络知识，属于数字工具辅助工作，但核心是人事管理。,high,deepseek-v4-pro,1.0.0,2915bdd98267df6c31974f04c9f74644d01e13eb27e683f1824028867938d4d0,llm_primary,4618,1093,1,1.0
346,2,协助AI项目推进|记录并分析质量数据定期提交质量报告,岗位涉及协助AI项目推进、数据分析以及使用专业质量工具，软件和数据是核心部分。,high,deepseek-v4-pro,1.0.0,34cf774a68fe074f93110be074e0260f85c5937d5cfd2faacf1ff7fb772a0484,llm_primary,4618,1093,2,
348,0,,岗位职责主要是政府事务和医保准入，无实质AI或数字技术内容。,high,deepseek-v4-pro,1.0.0,36d3fbbda29668f2528225df92cf28bf4aebbd3ba3923990b23c24c43d6393e9,llm_primary,4618,1093,0,
349,0,,与348相同，政府事务经理岗位，无AI或数字技术内容。,high,deepseek-v4-pro,1.0.0,df4cb61f7bb4bcb8ae5bf647d286999365c479c9b5cec27527818d0806f601f5,llm_primary,4618,1093,0,
350,1,熟悉金蝶成本核算模块|全面负责成本模块的实施工作,岗位要求使用金蝶软件进行成本核算，属于数字工具辅助工作。,high,deepseek-v4-pro,1.0.0,7e6af74f8eb4ead227f8847fec56b96beb3ab2c128a953741d1128434c529ebb,llm_primary,4618,1093,1,
351,1,负责台账的更新及日常数据运营,涉及数据运营和台账更新，但仅为辅助性数据处理。,medium,deepseek-v4-pro,1.0.0,bf752cd8f4f15be23799d73d68597c7ace172997b9b7e19bb9e8aa57f9506010,llm_primary,4618,1093,1,1.0
352,0,,法务主管岗位，无AI或数字技术内容。,high,deepseek-v4-pro,1.0.0,6ec3d8b2d62e81decdf8c0b07aaa07aae1fef0d02a1667e8ab9c997c749f01b6,llm_primary,4618,1093,0,
353,0,,保险代理人岗位，无实质AI或数字技术内容。,high,deepseek-v4-pro,1.0.0,de4cabfad67244ade8787008b1370a69e6d727159f84e63689ec312e7aaa69a5,llm_primary,4618,1093,0,
354,0,,焊接工艺工程师，无AI或数字技术内容。,high,deepseek-v4-pro,1.0.0,a3a9cb103eebf8b199395d7a25947c7a6ca142cbed88c192cf87f9656230c72f,llm_primary,4618,1093,0,
355,0,,销售代表岗位，无AI或数字技术内容。,high,deepseek-v4-pro,1.0.0,444ced98a8dd37ff00bec1a9476095ae7980a478c64858195b9674fb084754c5,llm_primary,4618,1093,0,
356,2,计算机、遥感、测绘、GIS等相关专业|进行方案制作、方案论证、项目申报|编写技术方案或投标文件,岗位核心涉及GIS、遥感等软件技术，以及方案制作和招投标，软件和信息化是核心。,high,deepseek-v4-pro,1.0.0,e15fd25f15aa18e93e9db359f96290aec9b27d6d4c30e669a6ce26a4386de59f,llm_primary,4618,1093,2,
357,1,熟练使用OFFICE等办公软件,要求熟练使用办公软件，但核心是企业文化宣传，数字工具仅为辅助。,high,deepseek-v4-pro,1.0.0,845f9d80017df4e781dde5de91a5ac55b67c0389e1a20bd28265ebd1cb7ed447,llm_primary,4618,1093,1,1.0
358,1,能熟练运用OFFICE办公软件,要求熟练使用办公软件，但核心是客户经理业务，数字工具仅为辅助。,high,deepseek-v4-pro,1.0.0,fe0af2a39726f6e1d1b1cdaf63b6310281124c71f51c954cd216787b25f1cbf4,llm_primary,4618,1093,1,1.0
359,1,CAD|SolidWorks|AutoCAD,岗位标签和描述提及CAD等软件，但核心是材料工艺研发，数字工具为辅助。,medium,deepseek-v4-pro,1.0.0,1068b5828aebce390e7663c47726f9baa67907754e91d34c02114c10142a7139,llm_primary,4618,1093,1,1.0
360,1,能够熟练操作办公软件,要求熟练操作办公软件，但核心是外贸跟单，数字工具仅为辅助。,high,deepseek-v4-pro,1.0.0,388d5d2390f29523851fc5c36bf06365caed18c5951496d3a6655379939899c3,llm_primary,4618,1093,1,
361,0,,人力资源助理岗位描述未提及任何数字工具或技术,high,deepseek-v4-pro,1.0.0,95e6038b157087a06ef7d4bab3324404b478f874d388e636cf94075fd5b20c1b,llm_adjudicated,4618,1093,1,0.0
362,0,,岗位为采购副经理，涉及五金行业和商务谈判，无AI或数字技术内容。,high,deepseek-v4-pro,1.0.0,5b12fcd6134340162a1e2c1dc727318873b7b2656c84a42e97b9b74a8aff2ce0,llm_primary,3089,1134,0,
363,0,,会计岗位描述未明确提及使用财务软件或数字工具,medium,deepseek-v4-pro,1.0.0,12bed829d46c52d0a118b2eb56068da9ab96c0b18be2590f504e581c1037be8d,llm_adjudicated,3089,1134,1,0.0
364,1,各类办公软件操作熟练掌握,团体客户经理要求熟练使用办公软件，属于数字工具辅助工作。,high,deepseek-v4-pro,1.0.0,89d8991d916dcd9d57147603efb0cd2592e1dbc2557b2a710b254f007a026d3c,llm_primary,3089,1134,1,
366,2,组织和实施软件测试项目|完成数据库应用软件的功能测试|熟悉数据库常用操作命令|了解Java语言|熟悉LINUX或UNIX系统常用命令,测试工程师岗位核心是软件测试，涉及数据库和编程，属于软件技术核心。,high,deepseek-v4-pro,1.0.0,bac68b7eb2a15a1c5d1b6602c810673edf95205c4097e460ebe29e0b135de004,llm_primary,3089,1134,2,
367,1,"熟练操作SAP,SRM系统、WORD、EXCEL,CAD等办公软件",采购工程师要求使用SAP等信息系统，但仅为辅助工具。,high,deepseek-v4-pro,1.0.0,a5143db404ede4a614af6e66032d48b9a0cc5319ecfe8ba42ce80b81a63aaf06,llm_primary,3089,1134,1,
368,1,ERP系统数据的维护|标准工时录入ERP系统|掌握Solidworks或Proe、CAD等办公软件使用方法,工艺工程师使用ERP系统和CAD软件，但仅为辅助工作。,high,deepseek-v4-pro,1.0.0,acf18ebca85c00f1179594f60a92786a5c0d6695857a03a2d3019a2126f8d1a4,llm_primary,3089,1134,1,
369,1,"跟踪微信推广效果,分析数据并改进|有PS基础",新媒体编辑涉及数据分析和简单数字工具，但仅为辅助。,medium,deepseek-v4-pro,1.0.0,c1e39a989b4565492f96916e6cfed106da818bef90eb455cd7213cbc3000e612,llm_primary,3089,1134,1,
370,1,"熟练操作办公室软件系统,特别是EXCEL、WORD、PPT等",行政前台要求使用办公软件，属于数字工具辅助。,high,deepseek-v4-pro,1.0.0,8571c327f2383e96d9385d92f8039bd06a9ccf3f9de85b37a039d39225a85953,llm_primary,3089,1134,1,
371,1,熟练掌握Office办公软件,国内业务员要求使用Office办公软件，仅为辅助。,high,deepseek-v4-pro,1.0.0,f88835771017ef1f0976784601d9683108de914e9fd62e923968667809403d8e,llm_primary,3089,1134,1,
372,0,,厨师岗位无任何AI或数字技术内容。,high,deepseek-v4-pro,1.0.0,9595b9314df1cd80fa22f2ea5b056365527e2251a01daea2e559b7aa405c3c0b,llm_primary,3089,1134,0,0.0
373,2,原理图设计|PCB Layout设计|FPGA、ARM处理器、视频图像、以太网接口等数字电路设计|熟练Cadence(OrCAD、Allegro)设计工具,硬件工程师岗位核心是硬件设计和嵌入式技术，属于自动化/嵌入式技术核心。,high,deepseek-v4-pro,1.0.0,7f29066cc756508b120b04d99a132e8a41adadf1f8038d670f7f403b05ed67e2,llm_primary,3089,1134,2,
374,0,,招商银行客户经理为销售岗位，无AI或数字技术内容。,high,deepseek-v4-pro,1.0.0,b2b3bcf8fa1d8af8cd942794a632ae9a8f5ba840bcdc3365c3794b28ed7383d3,llm_primary,3089,1134,0,
375,1,熟悉各种办公软件操作,车代渠道销售经理要求使用办公软件，仅为辅助。,high,deepseek-v4-pro,1.0.0,da5bba88c5023e62f5695bc51e13993eb4d26b5d7e2635a15ce5f2ade1eefde7,llm_primary,3089,1134,1,
376,0,,产品经理岗位描述为金融销售，无AI或数字技术内容。,high,deepseek-v4-pro,1.0.0,2f9a395f6c22db12e69d359abc93f1745fad420fc986f2d017dea01d7f5acf6a,llm_primary,3089,1134,0,
377,0,,保安岗位无任何AI或数字技术内容。,high,deepseek-v4-pro,1.0.0,f83b6b7910d06059238fd0566f4391f08831440abd4a668945e3a3baa7bb4f6c,llm_primary,3089,1134,0,0.0
378,0,,岗位描述无数字技术或AI内容,high,deepseek-v4-pro,1.0.0,857de9c6c2a5b2867788ae823dd0f9c53efa024b726053b41e2d0ba8e04276e1,llm_adjudicated,3089,1134,1,0.0
379,0,,岗位涉及国际业务拓展和渠道建设，无AI或数字技术内容。,high,deepseek-v4-pro,1.0.0,cf56be5cf9a42cb3a9937a14fc39398588b2ad15363d499215a525372659a728,llm_primary,3191,979,0,
380,0,,售后专员主要负责客户服务和销售支持，无AI或数字技术内容。,high,deepseek-v4-pro,1.0.0,7029b8f57809b55021386cb1cee22ad29d208d2b26739726b7aa0507ed73ad33,llm_primary,3191,979,0,
381,1,建设维护人才库,涉及信息收集和人才库维护，属于数据处理辅助工作。,medium,deepseek-v4-pro,1.0.0,09cf306e07c3fcd81f9e6d611cc7eea316d57e7783628ad76b160695934e10da,llm_primary,3191,979,1,
382,1,负责行业信息收集|负责公司微信公众号日常运营管理,涉及信息收集和新媒体运营，数字工具为辅助。,medium,deepseek-v4-pro,1.0.0,23a5657906b3262da26b1a1ca89aa9c004345ae348a488555e6fcad8dbc75948,llm_primary,3191,979,1,
383,0,,英语翻译岗位，无AI或数字技术内容。,high,deepseek-v4-pro,1.0.0,d49308708166070c01778e2c3194f3cd8b7c4cf1d9f7e7c49f16341869878e86,llm_primary,3191,979,0,0.0
384,0,,行政经理岗位，涉及人事、行政、后勤管理，无AI或数字技术内容。,high,deepseek-v4-pro,1.0.0,a8ecf164b2237bd174cf5dedce87533031acd1cb36087fecfa6427c3df3721ed,llm_primary,3191,979,0,
385,1,熟练掌握办公软件及用友等财务核算系统,使用财务软件和办公软件，属于数字工具辅助工作。,medium,deepseek-v4-pro,1.0.0,c4f2089aacbf9c0eb4c082032567c2752c6788aa5291b28911dc88d08bea3c84,llm_primary,3191,979,1,
386,0,,综合类管培生，未提及具体AI或数字技术内容。,high,deepseek-v4-pro,1.0.0,ec99734fb4d2eec7e46cac45e645aef3a13bbd21a0402aa15dd9ac0d11f65403,llm_primary,3191,979,0,
387,1,能熟练操办公软件和办公设备,要求熟练使用办公软件，属于数字工具辅助。,medium,deepseek-v4-pro,1.0.0,d578d8774f0c9869234fd11751d509629f725343d77a46bffed906b85a0480bd,llm_primary,3191,979,1,
388,1,电子门禁管控熟练,涉及电子门禁系统操作，属于数字工具辅助。,medium,deepseek-v4-pro,1.0.0,29ae0f7157a28e93545f0367ab31166405af5eadfdb155b92594fb11820f5b5f,llm_primary,3191,979,1,
389,1,负责对接新氧、更美、小红书等平台的图文编辑,涉及新媒体平台运营和图文编辑，数字工具为辅助。,medium,deepseek-v4-pro,1.0.0,70746eac8aa736a9330925dabe4b0b250e967774a006a6b12d3731dbec6123b7,llm_primary,3191,979,1,
390,0,,生产主管岗位，涉及生产管理，无AI或数字技术内容。,high,deepseek-v4-pro,1.0.0,ab0778a3f2d446af6583149089ebb94888df021e1bc542fbb8258e46538106e1,llm_primary,3191,979,0,0.0
391,1,ECN、BOM的日常维护管理,涉及BOM等数据维护，属于数据处理辅助工作。,medium,deepseek-v4-pro,1.0.0,1b54b2e0e26e9799ff8b180689134a095d31b9ce38b9a14aee49011a35086a0b,llm_primary,3191,979,1,
392,0,,外贸业务员，描述为“不限”，无AI或数字技术内容。,high,deepseek-v4-pro,1.0.0,8238f18473eea11dac0730332a49bc74115146331e96b8f426c209b97a141bfa,llm_primary,3191,979,0,
393,0,,金融销售顾问，涉及金融产品销售，无AI或数字技术内容。,high,deepseek-v4-pro,1.0.0,d4cb7f0894f66c31fec184c2fac19a1954b9ec9ebb4e1c8c48f106fc94b1b50b,llm_primary,3191,979,0,
394,0,,项目主管，负责船舶设备现场安装管理，无AI或数字技术内容。,high,deepseek-v4-pro,1.0.0,13eba18d5823ca6fa7d530f528f76171ba2e9689e19eb3eb229f7c85ff92e61e,llm_primary,3191,979,0,
395,1,CMES、水质和VOC设备日常维护保养|现场设备故障维修及数据异常处理|掌握日常办公软件操作,岗位涉及环保监测设备维护和数据异常处理，使用办公软件，但数字技术仅为辅助。,high,deepseek-v4-pro,1.0.0,4ab992c3c73c7a266a971d6fbb16763b062fa1431822e52e883f51dd6c35d754,llm_primary,3335,1180,1,
396,2,"使用自动化测试设备和技术|熟悉至少一种测试编程语言如labview、python,VB或C#|能够熟练使用Excel、Matlab等工具进行数据处理",岗位核心是晶圆测试，涉及自动化测试设备和编程，软件和数据处理是核心技能。,high,deepseek-v4-pro,1.0.0,0e7ca40a3fab8a95c93c696c2370e4de3fd6b4be22f82c84a05671749df68f95,llm_primary,3335,1180,2,2.0
397,2,精通自动化测试方法和软件发布管理|编写测试工具|设计测试数据和测试用例,手机软件测试工程师，自动化测试和软件测试工具是岗位核心。,high,deepseek-v4-pro,1.0.0,4742161659cbc1670e456074d671e2ebfe4ce233d0cd456add3e5c83d8bcb326,llm_primary,3335,1180,2,
398,1,通过微信群等做好客户日常经营,使用微信群进行客户经营，数字工具仅为辅助沟通。,high,deepseek-v4-pro,1.0.0,a186212b4af266efc62ba8179846e98df8bf82d491c06ef5c7e18349d7aef774,llm_primary,3335,1180,1,
399,0,,诉讼追偿岗，无AI或数字技术内容。,high,deepseek-v4-pro,1.0.0,0317c6b9a5b45c9c8ee1fb0498c2cdb49220628320118304e67dd93b30c44686,llm_primary,3335,1180,0,
400,1,实验室设备计量规划和结果确认工作,环境可靠性试验，涉及技术文件编写和计量，但数字技术仅为辅助。,high,deepseek-v4-pro,1.0.0,246388311e61b9a5081e23bee2d483458e71bf1e94cba0307a36e171fbd727c7,llm_primary,3335,1180,1,
401,0,,日语翻译岗位，无AI或数字技术内容。,high,deepseek-v4-pro,1.0.0,b6cdad94cf6aa077a80e5eedd39232c85b7441fc5c9d7dba7395c52cfacbf3fd,llm_primary,3335,1180,0,
402,0,,财产险理赔岗，无AI或数字技术内容。,high,deepseek-v4-pro,1.0.0,75ef298467e9925a10a497e444cc783640801ff16a3e269567c5c4cac5bcf4fc,llm_primary,3335,1180,0,
404,0,,资深编辑，内容创作和策划，无AI或数字技术内容。,high,deepseek-v4-pro,1.0.0,489dc069d27d91a2c8c49dc3bd2f17b3c638c5b687d2a6760f9beb600d00ca0c,llm_primary,3335,1180,0,
405,0,,工程经理（施工），无AI或数字技术内容。,high,deepseek-v4-pro,1.0.0,5e2724d6b9a7395aa9dba64bde30d5856af8d25ae095ddc95336db752c6e4f2d,llm_primary,3335,1180,0,
406,2,负责固收行情系统、交易系统、投后管理等系统的功能架构与系统架构设计|负责固收系统的底层框架设计及通用能力开发|熟练掌握Java及其相关框架(SpringBoot/Dubbo/MyBatis等),FICC架构师，负责交易系统架构设计和开发，软件和系统是岗位核心。,high,deepseek-v4-pro,1.0.0,56096ee7986fd83fa341f208e4e156854aadaac7ad323d87e3168d3522fd9fa5,llm_primary,3335,1180,2,
407,1,经营报表过程管理体系,岗位涉及财务数据分析和报告，使用信息系统辅助,medium,deepseek-v4-pro,1.0.0,78b2bc578393ed2aa88025fd5bc30b671fc9f8e76ca01786e605b9af426bdf9f,llm_adjudicated,3335,1180,1,0.0
408,0,,销售经理，无AI或数字技术内容。,high,deepseek-v4-pro,1.0.0,8c2a3a672e807280bf1a2007ba4c1b9255b46b40ea8f415667d9bc3aa27e7922,llm_primary,3335,1180,0,0.0
409,0,,OTC销售代表，无AI或数字技术内容。,high,deepseek-v4-pro,1.0.0,321837fee308c967f38373e4962e4dcfcdb8ce041dd4c3c936d6cce33d6a7827,llm_primary,3335,1180,0,
410,2,负责巨量千川的直播间投放计划指定以及日常投放运营|独立搭建信息流或视频账户结构,千川优化运营，核心是广告投放优化和数据分析，数字技术是岗位核心。,high,deepseek-v4-pro,1.0.0,a7dffc2f84da810de15fca3ef6257036c63a2c7c73ba04c481a7ce28ff93fc95,llm_primary,3335,1180,2,
411,1,对采购物料价格信息收集和分析|对采购物料价格信息系统管理和维护|熟练使用办公软件,核价主管，使用信息系统和办公软件进行价格分析，数字工具为辅助。,high,deepseek-v4-pro,1.0.0,c4c6fec6a0aa75fefdf606a1211b88122b931e675c428595763f2a404dc74b71,llm_primary,3335,1180,1,
413,1,线上查勘|线上提供解答客户理赔咨询服务|在线与客户协商确定理赔方案,岗位涉及线上系统操作和远程服务，但核心是理赔业务，数字工具仅为辅助。,high,deepseek-v4-pro,1.0.0,eb6364fbc610fb3c0be963bb26e2bd17c2ba6608cc9e62eec62cc1a8fc710823,llm_primary,3327,1057,1,
414,2,完成3D/2D图纸|熟练使用Auto CAD绘图|了解CATIA、Pro-E,机械设计岗位以CAD等软件为核心工具，属于信息化技术核心。,high,deepseek-v4-pro,1.0.0,5f83da83c32b6246389241b4643ab406829c7317899f5f4363db18414ab21e33,llm_primary,3327,1057,2,
415,1,熟练操作计算机及office办公软件|数据统计,岗位涉及数据录入和系统更新，但数字工具仅为辅助。,high,deepseek-v4-pro,1.0.0,44686d74fc633c4fe7d54d10cad2f3192a0789bdc2883b73a88e42cbd4d0f480,llm_primary,3327,1057,1,1.0
416,2,C++开发|ffmpeg和webrtc的集成|音视频编解码经验|多线程与基本的数据结构,软件开发是岗位核心，涉及音视频技术，但未明确提及AI或高级算法。,high,deepseek-v4-pro,1.0.0,ebae60039e9bd4fc9093ef91ba77d71f6b8ced747071bdebe377f1fef6e1c389,llm_primary,3327,1057,2,
417,2,C/C+/VC++|上位机软件开发|数字图像处理,软件开发是核心，涉及图像处理，但未明确AI或机器学习。,high,deepseek-v4-pro,1.0.0,a9c9c306a6a534828b454b6f72abf1cc0a6fbdfbf3a8bd50276e1a2bde1c68e5,llm_primary,3327,1057,2,
418,1,熟练使用微软办公软件|用友ERP|通达OA,人力资源岗位使用ERP和OA等系统，但仅为辅助工具。,high,deepseek-v4-pro,1.0.0,6380a7e0da29f9266107cc893e2f9520e5a331fd6b6a2fc270a430df3c029753,llm_primary,3327,1057,1,
419,2,Openstack|Ceph|分布式存储|虚拟化架构|Docker容器,云平台管理涉及虚拟化、分布式存储等技术，是岗位核心，但未明确AI。,high,deepseek-v4-pro,1.0.0,962a4b9fa08f572414e856ef3ad63e44831f151909c6a826ab64973ab5791ee5,llm_primary,3327,1057,2,
420,0,,市场营销岗位，无任何AI或数字技术内容。,high,deepseek-v4-pro,1.0.0,be1ec418313105621770bbe5e16d2b2f19ef98cedfe81ace3ecdb27ecd835d26,llm_primary,3327,1057,0,
421,1,熟悉EXCEL操作,人事助理岗位使用Excel等办公软件，仅为辅助。,high,deepseek-v4-pro,1.0.0,52496f5951ce1ebe3b22feac3cff8540476f8fb916168d25e4ec9c5dd5775c2b,llm_primary,3327,1057,1,
422,1,会看CAD图纸,生产管理岗位涉及看CAD图纸，但数字工具仅为辅助。,high,deepseek-v4-pro,1.0.0,22b33fbf44a55ab3ba153bf657e70a6bdafb942dfb8df2d4b9bfd457dcaa0677,llm_primary,3327,1057,1,
423,0,,车代销售经理岗位，无AI或数字技术内容。,high,deepseek-v4-pro,1.0.0,2a3415baf4538657ca66e25ed5bde9b34d51c00611164c7311c222db3c6295ac,llm_primary,3327,1057,0,
424,0,,销售岗位，无AI或数字技术内容。,high,deepseek-v4-pro,1.0.0,1c6643d76f15d703754f1c128daf05385d4b98b6d21ed74b4065abee702d9c0f,llm_primary,3327,1057,0,
425,0,,销售岗位，无AI或数字技术内容。,high,deepseek-v4-pro,1.0.0,1c6643d76f15d703754f1c128daf05385d4b98b6d21ed74b4065abee702d9c0f,llm_primary,3327,1057,0,
426,1,检测机构工作经验,材料工程师涉及测试和分析，可能使用数字工具，但仅为辅助。,medium,deepseek-v4-pro,1.0.0,e4646d9cfea65400b0e3e1534b48ce1d6780d288de172487351bc19242347360,llm_primary,3327,1057,1,
427,1,ERP系统录入、填报、审核,研发助理使用ERP系统，但仅为辅助工作。,high,deepseek-v4-pro,1.0.0,91d6c1ed14a2c1103a6c30bae33271eba77907395364f5d2a7fc4d293cbbb71b,llm_primary,3327,1057,1,
428,2,半导体集成电路技术|机械设计知识、电气原理,技术课长管理半导体集成电路技术，涉及信息化和自动化，是岗位核心。,medium,deepseek-v4-pro,1.0.0,ab36c2628484cfbd698450994697f7cacff3d28690d6c28e7543dd823240967e,llm_primary,3327,1057,2,
429,0,,岗位描述为保险销售，无AI或数字技术内容。,high,deepseek-v4-pro,1.0.0,48f310b2bac68990d1b4cd79ca22fc7c2e360bd54cd2cc2f99b5aabd252b4b5a,llm_primary,3683,924,0,
430,1,精通财务软件(如用友、金蝶)和ERP系统的成本模块操作|能熟练使用Excel等进行数据处理和分析,数字工具和数据处理为辅助工作，非核心。,high,deepseek-v4-pro,1.0.0,75442c8e351a63a68d17861945264f72911c39e26b119074e9a84b412fad5739,llm_primary,3683,924,1,
431,0,,研发工程师岗位，但描述未提及AI或数字技术。,high,deepseek-v4-pro,1.0.0,8ca6ed983943e12d52c5b391f65e6130d3647143b1f696e6bd2c8847ad9187d0,llm_primary,3683,924,0,
432,0,,营销总监岗位，无AI或数字技术内容。,high,deepseek-v4-pro,1.0.0,96ad378f97a6692bb03c3d9acc81118cf67b1f9da2a6657ab44f3795bd523449,llm_primary,3683,924,0,
433,2,嵌入式硬件开发工程师|开发相应的硬件模块|精通数字电路、模拟电路|熟练使用电路设计软件,嵌入式硬件开发是岗位核心，涉及数字电路和设计软件。,high,deepseek-v4-pro,1.0.0,316bb482ae00940879f61cc1d393d863ca16243fe257cdce30b190a7722113bd,llm_primary,3683,924,2,
434,0,,农险理赔岗，无AI或数字技术内容。,high,deepseek-v4-pro,1.0.0,19628feb4a1e7e5a24c9ee340e42b5656a77e1d23ef38b3e6df9a9844c7847a5,llm_primary,3683,924,0,
435,1,熟悉办公软件|会使用平面设计软件或专业相机拍照者优先,办公软件和设计软件为辅助工具。,high,deepseek-v4-pro,1.0.0,35ad6d5d872b07f75621b403b1904f8715eb53980ca03ff9800d5b2d0ef3f197,llm_primary,3683,924,1,
436,0,,技术推广销售，无AI或数字技术内容。,high,deepseek-v4-pro,1.0.0,e65b311c7dc81d7b7b74a577d1b545f7bcd13bb109aadf2f8f61f3f69d70feb3,llm_primary,3683,924,0,
437,1,熟练使用办公软件,办公软件为辅助工具。,high,deepseek-v4-pro,1.0.0,a7a9fc6e6df20efc3a96171f874bcc102c81297db807025d6874f61383de3138,llm_primary,3683,924,1,
438,0,,CQE工程师，无AI或数字技术内容。,high,deepseek-v4-pro,1.0.0,4058f8a5ce3bff291d5d3b738012cf2ee065e77bf66283fc0fc6982d17c659ce,llm_primary,3683,924,0,
439,1,熟练使用PS、AI等设计软件,设计软件为辅助工具。,high,deepseek-v4-pro,1.0.0,90a67e928de96edd03f32dba201bf181c9d00df730d066b319cc550672c2244d,llm_primary,3683,924,1,
440,1,熟悉缺陷管理流程、工具,使用缺陷管理工具等数字工具辅助测试工作,medium,deepseek-v4-pro,1.0.0,ad1a8eef53a397840e000eece174ab95799afe3657790cba93cb87fc5eb13db5,llm_adjudicated,3683,924,1,0.0
441,0,,人事行政主管，无AI或数字技术内容。,high,deepseek-v4-pro,1.0.0,5aa2c67c7192b2c0c1398ca0d58d435731d5b21f029ee181fe0a362615ad3b19,llm_primary,3683,924,0,
442,1,数统类、精算类、计算机类,提及计算机类专业，但岗位为市场营销，数字技术为辅助。,medium,deepseek-v4-pro,1.0.0,34617f675605f841887e5e7a70b5a79b4d914ddd87add6d338b165065d04d040,llm_primary,3683,924,1,
443,1,熟悉ERP系统及常规办公软件的使用,ERP和办公软件为辅助工具。,high,deepseek-v4-pro,1.0.0,d66c4157a380bcdf0a910a64ce163e67ffd84b410fbd84fa10886b0403ba3c3b,llm_primary,3683,924,1,1.0
444,1,熟练掌握常用办公软件|具备良好的数据处理能力,办公软件和数据处理为辅助。,high,deepseek-v4-pro,1.0.0,96a36bcb332e19a0eafe4e5805390fbc899d2884e36dfba3964ae19b7d6750e7,llm_primary,3683,924,1,
445,0,,岗位为通勤司机，无任何AI或数字技术内容。,high,deepseek-v4-pro,1.0.0,d264856db95caaac697bc23201e6115090298beb201784ad641de5603983605a,llm_primary,3314,1020,0,0.0
446,0,,岗位为保险医养顾问，主要涉及客户服务和医疗咨询，无AI或数字技术内容。,high,deepseek-v4-pro,1.0.0,8dea8c4c037b637b545792fa14a922af016214cc5c97096b486dfd712b92b15e,llm_primary,3314,1020,0,
447,0,,岗位为销售工程师，职责为销售和客户关系，无AI或数字技术内容。,high,deepseek-v4-pro,1.0.0,73e19f02ba9b97550073d7de9dd2bff2e7549f06e912b280930db20f56b8609d,llm_primary,3314,1020,0,0.0
448,1,负责微信公众号的运营和管理,岗位涉及微信公众号运营，属于数字工具辅助工作。,medium,deepseek-v4-pro,1.0.0,9b798c4aafde9a6256386164971782c04fe0ce1fa34e39b9f86e43e6ac244531,llm_primary,3314,1020,1,
449,3,算法研究员/工程师(通信算法 26届校招岗)|通信算法|蓝牙/WIFI协议栈开发,岗位明确为算法研究员，涉及通信算法研发，属于高级算法研发。,high,deepseek-v4-pro,1.0.0,5c35f7f0766e3f63c0f9f1618cc5db807a32faeb5febd593b59eb8a121a5d085,llm_primary,3314,1020,3,
450,2,嵌入式软件工程师|基于ARM处理器的嵌入式软件开发|精通C/C++ 软件开发|嵌入式软件、硬件底层驱动开发调试,岗位核心为嵌入式软件开发，属于软件和嵌入式技术。,high,deepseek-v4-pro,1.0.0,763aa69a846e0db0dad9b656ca0c61d19379de4f0ad678e1b6462858dce2df9d,llm_primary,3314,1020,2,
451,0,,岗位为采购专员，职责为采购管理，无AI或数字技术内容。,high,deepseek-v4-pro,1.0.0,1e966c1938cc821851c820f809ed0fd6c85974946fea547d1154ee513d01d656,llm_primary,3314,1020,0,
452,0,,岗位为采购专员，职责为采购管理，无AI或数字技术内容。,high,deepseek-v4-pro,1.0.0,1e966c1938cc821851c820f809ed0fd6c85974946fea547d1154ee513d01d656,llm_primary,3314,1020,0,
453,0,,岗位为客户经理，主要涉及保险销售和客户服务，无AI或数字技术内容。,high,deepseek-v4-pro,1.0.0,3f414bad582d8f3fbeadba6c8dd6350020f83af4dc8169db6dbdf49bcdcfbce4,llm_primary,3314,1020,0,
454,0,,岗位为客户经理，主要涉及保险销售和客户服务，无AI或数字技术内容。,high,deepseek-v4-pro,1.0.0,3f414bad582d8f3fbeadba6c8dd6350020f83af4dc8169db6dbdf49bcdcfbce4,llm_primary,3314,1020,0,
455,0,,岗位为行政人事部长，职责为行政管理，无AI或数字技术内容。,high,deepseek-v4-pro,1.0.0,a72f5f35209d1183cf2363577990e078af61de152bb0610b83c4f9717104aab7,llm_primary,3314,1020,0,
456,1,ERP系统的推动与完善,岗位涉及ERP系统，属于信息系统辅助工作。,medium,deepseek-v4-pro,1.0.0,73fbda1b2077f252b1612b32a1d337b3dfe1a2440aa4b3d4816883307c90a7d3,llm_primary,3314,1020,1,
457,0,,岗位为工艺质保人员，涉及机械设计和维修管理，无AI或数字技术内容。,high,deepseek-v4-pro,1.0.0,aa51933ac407eac6d456ec68d7d3bff14766f352f531b1a74c101c2ae059ec28,llm_primary,3314,1020,0,
459,0,,岗位为保安，职责为安保和门岗管理，无AI或数字技术内容。,high,deepseek-v4-pro,1.0.0,c14dfcaa340b7d2904c0b2bc3e36456755be2b2dbba3440206973bfc37085553,llm_primary,3314,1020,0,
460,1,视频编辑|后期编辑|剪辑|达芬奇调色、AE、PR、PS、edius等后期软件,岗位涉及视频剪辑和后期软件使用，数字工具为辅助工作。,medium,deepseek-v4-pro,1.0.0,68333e9714fb211b02f856a561c54e007764f5f6649d7e11ca4813da56828098,llm_primary,3314,1020,1,
461,0,,岗位为销售员，职责为产品销售，无AI或数字技术内容。,high,deepseek-v4-pro,1.0.0,5b1fa96d9c7fa8b8d5fb12dc30789850fec127cd553896ee17eedd00da63b057,llm_primary,3314,1020,0,
462,2,Linux操作系统及内核开发|C/C++|数据结构和算法|USB/PCIE/网络等设备Linux驱动开发|KVM虚拟化技术,岗位核心是Linux系统及内核开发，涉及驱动、虚拟化等底层软件技术，属于软件和嵌入式技术核心。,high,deepseek-v4-pro,1.0.0,9b46578707c42503bcc496480498ae0472b10c947a930affcf7ce3af8df051dc,llm_primary,3038,1197,2,
463,1,系统预估录入,岗位涉及使用系统进行数据录入，但核心是人伤查勘定损，数字工具仅为辅助。,high,deepseek-v4-pro,1.0.0,8557d360c81afd7c5784f92b07e2ddf100cc59176a67b4a3008a065e381145fc,llm_primary,3038,1197,1,
464,1,熟练操作相关办公软件,岗位涉及使用办公软件和实验设备，但核心是产品可靠性实验，数字工具仅为辅助。,high,deepseek-v4-pro,1.0.0,cd17cab025fbc946d491ea675e2cd3adc6f0e3f059ff4a252e034b676a250811,llm_primary,3038,1197,1,
465,1,ERP数据录入|熟练操作office等办公软件,岗位涉及ERP数据录入和办公软件使用，但核心是采购文员工作，数字工具仅为辅助。,high,deepseek-v4-pro,1.0.0,b4069f1e9ae9c4db41d7c85ba19d2cbc9e24943f01587f02962e3af534fe5c1e,llm_primary,3038,1197,1,
466,2,报表开发|Oracle/SQLServer/MySQL数据库操作|OA办公系统及相关报表开发|公司官网调试与日常维护,岗位核心是软件系统运维、数据库操作和开发，属于软件和信息化技术核心。,high,deepseek-v4-pro,1.0.0,8a4c4c4ff7c91aa049e45fcf8015e9ba67a34cf6fbfb1bf1ff02d2d554f5f39f,llm_primary,3038,1197,2,2.0
467,1,数据分析,岗位涉及质量数据分析，但核心是客户质量工程师，数据处理仅为辅助。,high,deepseek-v4-pro,1.0.0,1b402a3683f08b7a2d15cedd9a6827bd6d8066f1350831594519026939d200ba,llm_primary,3038,1197,1,
468,0,,岗位为法务工作，无实质AI或数字技术内容。,high,deepseek-v4-pro,1.0.0,3f01fa83fe2b9e6a3a19ecd0f025b0ec09bebfbb4327727dec19bc61ddabf1ba,llm_primary,3038,1197,0,
469,0,,岗位为投资并购总监，无实质AI或数字技术内容。,high,deepseek-v4-pro,1.0.0,5004b66cab803715e82fd1b2776343bd23487292c96d2a0252c1b14ab65632b0,llm_primary,3038,1197,0,
470,1,熟悉ERP系统运作,岗位涉及使用ERP系统，但核心是仓库管理，数字工具仅为辅助。,high,deepseek-v4-pro,1.0.0,376d42f75b1fc7d6577288eb01a5bd22c88d43c10bd7faaf8522743f85f6803b,llm_primary,3038,1197,1,
472,1,数据分析能力,岗位涉及数据分析和办公软件使用，但核心是产品经理，数字工具仅为辅助。,high,deepseek-v4-pro,1.0.0,6db2b1554cd8f998c30d83d9c8e75c6aad0ff80687a0be8d0980eba9186a7082,llm_primary,3038,1197,1,
473,0,,岗位为车险销售，无实质AI或数字技术内容。,high,deepseek-v4-pro,1.0.0,d02ac535d9e58a19cb36ffd2b6dfb0e2a9a8007f434e7e3bc1c6d4060e0ede80,llm_primary,3038,1197,0,
474,0,,岗位为4S店车间主管，无实质AI或数字技术内容。,high,deepseek-v4-pro,1.0.0,0b174e1b6d0c83cbc285f5c70c72539b5257b8e725c073c02e4ae32945aa67db,llm_primary,3038,1197,0,
475,2,手机基带系统原理设计|硬件设计需求输入输出能力|手机平台基带设计,岗位核心是手机基带硬件设计，涉及EDA工具和嵌入式技术，属于电子工程和自动化技术核心。,high,deepseek-v4-pro,1.0.0,5bafedebbac61723f4afef4f75c757e7d0788777d71420efc1f2c942f36ea7a9,llm_primary,3038,1197,2,
477,1,PRO-E|OFFICE办公软件,岗位涉及使用PRO-E和办公软件编写SOP，但核心是技术文档编写，数字工具仅为辅助。,high,deepseek-v4-pro,1.0.0,8b799f4d77787c92fa6fc8e417930fc990a447cbf6457a9c7c369dd234eb91f0,llm_primary,3038,1197,1,
478,1,销售助理-华北区,岗位涉及使用办公软件，但核心是销售助理，数字工具仅为辅助。,high,deepseek-v4-pro,1.0.0,00b9594749a6f610fe4c7e9dc1ea20c2587dbd90a5b6e223186c06b05766b04d,llm_primary,3038,1197,1,
479,0,,岗位为计划主管，无实质AI或数字技术内容。,high,deepseek-v4-pro,1.0.0,212a88a18c0ea9ffaeaae9bb7419cbee25f63a7d38052f3e8e2f6adef217c809,llm_primary,3038,1197,0,
480,2,"熟悉制图软件(UG,CAD等)|熟练使用 Office 办公软件|数据统计分析",岗位核心依赖于CAD软件进行模具设计，软件技术是核心技能,high,deepseek-v4-pro,1.0.0,25537a48d4f265f0f2f6caef0aa1ffa11c46c6921fb1de3dd44355ec039dd489,llm_adjudicated,3399,1082,1,2.0
481,0,,岗位为私人财富规划师，描述中未提及任何数字技术或AI相关内容。,high,deepseek-v4-pro,1.0.0,03a40d00658345792c0f0c1657834d43a4d01eeedbd4b981313fcae7b1877ef8,llm_primary,3399,1082,0,
482,2,ERP二次开发工作|开发组数据项目开发|自主应用项目开发|集成项目开发与系统二次开发|熟练掌握Java语言,岗位核心是软件开发，涉及ERP二次开发、数据库和多种编程语言，属于软件技术核心。,high,deepseek-v4-pro,1.0.0,2069bd2c9e867f0a633513811595b70de13c48662dacaf0f05c486a4b8dd9d88,llm_primary,3399,1082,2,
483,1,"熟练使用各种office办公软件,生物信息分析软件,数据分析软件",岗位核心是医学学术支持，数字工具仅为辅助数据分析。,high,deepseek-v4-pro,1.0.0,4af3c22e8bcfa2ed35a36252931d4af511a3a872b999452c5d711572a0b2fa54,llm_primary,3399,1082,1,
484,1,能够熟练使用Coreldraw、photoshop、AI等软件,岗位核心是企划设计，数字工具为辅助设计软件。,high,deepseek-v4-pro,1.0.0,d42d82035fcc66214bcab29483011051d42b0cb7b943aa3784f8c94db40cca86,llm_primary,3399,1082,1,
485,1,通过微信群等做好客户日常经营,岗位核心是社区运营服务，使用微信群仅为辅助沟通工具。,high,deepseek-v4-pro,1.0.0,a6431c34499dd6702c8015b78069d283691b53edfb47927182d58b3ac8dc6680,llm_primary,3399,1082,1,
486,0,,岗位为电工，描述中未提及任何数字技术或AI相关内容。,high,deepseek-v4-pro,1.0.0,cbf40bb259957c8ddbe76980b1ae3fa78a0c3c4b6276990883cd8cc6fbad7702,llm_primary,3399,1082,0,
487,0,,岗位为银行专业精英，描述中未提及数字技术或AI相关内容。,high,deepseek-v4-pro,1.0.0,2e12861715031856500c0ebacf7feda5f36edf5d6090795d58385b0b3ab707fd,llm_primary,3399,1082,0,
488,0,,岗位为LED销售工程师，描述中未提及数字技术或AI相关内容。,high,deepseek-v4-pro,1.0.0,ce3726c361bbc488b78e0cc7c6b94bc80c80a48dfd18946979f01e0988642ec0,llm_primary,3399,1082,0,
489,0,,岗位为售前/售后技术支持工程师，描述中未提及数字技术或AI相关内容。,high,deepseek-v4-pro,1.0.0,5137bdea9fcbb82d016b248c2c5e66f84687a16603fdadbdb51e54215584716b,llm_primary,3399,1082,0,
490,1,"审核三大报表,税务申报,成本分析",岗位核心是成本会计，可能使用财务软件进行数据分析，但仅为辅助。,medium,deepseek-v4-pro,1.0.0,b583ac122fcf2c87f5def3198fceed52554bed72424978a6c4834b8812bc2f4a,llm_primary,3399,1082,1,
491,0,,岗位为保险代理人招募，描述中未提及数字技术或AI相关内容。,high,deepseek-v4-pro,1.0.0,b10970785470090033edb46b5c6eaf1b1eb0f92d49ad808c2aff6a33f29b91bf,llm_primary,3399,1082,0,
492,1,系统处理|单据报表制作,岗位核心是仓管，涉及系统处理和报表制作，数字工具为辅助。,high,deepseek-v4-pro,1.0.0,6340de6bbb66592d554dd1a850f7fc463de074aa81af4880da4f623a9ccc7e53,llm_primary,3399,1082,1,
493,1,通过电话、短信、微信等工具在办公室联系客户,岗位核心是车险销售，使用通讯工具仅为辅助客户联系。,high,deepseek-v4-pro,1.0.0,5b0b82baef9f815c13d6777b820720daabcf4a37d660b8afb031c9ddc60daec6,llm_primary,3399,1082,1,
494,0,,岗位为工程主管，描述中未提及数字技术或AI相关内容。,high,deepseek-v4-pro,1.0.0,200c623d54824566bf69981aacd71036a10a3bf0ff63a65a892dd1a9ac59ddb6,llm_primary,3399,1082,0,
495,0,,岗位为市场专员，描述中未提及数字技术或AI相关内容。,high,deepseek-v4-pro,1.0.0,7640b27a018eb41b757ab4fb4c6cab8db454e635d4bc6f1d39cd3f327aa20a7f,llm_primary,3399,1082,0,
497,0,,岗位为保险销售与管理，无AI或数字技术内容。,high,deepseek-v4-pro,1.0.0,819e57e0e71b2ff765ef979985af25c97b4ce5887304f49dbac9dc3045e0db18,llm_primary,2999,966,0,
498,1,设备动力方面的管理工作|设备安全操作技术知识培训,涉及设备管理，但数字技术仅为辅助。,medium,deepseek-v4-pro,1.0.0,f3b7d44eef1b21dea95fb1a50c6edb9bdd38f85edff7d658b180d51b418a6804,llm_primary,2999,966,1,
499,2,负责控制器与伺服驱动器通讯现场总线协议的实现以及调试|精通C语言、CanOpen协议|熟悉Ethercat协议,软件和通信协议是岗位核心。,high,deepseek-v4-pro,1.0.0,46243c039412a5bc16189c5ae9c3b67d8a7b40d9f37c2fcab0acfa0135f18ebf,llm_primary,2999,966,2,
500,0,,综合管理岗位，无AI或数字技术内容。,high,deepseek-v4-pro,1.0.0,10ffa0eb85f08a0dbb9cb826c6b661efd29895f8e6a839702317c660809a526f,llm_primary,2999,966,0,
501,0,,房产销售管理，无AI或数字技术内容。,high,deepseek-v4-pro,1.0.0,963fd710ae32afdcf63a4a2652106a91efa910f7a0a335968e249de38dea9ec7,llm_primary,2999,966,0,
502,2,有源滤波、低压静止无功发生器SVG|电力电子产品的说明书、产品手册的编制,电力电子技术是岗位核心。,high,deepseek-v4-pro,1.0.0,6c5ac250b6432432467614ee90607d6f63eaaf611dbdbef5a147e83d507beecd,llm_primary,2999,966,2,
503,1,熟练使用办公软件,办公软件仅为辅助工具。,high,deepseek-v4-pro,1.0.0,db7e248e15e4ff332c026eee7ea86ecc0e11ef54707c71d0ef82da2539321787,llm_primary,2999,966,1,
504,0,,人伤查勘定损，无AI或数字技术内容。,high,deepseek-v4-pro,1.0.0,0ff181a2abeab42291f4a3c928ec88d32d0cca014e0859af5fc4df0c434090c4,llm_primary,2999,966,0,
505,0,,银行市场营销，无AI或数字技术内容。,high,deepseek-v4-pro,1.0.0,9ef28876566689112fc805a4fa4deeb75e9aef8fc9b187ed3067d609da14018b,llm_primary,2999,966,0,
506,2,"熟练使用机械绘图的3D和2D软件(如CAD,Solidworks)",机械设计软件是岗位核心技能。,high,deepseek-v4-pro,1.0.0,c59356f52024be8d1d515a341d174422edae3cea7ae9bead1a27565c07b9c379,llm_primary,2999,966,2,
507,1,娴熟掌握Excel、Word等office办公软件,办公软件仅为辅助工具。,high,deepseek-v4-pro,1.0.0,441cef2e0cd293b3447d61e5188fb441754bc9986d493b3fd4f161a2aa1b19d1,llm_primary,2999,966,1,1.0
508,1,熟悉EXCEL等办公软件|熟悉用友或金蝶会计电算化软件,会计电算化软件为辅助工具。,high,deepseek-v4-pro,1.0.0,d6bb46514ae6e31184f8a596d074a1a2bd4bd509d07614d1e76f0b5afd9cbe2d,llm_primary,2999,966,1,
509,1,利用公司平台给客户推送福利,使用公司平台进行客户维护，数字工具为辅助。,medium,deepseek-v4-pro,1.0.0,7b660e2d919d54971854147103da13ab3aad441b9efe8198420208a6d0cb47fd,llm_primary,2999,966,1,
510,0,,电焊工，无AI或数字技术内容。,high,deepseek-v4-pro,1.0.0,ec423417891db8bce6c327b807676188dc61894737e2542c9759e3c6a6e9931d,llm_primary,2999,966,0,
511,2,负责空调系统相关软件的设计、开发与优化|精通C/C++或Python等编程语言|熟悉嵌入式系统开发,软件开发是岗位核心。,high,deepseek-v4-pro,1.0.0,f439bbd65085f42717e3190bbe219eadbce310a5461c3c8a29c26e737cec44a6,llm_primary,2999,966,2,
512,2,电控工程师|自动化 机械电子工程 机械工程及自动化 测控技术与仪器等相关专业,电控工程师岗位通常涉及自动化控制系统和嵌入式技术，可能属核心技术,medium,deepseek-v4-pro,1.0.0,e12e388d6820d8d350a4f96a1fae79784828d005cc21a5b67daab775c84f2356,llm_adjudicated,2999,966,1,0.0
513,1,系统录入|录入系统单据|库存分析,岗位涉及使用信息系统进行数据录入和库存分析，但数字工具仅为辅助工作。,high,deepseek-v4-pro,1.0.0,74691284cda104dff926137a84a1a36b9ebb37e72fbf8f3f6de4e81be740a823,llm_primary,2898,1171,1,
514,1,财务经理,岗位要求熟悉财务软件，但数字工具仅为辅助财务管理工作。,high,deepseek-v4-pro,1.0.0,16a20401d2bfee272427706f30035b8aacd9a151348219337cd686efaf97b7d1,llm_primary,2898,1171,1,
515,0,,岗位为酒店方案设计师，描述中未提及任何AI或数字技术内容。,high,deepseek-v4-pro,1.0.0,c3923daf8ac32e0b54a623dd6d295e2a41a312b9bb8d2038dbcc5e48900c0664,llm_primary,2898,1171,0,
516,0,,岗位为档案资料管理员，描述中未提及任何AI或数字技术内容。,high,deepseek-v4-pro,1.0.0,ed2d9ab86cc2517f7a42bc93e1ed5b9209eb91c0c4e9982959823c81b43beb09,llm_primary,2898,1171,0,
517,0,,岗位为氩弧焊技术员，描述中未提及任何AI或数字技术内容。,high,deepseek-v4-pro,1.0.0,e860098736d5e2a7d51f93efb10097ca45ccf0b5985f85120038330758261bde,llm_primary,2898,1171,0,
519,1,月度绩效考核与季度绩效考核结果的汇总与清算|每月薪资及浮薪的预提与清算|年度、月度的人工成本预算与更新,岗位涉及使用办公软件进行数据汇总、清算和预算，数字工具为辅助工作。,high,deepseek-v4-pro,1.0.0,3edf8768069259221c6ca7a3c1bb9f1416577024ac03018654cf3f4164b489ac,llm_primary,2898,1171,1,
520,1,精通word、excel等办公软件,岗位要求精通办公软件，但数字工具仅为辅助行政事务。,high,deepseek-v4-pro,1.0.0,3ff34130ed7698f97cac6dee628eef78ae7e5797075da2264c0bd8c073dc7914,llm_primary,2898,1171,1,1.0
521,0,,岗位为暖通工程专家，描述中未提及任何AI或数字技术内容。,high,deepseek-v4-pro,1.0.0,d492018c3e6491c7cea4e49a80a1d5e54ba6e92b28898ee6a497d73cfb51e83c,llm_primary,2898,1171,0,0.0
522,1,能够对性能评价后形成数据开展一定分析工作,岗位涉及数据分析，但仅为辅助医学检验工作。,medium,deepseek-v4-pro,1.0.0,f707e0b22ff00725c0ab490a73d1101bf06a5f4e85a93cf7ed452f27f632b730,llm_primary,2898,1171,1,1.0
523,1,熟练操作Office等办公软件|能独立完成高质量PPT和呈现,岗位要求熟练使用办公软件，数字工具为辅助培训工作。,high,deepseek-v4-pro,1.0.0,2bf88f8ba3dd834be40397ad6522b1e5d66cb95a0f7671fdb5acbef9f67563ca,llm_primary,2898,1171,1,
524,0,,岗位为人事专员，描述中未提及任何AI或数字技术内容。,high,deepseek-v4-pro,1.0.0,f35fc0fe6663350b965b8212dc837d5c8cdc79f0c48aa85cbd526bce3875d012,llm_primary,2898,1171,0,0.0
525,1,熟练掌握办公软件和数据分析工具|能够对客户数据进行统计和分析,岗位要求使用办公软件和数据分析工具，但仅为辅助客户管理工作。,high,deepseek-v4-pro,1.0.0,6b04518eb2756a8baac7b214c39269721d2e08631f6540f3fa228435f2795837,llm_primary,2898,1171,1,
526,0,,岗位为银行渠道经理，描述中未提及任何AI或数字技术内容。,high,deepseek-v4-pro,1.0.0,c55b6a06f8bb30a6956a3ad56eb9fb559a478eed2c6cb0b6e659910c43a0a62c,llm_primary,2898,1171,0,
527,0,,岗位为房地产转型优才管理，描述中未提及任何AI或数字技术内容。,high,deepseek-v4-pro,1.0.0,022cd44631ca13f5b17f7fa307d0f881494251fbd840c46940ac88ef9fa1c88a,llm_primary,2898,1171,0,
528,0,,岗位为中级电工，描述中未提及任何AI或数字技术内容。,high,deepseek-v4-pro,1.0.0,70451f9d6ea5c09290ab2040f006f51d11c98a57af5d6c5da3a239eae0d524d8,llm_primary,2898,1171,0,
529,2,RTL coding|Verilog HDL|SoC系统级/子系统集成|IP集成|PPA分析和优化,SOC芯片逻辑设计岗位，核心是数字集成电路设计和硬件描述语言，属于信息化/嵌入式技术,high,deepseek-v4-pro,1.0.0,e6be2a09d88e8b0b546b9e8de8ff77a1d07e1f6f99afd5f4ba6fc2489f66ac02,llm_adjudicated,2898,1171,3,2.0
530,0,,物业机电经理岗位，管理设备运维，无数字技术内容,high,deepseek-v4-pro,1.0.0,9f9c43acdfd8958a897d767fc18dfeea64e3533cf12653f184d2a21fcbe6c401,llm_adjudicated,2707,1180,1,0.0
531,0,,岗位为服装零售店长，描述中无任何AI或数字技术相关内容。,high,deepseek-v4-pro,1.0.0,5b665685474abd6b89a759cef529d958fb55a3cc954351ac17539a95ea014e17,llm_primary,2707,1180,0,
532,1,熟练掌握办公软件,要求熟练掌握办公软件，属于数字工具辅助工作，但非岗位核心。,high,deepseek-v4-pro,1.0.0,56a67d01f2e1efad37dbb370fe94d0f320722afcb694afac85a120774abffbfb,llm_primary,2707,1180,1,1.0
533,0,,岗位为销售储备干部，描述仅提及专业要求，无AI或数字技术内容。,high,deepseek-v4-pro,1.0.0,e6550f1e7e6966abe19905e03c77c17da2ed261eb80a681fcbdcce08af778b48,llm_primary,2707,1180,0,
534,0,,岗位为配方科学家，涉及化妆品配方研发，无AI或数字技术内容。,high,deepseek-v4-pro,1.0.0,d16eacb301e747805b3bccb4d2f7814d94d0bbc9e9f740931eb41ea30b656ab1,llm_primary,2707,1180,0,
535,0,,与534相同，岗位为配方科学家，无AI或数字技术内容。,high,deepseek-v4-pro,1.0.0,ade4b7e1943220702d38d01db858fa7fc3f5ce1945379628622d63625521680b,llm_primary,2707,1180,0,0.0
536,2,负责新能源/辅助驾驶领域的新技术研究|分析风险定价|参与搭建新能源相关风控体系与线上化建设工作,岗位涉及新能源和辅助驾驶技术研究、风险定价分析及线上化建设，数据分析和信息系统是核心工作。,medium,deepseek-v4-pro,1.0.0,75798289ef4992845534a64daed8dcae3ea15640d8e618869bc17a34ba47cf13,llm_primary,2707,1180,2,
538,1,负责资本市场和行业的研究分析|对二级市场行情监控和市值变动分析|分析证券市场动态|定期编写证券市场研究报告,岗位涉及市场研究和数据分析，可能使用信息系统或数据处理工具，但核心是金融分析，数字技术为辅助。,medium,deepseek-v4-pro,1.0.0,f9459ace4fce1d2c44582a47065f87658dd299d308cec0e83c3a83ef1912a77b,llm_primary,2707,1180,1,
539,1,熟练电脑操作及Office办公软件,要求熟练使用办公软件，属于数字工具辅助日常事务，但非岗位核心。,high,deepseek-v4-pro,1.0.0,26e6e67521b6d852abd6eb266d275f66f65e3ad961612bce8729d23000689520,llm_primary,2707,1180,1,1.0
540,0,,保险销售及客户服务岗位，无数字技术内容,high,deepseek-v4-pro,1.0.0,b5a7849f12107e74645e4876992620c6e17718d438c78281c2ffcf332aa8fceb,llm_adjudicated,2707,1180,1,0.0
541,1,通过官方服务热线、企业微信添加客户微信|公司配备办公电话和电脑,使用企业微信和电脑等数字工具进行客户服务，但岗位核心是客户关系维护，数字技术为辅助。,high,deepseek-v4-pro,1.0.0,56dbd73d2eb876341faf2d143da574a3a7a62d0c4d426ab9937d44828a1257f1,llm_primary,2707,1180,1,
542,1,ISO90001质量管理体系和ISO140001环境管理体系维护,涉及质量管理体系维护，可能使用信息系统，但核心是质量控制，数字技术为辅助。,medium,deepseek-v4-pro,1.0.0,f2009edb60add2cbb9f62668e33d34db5e52961c32884c6578f65ce29d55edbf,llm_primary,2707,1180,1,
543,2,Java开发|SSM、Spring cloud 、Nacos等主流框架|MySQL、MongoDB等主流数据|Nginx、Redis、Elasticsearch 等技术|软件单元测试与集成测试,岗位是高级Java开发，软件开发和数据处理是核心工作，涉及多种数字技术。,high,deepseek-v4-pro,1.0.0,4c5b6b193c7c80914872aff83a972b81e9648c21cbc5ac5a4d968489a099c4b4,llm_primary,2707,1180,2,
544,0,,岗位为市场销售助理，要求英语口语，无AI或数字技术内容。,high,deepseek-v4-pro,1.0.0,db6f62f2e12b3191548655ac47079b2096da33cd27f47003a87c288a68b8fee8,llm_primary,2707,1180,0,
545,0,,与544相同，岗位为市场销售助理，无AI或数字技术内容。,high,deepseek-v4-pro,1.0.0,db6f62f2e12b3191548655ac47079b2096da33cd27f47003a87c288a68b8fee8,llm_primary,2707,1180,0,
546,1,熟练使用office办公软件,要求熟练使用办公软件，属于数字工具辅助工作，但岗位核心是保洁管理。,high,deepseek-v4-pro,1.0.0,33d6f94ea08d88c1b3c311f3068b39fd965377a738b5b72ae8af681fde9b9157,llm_primary,2707,1180,1,1.0
547,0,,岗位描述未提及任何AI或数字技术内容，仅涉及市场规划与开拓。,high,deepseek-v4-pro,1.0.0,400339b53ceee612be7b2d155f037733668e724714eae3c705e96525d74d33ab,llm_primary,3048,1022,0,
548,1,掌握计算机及office操作系统,要求掌握计算机及office操作系统，属于数字工具辅助工作。,high,deepseek-v4-pro,1.0.0,e671e113d7dd5a7ce8614a012be382803c7142ef293a223a7d71a44dc48f32c6,llm_primary,3048,1022,1,
549,2,维护和优化现有信息系统|参与新项目的需求分析、设计、编码、测试等工作|熟悉Android、HTML5、CSS3等相关技术|熟悉Android系统的开发框架|熟悉Oracle、SQL Server等数据库,岗位核心是信息系统开发与维护，涉及软件、编码和数据库技术。,high,deepseek-v4-pro,1.0.0,105a8e465d07e0b1bdadf15364fccf17013de66ec9d84520761418e3c35a1e65,llm_primary,3048,1022,2,
551,1,会使用天准二次元检测仪、Miutoyo镭射测量仪等测量设备,使用数字测量设备，但仅为辅助工作，核心是机械加工。,high,deepseek-v4-pro,1.0.0,b4c59061db2d20a63df5e2b0643c6f2585d7d7b69a7b04158e3312eab0501434,llm_primary,3048,1022,1,
553,0,,岗位描述为线材押出操作，无AI或数字技术内容。,high,deepseek-v4-pro,1.0.0,a7e449fcfd32aa1b696a202c154e5e36755bd7df83dc05a239af6639deb9cabc,llm_primary,3048,1022,0,0.0
554,0,,私人银行客户经理岗位，未提及AI或数字技术，仅涉及金融业务。,high,deepseek-v4-pro,1.0.0,a3817f7d02e49627340195a67395a4ff409ab0ac356367ff4614cd133e870569,llm_primary,3048,1022,0,
557,2,熟悉ERP\PLM等财务软件,岗位核心涉及ERP系统实施、软件标准化和成本管理系统，属于信息化技术核心。,high,deepseek-v4-pro,1.0.0,4b6e8ac3703731a8747acfaf93780933e0287c354923b29a3f313bee5cdab6d4,llm_primary,3048,1022,2,
558,0,,商务司机岗位，无AI或数字技术内容。,high,deepseek-v4-pro,1.0.0,95468f25687d0171b63c3cc83c156c412ffc9385ac45b3df7744acc3c70a0d7b,llm_primary,3048,1022,0,
559,1,熟练使用相关办公软件,要求熟练使用办公软件，属于数字工具辅助工作。,high,deepseek-v4-pro,1.0.0,862edac939d0d35daf7ed5cd0cfd3c2d8cdb630d56b720c17c0fa8bbaf13471a,llm_primary,3048,1022,1,
560,1,熟练操作计算机办公软件,要求熟练操作计算机办公软件，属于数字工具辅助工作。,high,deepseek-v4-pro,1.0.0,cc7471a861788588d0407b3a1b18b3bafd912de42ac2f18a73b8c36ba8b3308a,llm_primary,3048,1022,1,
561,0,,下游工艺开发岗位，涉及生物化学实验，未提及AI或数字技术。,high,deepseek-v4-pro,1.0.0,fe03f3528e6641a6e3e6efd3c146a1f34b6fc88587b988f2ee7cb1c715da2bd2,llm_primary,3048,1022,0,0.0
562,0,,团体渠道客户经理，保险业务拓展，无AI或数字技术内容。,high,deepseek-v4-pro,1.0.0,420cdb6896ba6be7fbaa993646e79a0c382eb83c3783b554e459c0966b8b376c,llm_primary,3048,1022,0,
563,0,,产品经理岗位，餐饮渠道管理，未提及AI或数字技术。,high,deepseek-v4-pro,1.0.0,cd7bf39cdc8d43eadde6329fcb72ca2b9978cd4d2b18b419dc8461510c6086be,llm_primary,3048,1022,0,
564,0,,管培生岗位，营销支持，未提及AI或数字技术。,high,deepseek-v4-pro,1.0.0,8c20c30742d9e55bef5118cbdc5090ca7d4ced6bc384be80a5a9c3ad6bbb5874,llm_primary,3048,1022,0,
565,0,,开发采购经理，涉及采购和供应链，未提及AI或数字技术。,high,deepseek-v4-pro,1.0.0,87ae974e6f2938de8629f3ab02e930b4d6e80a641aaafd6d266490089b4c6d22,llm_primary,3048,1022,0,
566,0,,保洁岗位，无AI或数字技术内容。,high,deepseek-v4-pro,1.0.0,29565ff034da4aa2a2ac8ddd254b456d16a69bbf8828741ce13fe835d2287266,llm_primary,3048,1022,0,
567,0,,岗位描述涉及传统人力资源管理，无AI或数字技术内容。,high,deepseek-v4-pro,1.0.0,27ee9b50d1e2a1544970fc8846718d0b6586bc0e537d1e2c7c3b1a2d816365b1,llm_primary,3225,961,0,
568,0,,岗位描述为常规人事工作，未提及数字技术或AI。,high,deepseek-v4-pro,1.0.0,75db3d9f41595badc7fd2ad2b6169ef81597c4ec51fb983a79fcafa86e799c2e,llm_primary,3225,961,0,
569,0,,产品策划经理岗位，涉及市场分析和产品策略，但无数字技术或AI内容。,high,deepseek-v4-pro,1.0.0,fd67f8d984f8c673cd325fd22a313ccaadbe27d38b53d71a9e5d08174bea11fb,llm_primary,3225,961,0,
570,0,,物业工程主管，负责机电设备管理，无数字技术或AI。,high,deepseek-v4-pro,1.0.0,b9a9cc9944ffc4818351f5bc2120ef0e1fb222e58467e948290850d4f1a76e78,llm_primary,3225,961,0,
571,2,嵌入式开发|单片机|数字电路|模拟电路|PCB设计,岗位核心是电子硬件开发，涉及嵌入式系统和电路设计，属于信息化和自动化技术。,high,deepseek-v4-pro,1.0.0,360c689524d9bea779629d8cc24dd68572ddd60d5ee910124cd617cb191c005b,llm_primary,3225,961,2,
572,3,计算机视觉|Machine Learning|Pattern Recognition|CNN|深度学习,岗位明确涉及计算机视觉和深度学习算法研发，属于AI核心领域。,high,deepseek-v4-pro,1.0.0,f714d6f54df737823ce6996ddca9f79d2ecb38f6f0982ddfb6335dc1dd4c5d57,llm_primary,3225,961,3,
573,1,会计电算化,岗位提及会计电算化，属于数字工具辅助财务工作。,high,deepseek-v4-pro,1.0.0,6c35f577f0cb1c21b7b9dac12b9346c8289b0e43d637ff7c2c0586e8ad7f9212,llm_primary,3225,961,1,1.0
574,1,数据管理|台账|网上资料、数据等具体工作办理,岗位涉及环境安全数据管理和台账处理，数字工具为辅助。,medium,deepseek-v4-pro,1.0.0,8c24ed3ba4263e7d0dc5b642ff478685c436b9388159886e4cf8d4bcf2da9826,llm_primary,3225,961,1,
575,0,,成本核算岗位，传统财务工作，未提及数字技术。,high,deepseek-v4-pro,1.0.0,6d2c5d167cf46501acc0e09ed8a5b7f1de65564887fa2bf1823a7a2b7d583051,llm_primary,3225,961,0,
576,0,,行政前台，要求熟练操作办公软件，但仅为辅助，无实质数字技术内容。,high,deepseek-v4-pro,1.0.0,1f00ed3b7c0c7ceb4694969f4c81c51eb4ca54ea50b6c3d2834b41c6ab39e006,llm_primary,3225,961,0,
577,0,,人事实习生，协助招聘，无数字技术或AI。,high,deepseek-v4-pro,1.0.0,034f93a8ccf4af24c71316447c2270edc80c4a1d88d00087c54f3651d2fe8eb3,llm_primary,3225,961,0,0.0
578,0,,材料研发工程师，涉及材料科学，但未提及数字技术或AI。,high,deepseek-v4-pro,1.0.0,3ec4112a7b9065073f339a183d904a31a1f2a83ed4370456213c9e5ed12ae97b,llm_primary,3225,961,0,
579,0,,金融销售顾问，销售理财产品，无数字技术或AI。,high,deepseek-v4-pro,1.0.0,5e2f9c411d2d290eb5e0f51a16b8a008ff4300d2e84a5bdef7725de362811e26,llm_primary,3225,961,0,
580,0,,行政助理，常规行政人事工作，无数字技术。,high,deepseek-v4-pro,1.0.0,0c8d4523694f912a5fa3c1a4f9e5885d4d9b975c24f7a447c33d3f0c0a28d1ef,llm_primary,3225,961,0,0.0
581,0,,研发工程师，涉及化学和材料，但未提及数字技术或AI。,high,deepseek-v4-pro,1.0.0,2ca00d394e712cb379f0c587020bc69093ec709bff99e7d28189eebfcad69f5a,llm_primary,3225,961,0,0.0
582,1,CAD制图,岗位要求CAD制图，属于数字工具辅助工作。,high,deepseek-v4-pro,1.0.0,e4e0c56f224a1dc3cd11b5f1221ff4fe6aedcee86f989e149a662585c38871e4,llm_primary,3225,961,1,
583,1,通过电话、短信、微信等工具在办公室联系客户,使用数字通信工具辅助销售，但核心是销售技能，非技术岗位。,high,deepseek-v4-pro,1.0.0,bfe7a7dc87c7fe07798301b5d602a183a5ce96d6f233fa6fe30f556318608388,llm_primary,3131,1020,1,
584,0,,岗位为游戏美术设计，不涉及AI或数字技术内容。,high,deepseek-v4-pro,1.0.0,99443dcc5294b0445e54193e542d1afc1e3a004ae3ebc2e98a40654b32242776,llm_primary,3131,1020,0,
585,1,熟练使用office办公软件|ERP系统建立档案,使用办公软件和ERP系统进行数据处理，但仅为辅助工作。,high,deepseek-v4-pro,1.0.0,d34b1e67eef4881ac0ef82f6fdd62540eb4ef773591a2ccb5f913b91130c44f6,llm_primary,3131,1020,1,1.0
586,2,具有程序编写的经验|熟悉Windows和Linux系统,岗位核心要求编程和系统技术，属于软件技术核心。,high,deepseek-v4-pro,1.0.0,b3e040aaabdcbd56ef85ad7427c13c606e4aa0b104353d0eccc07622e5e75551,llm_primary,3131,1020,2,
587,0,,商务经营岗位，无AI或数字技术内容。,high,deepseek-v4-pro,1.0.0,17580b9928db4058116600c9208a495fa45663510b41995513a450fe7b45bbd0,llm_primary,3131,1020,0,
588,0,,机械产品检验，不涉及数字技术。,high,deepseek-v4-pro,1.0.0,c44a4b6a0c43478a5ecd8da61b0fb638b3dcfba8cfd7367243da0092ac589085,llm_primary,3131,1020,0,0.0
589,3,数据分析及建模|对海量数据进行分析|开发并持续完善各项业务数据的统计分析模型,明确涉及数据分析、建模和编程，属于高级算法和AI相关技能。,high,deepseek-v4-pro,1.0.0,066d4040138cf9866156378bfe7c8faee62882889e1df15808b0deba252de8b7,llm_primary,3131,1020,3,
590,1,人才发展专员,使用数字工具进行宣传，但仅为辅助。,medium,deepseek-v4-pro,1.0.0,9ee757b853e8fa20b617a987f580522e058d36bb2efb9148ba770baaab923678,llm_primary,3131,1020,1,
591,0,,车险理赔查勘，无AI或数字技术内容。,high,deepseek-v4-pro,1.0.0,8881898f8a43226b6ccba329fdde036ca73f32b29913d8b903be2b8ca6c12ccb,llm_primary,3131,1020,0,
592,0,,销售管理岗位，无AI或数字技术内容。,high,deepseek-v4-pro,1.0.0,032040ac96e33392fabfd708ddd6faec56de3d189507a01e1ccdaac4a6f3e802,llm_primary,3131,1020,0,
593,2,"能熟练操作InPlan, genesis,CAD等软件",岗位核心是使用专业软件进行工程设计和数据处理。,high,deepseek-v4-pro,1.0.0,fcad8e261232a407c1b2157650b853b87cc6bf6d0eeece3faf8ad4feec435037,llm_primary,3131,1020,2,
594,2,从事电源行业PCBlayout工作|了解布板需要的EMC、安规方面的要求,PCB layout是电子设计自动化的核心，属于技术岗位。,high,deepseek-v4-pro,1.0.0,c8b5e99121e2ecba13a7a48da8c1597a68ec10453e29213f67ba0399ceb029b8,llm_primary,3131,1020,2,
595,1,熟练掌握使用office办公软件,使用办公软件辅助商务工作。,high,deepseek-v4-pro,1.0.0,1650901e7a0f044fc65091c442175c67380092af6ca514c4548b1edc22e5c65f,llm_primary,3131,1020,1,
596,0,,车险销售，无AI或数字技术内容。,high,deepseek-v4-pro,1.0.0,085a04902780d615106a3e833bd0e1c85575f039ea1819ad96fdca2b07950e80,llm_primary,3131,1020,0,
597,0,,保险销售和客户服务，无AI或数字技术内容。,high,deepseek-v4-pro,1.0.0,57205445caa9509174d7ab732fbeb9e79a6e69145137a2c949b73bd857bf4d78,llm_primary,3131,1020,0,
598,0,,证券事务和法务，无AI或数字技术内容。,high,deepseek-v4-pro,1.0.0,d0bf4dedc08b16c00bd7b532b07b970dc775c6d99f06665835c9822d7e0b3027,llm_primary,3131,1020,0,0.0
599,1,熟练使用Office办公软件|销售数据统计,岗位涉及使用Office软件进行数据统计，数字工具为辅助工作。,high,deepseek-v4-pro,1.0.0,a2a6841bf2719560dc474c1c15bb793c16b73d54e0df44913591752c415e0474,llm_primary,2760,818,1,
600,0,,销售经理岗位，无AI或数字技术内容。,high,deepseek-v4-pro,1.0.0,6595bcc5fabeb183f8c23e9ad1de323cc621997a762cda6dd83377d4017fd0d9,llm_primary,2760,818,0,
601,0,,银行柜员岗位，无AI或数字技术内容。,high,deepseek-v4-pro,1.0.0,cf54f82b78fda3c67d14b858ef8e62028213b5a0f1570f5e2f5d111a18dd7bd4,llm_primary,2760,818,0,0.0
602,2,Altium Designer|Multisim|CAD|matlab|模拟电子技术,硬件工程师岗位，核心工作涉及电子硬件开发、设计软件和数字电子技术。,high,deepseek-v4-pro,1.0.0,275fdbb26132e20e2e34f17e4e8f894fd85b32c270df3ce26598580065f7100b,llm_primary,2760,818,2,2.0
603,0,,OEM销售岗位，无AI或数字技术内容。,high,deepseek-v4-pro,1.0.0,d9006133093967ec7d0ae2a60c166fbdb12f5f4fecbdc04c726177da3cb857dc,llm_primary,2760,818,0,
604,2,python|薪酬线上化、自动化、可视化管理|数据分析,薪酬管理岗要求使用Python进行数据分析，并推动薪酬管理自动化，软件和数据处理是核心。,high,deepseek-v4-pro,1.0.0,f1eeedc56c7e67ff5ada05b3ef04b5c68088dad69471f0c3b4f1f0ccb9b545b0,llm_primary,2760,818,2,
605,0,,企划经理岗位，无AI或数字技术内容。,high,deepseek-v4-pro,1.0.0,d7ce30e62c9af9cbce426d02018d349912a6f32cef1782d744fe0ccdb9ee33b2,llm_primary,2760,818,0,
606,1,PLM进度,涉及使用PLM系统进行产品管理，数字工具辅助工作,medium,deepseek-v4-pro,1.0.0,3e802723eeebf02d62f7378c5be5c73aff19981db33726f737ad20f31af66da5,llm_adjudicated,2760,818,0,1.0
608,1,数据整理|完成实验报告,研发专员涉及数据整理和实验报告，数据处理为辅助工作。,medium,deepseek-v4-pro,1.0.0,831f399f56aa9f53616b88d26787eaa01d9b86db67a0d9f1f4aa23a447388df5,llm_primary,2760,818,1,
609,2,单片机嵌入式软件设计|C语言编程|软件系统方案设计|代码实现,下位机软件工程师岗位，核心是嵌入式软件开发，涉及编程和系统设计。,high,deepseek-v4-pro,1.0.0,2d0b94e97223159a4d0f05ffac12a9a804f2b37fc3ad4ec08d00e0fe3356d8af,llm_primary,2760,818,2,
610,0,,党工团干事岗位，无AI或数字技术内容。,high,deepseek-v4-pro,1.0.0,7db9c8d73c0af36609df421d34419df812b387a8e1ca666d593729c5c90aff32,llm_primary,2760,818,0,
611,1,测试数据能进行统计、整理|使用各种测试设备,硬件测试实习生涉及测试数据统计和设备使用，数字工具为辅助。,medium,deepseek-v4-pro,1.0.0,b061d552e057bf319cd06ed29bcca459e94f7d8eb15205194216cd3083508460,llm_primary,2760,818,1,
612,1,数据分析|收集操作记录、过程指标,研发技术员涉及数据分析和收集，数据处理为辅助工作。,medium,deepseek-v4-pro,1.0.0,f1f7741053ca7ef3d991c0666aa455fc57d7829c48e0211e5e71097144a2d9db,llm_primary,2760,818,1,
