canonical_id,ad_company,stock_code,stock_name,listed_company,industry,match_status,match_method,match_confidence,match_note,unmatched_reason
1,中国平安人寿保险股份有限公司广东分公司,601318.SH,中国平安,中国平安保险(集团)股份有限公司,金融、保险业,matched,reviewed_parent_rule,high,平安寿险/财险归并至中国平安集团,
2,上海璞泰来新能源科技股份有限公司,603659.SH,璞泰来,上海璞泰来新能源科技集团股份有限公司,制造业,matched,unique_short_name,medium,唯一证券简称包含匹配，已保留方法供复核,
3,嘉亨家化股份有限公司,300955.SZ,嘉亨家化,嘉亨家化股份有限公司,制造业,matched,exact_normalized,high,标准化公司全称精确匹配,
4,中国平安人寿保险股份有限公司成都市金堂支公司淮口营销服务部,601318.SH,中国平安,中国平安保险(集团)股份有限公司,金融、保险业,matched,reviewed_parent_rule,high,平安寿险/财险归并至中国平安集团,
5,成都天箭科技股份有限公司,002977.SZ,*ST天箭,成都天箭科技股份有限公司,制造业,matched,exact_normalized,high,标准化公司全称精确匹配,
6,北京耐威科技股份有限公司,,,,,unmatched,unmatched,low,,无可靠的精确、母公司规则或唯一简称匹配
7,上海万科物业服务有限公司,000002.SZ,万科A,万科企业股份有限公司,,matched,reviewed_parent_rule,high,各地万科物业归并至万科企业,
8,光大证券股份有限公司,601788.SH,光大证券,光大证券股份有限公司,金融、保险业,matched,exact_normalized,high,标准化公司全称精确匹配,
9,广西天山电子股份有限公司,301379.SZ,天山电子,广西天山电子股份有限公司,制造业,matched,exact_normalized,high,标准化公司全称精确匹配,
10,苏州道森钻采设备股份有限公司,,,,,unmatched,unmatched,low,,无可靠的精确、母公司规则或唯一简称匹配
11,贵州燃气集团股份有限公司,600903.SH,贵州燃气,贵州燃气集团股份有限公司,电力、热力、燃气及水生产和供应业,matched,exact_normalized,high,标准化公司全称精确匹配,
12,中国平安财产保险股份有限公司广东分公司,601318.SH,中国平安,中国平安保险(集团)股份有限公司,金融、保险业,matched,reviewed_parent_rule,high,平安寿险/财险归并至中国平安集团,
13,江苏远航精密合金科技股份有限公司,920914.BJ,远航精密,江苏远航精密合金科技股份有限公司,制造业,matched,exact_normalized,high,标准化公司全称精确匹配,
14,江苏常青树新材料科技股份有限公司,603125.SH,常青科技,江苏常青树新材料科技股份有限公司,制造业,matched,exact_normalized,high,标准化公司全称精确匹配,
15,中国平安人寿保险股份有限公司湖南分公司,601318.SH,中国平安,中国平安保险(集团)股份有限公司,金融、保险业,matched,reviewed_parent_rule,high,平安寿险/财险归并至中国平安集团,
16,中国平安财产保险股份有限公司中山中心支公司,601318.SH,中国平安,中国平安保险(集团)股份有限公司,金融、保险业,matched,reviewed_parent_rule,high,平安寿险/财险归并至中国平安集团,
17,江苏晟楠电子科技股份有限公司,920006.BJ,晟楠科技,江苏晟楠电子科技股份有限公司,制造业,matched,exact_normalized,high,标准化公司全称精确匹配,
18,广东豪美新材股份有限公司,002988.SZ,豪美新材,广东豪美新材股份有限公司,制造业,matched,exact_normalized,high,标准化公司全称精确匹配,
20,江苏龙蟠科技股份有限公司,603906.SH,龙蟠科技,江苏龙蟠科技集团股份有限公司,制造业,matched,unique_short_name,medium,唯一证券简称包含匹配，已保留方法供复核,
21,烟台睿创微纳技术股份有限公司,688002.SH,睿创微纳,烟台睿创微纳技术股份有限公司,制造业,matched,exact_normalized,high,标准化公司全称精确匹配,
22,广东温氏食品集团股份有限公司,,,,,unmatched,unmatched,low,,无可靠的精确、母公司规则或唯一简称匹配
23,成都秦川物联网科技股份有限公司,688528.SH,秦川物联,成都秦川物联网科技股份有限公司,制造业,matched,exact_normalized,high,标准化公司全称精确匹配,
24,广东驱动力生物科技股份有限公司,920275.BJ,驱动力,广东驱动力生物科技集团股份有限公司,制造业,matched,unique_short_name,medium,唯一证券简称包含匹配，已保留方法供复核,
25,深圳市南极光电子科技股份有限公司,300940.SZ,南极光,深圳市南极光电子科技股份有限公司,制造业,matched,exact_normalized,high,标准化公司全称精确匹配,
26,珠海安联锐视科技股份有限公司,301042.SZ,安联锐视,珠海安联锐视科技股份有限公司,制造业,matched,exact_normalized,high,标准化公司全称精确匹配,
27,江阴江化微电子材料股份有限公司,603078.SH,江化微,江阴江化微电子材料股份有限公司,制造业,matched,exact_normalized,high,标准化公司全称精确匹配,
29,浙江泰福泵业股份有限公司,300992.SZ,泰福泵业,浙江泰福泵业股份有限公司,制造业,matched,exact_normalized,high,标准化公司全称精确匹配,
30,成都万科物业服务有限公司,000002.SZ,万科A,万科企业股份有限公司,,matched,reviewed_parent_rule,high,各地万科物业归并至万科企业,
31,上海中洲特种合金材料股份有限公司,300963.SZ,中洲特材,上海中洲特种合金材料股份有限公司,制造业,matched,exact_normalized,high,标准化公司全称精确匹配,
32,成都极米科技股份有限公司,688696.SH,极米科技,极米科技股份有限公司,制造业,matched,unique_short_name,medium,唯一证券简称包含匹配，已保留方法供复核,
33,陕西康惠制药股份有限公司,603139.SH,康惠股份,陕西康惠制药股份有限公司,制造业,matched,exact_normalized,high,标准化公司全称精确匹配,
34,无锡新宏泰电器科技股份有限公司,603016.SH,新宏泰,无锡新宏泰电器科技股份有限公司,制造业,matched,exact_normalized,high,标准化公司全称精确匹配,
35,佛山市万科物业服务有限公司,000002.SZ,万科A,万科企业股份有限公司,,matched,reviewed_parent_rule,high,各地万科物业归并至万科企业,
36,中国平安财产保险股份有限公司青岛分公司,601318.SH,中国平安,中国平安保险(集团)股份有限公司,金融、保险业,matched,reviewed_parent_rule,high,平安寿险/财险归并至中国平安集团,
37,常茂生物化学工程股份有限公司,,,,,unmatched,unmatched,low,,无可靠的精确、母公司规则或唯一简称匹配
38,杭州屹通新材料股份有限公司,300930.SZ,屹通新材,杭州屹通新材料股份有限公司,制造业,matched,exact_normalized,high,标准化公司全称精确匹配,
39,包头市英思特稀磁新材料股份有限公司,301622.SZ,英思特,包头市英思特稀磁新材料股份有限公司,制造业,matched,exact_normalized,high,标准化公司全称精确匹配,
40,农心作物科技股份有限公司,001231.SZ,农心科技,农心作物科技股份有限公司,制造业,matched,exact_normalized,high,标准化公司全称精确匹配,
41,奇精机械股份有限公司,603677.SH,奇精机械,奇精机械股份有限公司,制造业,matched,exact_normalized,high,标准化公司全称精确匹配,
42,江苏亚邦染料股份有限公司,603188.SH,亚邦股份,江苏亚邦染料股份有限公司,制造业,matched,exact_normalized,high,标准化公司全称精确匹配,
43,江苏亚邦染料股份有限公司,603188.SH,亚邦股份,江苏亚邦染料股份有限公司,制造业,matched,exact_normalized,high,标准化公司全称精确匹配,
44,中国平安人寿保险股份有限公司浙江分公司下沙营销服务部,601318.SH,中国平安,中国平安保险(集团)股份有限公司,金融、保险业,matched,reviewed_parent_rule,high,平安寿险/财险归并至中国平安集团,
45,税友软件集团股份有限公司,603171.SH,税友股份,税友软件集团股份有限公司,信息传输、软件和信息技术服务业,matched,exact_normalized,high,标准化公司全称精确匹配,
46,宁波星源卓镁技术股份有限公司,301398.SZ,星源卓镁,宁波星源卓镁技术股份有限公司,制造业,matched,exact_normalized,high,标准化公司全称精确匹配,
47,四川久远银海软件股份有限公司,002777.SZ,久远银海,四川久远银海软件股份有限公司,信息传输、软件和信息技术服务业,matched,exact_normalized,high,标准化公司全称精确匹配,
48,深圳市爱迪尔珠宝股份有限公司,,,,,unmatched,unmatched,low,,无可靠的精确、母公司规则或唯一简称匹配
49,明新旭腾新材料股份有限公司,605068.SH,明新旭腾,明新旭腾新材料股份有限公司,制造业,matched,exact_normalized,high,标准化公司全称精确匹配,
51,深圳市鸿富瀚科技股份有限公司,301086.SZ,鸿富瀚,深圳市鸿富瀚科技股份有限公司,制造业,matched,exact_normalized,high,标准化公司全称精确匹配,
52,宁波力勤资源科技股份有限公司,,,,,unmatched,unmatched,low,,无可靠的精确、母公司规则或唯一简称匹配
54,飞鱼科技国际有限公司,,,,,unmatched,unmatched,low,,无可靠的精确、母公司规则或唯一简称匹配
55,烟台艾迪精密机械股份有限公司,603638.SH,艾迪精密,烟台艾迪精密机械股份有限公司,制造业,matched,exact_normalized,high,标准化公司全称精确匹配,
56,中国平安财产保险股份有限公司上海分公司,601318.SH,中国平安,中国平安保险(集团)股份有限公司,金融、保险业,matched,reviewed_parent_rule,high,平安寿险/财险归并至中国平安集团,
57,上海洗霸科技股份有限公司,603200.SH,上海洗霸,上海洗霸科技股份有限公司,水利、环境和公共设施管理业,matched,exact_normalized,high,标准化公司全称精确匹配,
58,岭南园林股份有限公司,605303.SH,园林股份,杭州市园林绿化股份有限公司,建筑业,matched,unique_short_name,medium,唯一证券简称包含匹配，已保留方法供复核,
59,凯龙高科技股份有限公司,300912.SZ,凯龙高科,凯龙高科技股份有限公司,水利、环境和公共设施管理业,matched,exact_normalized,high,标准化公司全称精确匹配,
60,中国平安人寿保险股份有限公司成都市金堂支公司淮口营销服务部,601318.SH,中国平安,中国平安保险(集团)股份有限公司,金融、保险业,matched,reviewed_parent_rule,high,平安寿险/财险归并至中国平安集团,
61,中国平安人寿保险股份有限公司北京分公司,601318.SH,中国平安,中国平安保险(集团)股份有限公司,金融、保险业,matched,reviewed_parent_rule,high,平安寿险/财险归并至中国平安集团,
62,深圳市建艺装饰集团股份有限公司,002789.SZ,*ST建艺,深圳市建艺装饰集团股份有限公司,建筑业,matched,exact_normalized,high,标准化公司全称精确匹配,
63,浙江奥翔药业股份有限公司,603229.SH,奥翔药业,浙江奥翔药业股份有限公司,制造业,matched,exact_normalized,high,标准化公司全称精确匹配,
64,中奥到家集团有限公司,,,,,unmatched,unmatched,low,,无可靠的精确、母公司规则或唯一简称匹配
65,中国平安财产保险股份有限公司肇庆中心支公司,601318.SH,中国平安,中国平安保险(集团)股份有限公司,金融、保险业,matched,reviewed_parent_rule,high,平安寿险/财险归并至中国平安集团,
66,祥鑫科技股份有限公司,002965.SZ,祥鑫科技,祥鑫科技股份有限公司,制造业,matched,exact_normalized,high,标准化公司全称精确匹配,
67,宁波色母粒股份有限公司,301019.SZ,宁波色母,宁波色母粒股份有限公司,制造业,matched,exact_normalized,high,标准化公司全称精确匹配,
68,上海微创心脉医疗科技股份有限公司,688016.SH,心脉医疗,上海微创心脉医疗科技(集团)股份有限公司,制造业,matched,unique_short_name,medium,唯一证券简称包含匹配，已保留方法供复核,
69,山东凯盛新材料股份有限公司,301069.SZ,凯盛新材,山东凯盛新材料股份有限公司,制造业,matched,exact_normalized,high,标准化公司全称精确匹配,
70,中国平安财产保险股份有限公司陕西分公司,601318.SH,中国平安,中国平安保险(集团)股份有限公司,金融、保险业,matched,reviewed_parent_rule,high,平安寿险/财险归并至中国平安集团,
71,中国平安人寿保险股份有限公司广州市荔湾支公司,601318.SH,中国平安,中国平安保险(集团)股份有限公司,金融、保险业,matched,reviewed_parent_rule,high,平安寿险/财险归并至中国平安集团,
72,天津国安盟固利新材料科技股份有限公司,301487.SZ,盟固利,天津国安盟固利新材料科技股份有限公司,制造业,matched,exact_normalized,high,标准化公司全称精确匹配,
73,天合光能股份有限公司,688599.SH,天合光能,天合光能股份有限公司,制造业,matched,exact_normalized,high,标准化公司全称精确匹配,
74,北京宇信科技集团股份有限公司,300674.SZ,宇信科技,北京宇信科技集团股份有限公司,信息传输、软件和信息技术服务业,matched,exact_normalized,high,标准化公司全称精确匹配,
75,杭州集智机电股份有限公司,300553.SZ,集智股份,杭州集智机电股份有限公司,制造业,matched,exact_normalized,high,标准化公司全称精确匹配,
76,北京万科物业服务有限公司,000002.SZ,万科A,万科企业股份有限公司,,matched,reviewed_parent_rule,high,各地万科物业归并至万科企业,
77,中国平安财产保险股份有限公司铜陵中心支公司,601318.SH,中国平安,中国平安保险(集团)股份有限公司,金融、保险业,matched,reviewed_parent_rule,high,平安寿险/财险归并至中国平安集团,
78,中国平安人寿保险股份有限公司广东分公司财富营销服务部,601318.SH,中国平安,中国平安保险(集团)股份有限公司,金融、保险业,matched,reviewed_parent_rule,high,平安寿险/财险归并至中国平安集团,
79,中国平安人寿保险股份有限公司深圳分公司,601318.SH,中国平安,中国平安保险(集团)股份有限公司,金融、保险业,matched,reviewed_parent_rule,high,平安寿险/财险归并至中国平安集团,
80,上海澳华内镜股份有限公司,688212.SH,澳华内镜,上海澳华内镜股份有限公司,制造业,matched,exact_normalized,high,标准化公司全称精确匹配,
81,江苏苏南万科物业服务有限公司,000002.SZ,万科A,万科企业股份有限公司,,matched,reviewed_parent_rule,high,各地万科物业归并至万科企业,
83,浙江夜光明光电科技股份有限公司,920527.BJ,夜光明,浙江夜光明光电科技股份有限公司,制造业,matched,exact_normalized,high,标准化公司全称精确匹配,
84,杭州壹网壹创科技股份有限公司,300792.SZ,壹网壹创,杭州壹网壹创科技股份有限公司,信息传输、软件和信息技术服务业,matched,exact_normalized,high,标准化公司全称精确匹配,
85,聚胶新材料股份有限公司,301283.SZ,聚胶股份,聚胶新材料股份有限公司,制造业,matched,exact_normalized,high,标准化公司全称精确匹配,
86,杭州万科物业服务有限公司,000002.SZ,万科A,万科企业股份有限公司,,matched,reviewed_parent_rule,high,各地万科物业归并至万科企业,
87,武汉市万科物业服务有限公司,000002.SZ,万科A,万科企业股份有限公司,,matched,reviewed_parent_rule,high,各地万科物业归并至万科企业,
88,中材节能股份有限公司,603126.SH,中材节能,中材节能股份有限公司,科学研究和技术服务业,matched,exact_normalized,high,标准化公司全称精确匹配,
89,广东金莱特电器股份有限公司,,,,,unmatched,unmatched,low,,无可靠的精确、母公司规则或唯一简称匹配
90,深圳市倍轻松科技股份有限公司,688793.SH,倍轻松,深圳市倍轻松科技股份有限公司,制造业,matched,exact_normalized,high,标准化公司全称精确匹配,
91,陕西科隆新材料科技股份有限公司,920098.BJ,科隆新材,陕西科隆新材料科技股份有限公司,制造业,matched,exact_normalized,high,标准化公司全称精确匹配,
92,招商银行股份有限公司咸阳分行,600036.SH,招商银行,招商银行股份有限公司,金融、保险业,matched,reviewed_parent_rule,high,招商银行地方分行归并至总行,
93,中国平安人寿保险股份有限公司天津分公司,601318.SH,中国平安,中国平安保险(集团)股份有限公司,金融、保险业,matched,reviewed_parent_rule,high,平安寿险/财险归并至中国平安集团,
94,梦金园黄金珠宝集团股份有限公司,,,,,unmatched,unmatched,low,,无可靠的精确、母公司规则或唯一简称匹配
95,宁波创源文化发展股份有限公司,300703.SZ,创源股份,宁波创源文化发展股份有限公司,制造业,matched,exact_normalized,high,标准化公司全称精确匹配,
96,招商银行股份有限公司十堰分行,600036.SH,招商银行,招商银行股份有限公司,金融、保险业,matched,reviewed_parent_rule,high,招商银行地方分行归并至总行,
97,宁波天龙电子股份有限公司,603266.SH,天龙股份,宁波天龙电子股份有限公司,制造业,matched,exact_normalized,high,标准化公司全称精确匹配,
98,杰华特微电子股份有限公司,688141.SH,杰华特,杰华特微电子股份有限公司,制造业,matched,exact_normalized,high,标准化公司全称精确匹配,
99,山石网科通信技术股份有限公司,688030.SH,山石网科,山石网科通信技术股份有限公司,信息传输、软件和信息技术服务业,matched,exact_normalized,high,标准化公司全称精确匹配,
100,浙江捷昌线性驱动科技股份有限公司,603583.SH,捷昌驱动,浙江捷昌线性驱动科技股份有限公司,制造业,matched,exact_normalized,high,标准化公司全称精确匹配,
101,北京红黄蓝儿童教育科技发展有限公司,,,,,unmatched,unmatched,low,,无可靠的精确、母公司规则或唯一简称匹配
103,合肥立方制药股份有限公司,003020.SZ,立方制药,合肥立方制药股份有限公司,批发和零售业,matched,exact_normalized,high,标准化公司全称精确匹配,
105,南京肯特复合材料股份有限公司,301591.SZ,肯特股份,南京肯特复合材料股份有限公司,制造业,matched,exact_normalized,high,标准化公司全称精确匹配,
106,福建广生堂药业股份有限公司,300436.SZ,广生堂,福建广生堂药业股份有限公司,制造业,matched,exact_normalized,high,标准化公司全称精确匹配,
107,华夏航空股份有限公司,002928.SZ,华夏航空,华夏航空股份有限公司,交通运输、仓储和邮政业,matched,exact_normalized,high,标准化公司全称精确匹配,
108,中国平安财产保险股份有限公司珠海中心支公司,601318.SH,中国平安,中国平安保险(集团)股份有限公司,金融、保险业,matched,reviewed_parent_rule,high,平安寿险/财险归并至中国平安集团,
109,中国平安人寿保险股份有限公司福建分公司,601318.SH,中国平安,中国平安保险(集团)股份有限公司,金融、保险业,matched,reviewed_parent_rule,high,平安寿险/财险归并至中国平安集团,
110,南京泉峰汽车精密技术股份有限公司,603982.SH,泉峰汽车,南京泉峰汽车精密技术股份有限公司,制造业,matched,exact_normalized,high,标准化公司全称精确匹配,
111,深圳市振邦智能科技股份有限公司,003028.SZ,振邦智能,深圳市振邦智能科技股份有限公司,制造业,matched,exact_normalized,high,标准化公司全称精确匹配,
112,胜宏科技(惠州)股份有限公司,300476.SZ,胜宏科技,胜宏科技(惠州)股份有限公司,制造业,matched,exact_normalized,high,标准化公司全称精确匹配,
113,重庆登康口腔护理用品股份有限公司,001328.SZ,登康口腔,重庆登康口腔护理用品股份有限公司,制造业,matched,exact_normalized,high,标准化公司全称精确匹配,
114,浙江拱东医疗器械股份有限公司,605369.SH,拱东医疗,浙江拱东医疗器械股份有限公司,制造业,matched,exact_normalized,high,标准化公司全称精确匹配,
115,武汉市万科物业服务有限公司,000002.SZ,万科A,万科企业股份有限公司,,matched,reviewed_parent_rule,high,各地万科物业归并至万科企业,
116,贝隆精密科技股份有限公司,301567.SZ,贝隆精密,贝隆精密科技股份有限公司,制造业,matched,exact_normalized,high,标准化公司全称精确匹配,
117,北京挖金客信息科技股份有限公司,301380.SZ,挖金客,北京挖金客信息科技股份有限公司,信息传输、软件和信息技术服务业,matched,exact_normalized,high,标准化公司全称精确匹配,
118,上海复旦张江生物医药股份有限公司,688505.SH,复旦张江,上海复旦张江生物医药股份有限公司,制造业,matched,exact_normalized,high,标准化公司全称精确匹配,
120,广东正业科技股份有限公司,300410.SZ,正业科技,广东正业科技股份有限公司,制造业,matched,exact_normalized,high,标准化公司全称精确匹配,
121,迈拓仪表股份有限公司,301006.SZ,迈拓股份,迈拓仪表股份有限公司,制造业,matched,exact_normalized,high,标准化公司全称精确匹配,
122,上海毕得医药科技股份有限公司,688073.SH,毕得医药,上海毕得医药科技股份有限公司,科学研究和技术服务业,matched,exact_normalized,high,标准化公司全称精确匹配,
123,中国国际货运航空股份有限公司,001391.SZ,国货航,中国国际货运航空股份有限公司,交通运输、仓储和邮政业,matched,exact_normalized,high,标准化公司全称精确匹配,
124,瑞浦兰钧能源股份有限公司,,,,,unmatched,unmatched,low,,无可靠的精确、母公司规则或唯一简称匹配
125,佛山市海天调味食品股份有限公司,603288.SH,海天味业,佛山市海天调味食品股份有限公司,制造业,matched,exact_normalized,high,标准化公司全称精确匹配,
127,奇安信科技集团股份有限公司,688561.SH,奇安信-U,奇安信科技集团股份有限公司,信息传输、软件和信息技术服务业,matched,exact_normalized,high,标准化公司全称精确匹配,
128,金徽酒股份有限公司,603919.SH,金徽酒,金徽酒股份有限公司,制造业,matched,exact_normalized,high,标准化公司全称精确匹配,
130,中国平安财产保险股份有限公司海南分公司,601318.SH,中国平安,中国平安保险(集团)股份有限公司,金融、保险业,matched,reviewed_parent_rule,high,平安寿险/财险归并至中国平安集团,
131,重庆瑜欣平瑞电子股份有限公司,301107.SZ,瑜欣电子,重庆瑜欣平瑞电子股份有限公司,制造业,matched,exact_normalized,high,标准化公司全称精确匹配,
132,招商银行股份有限公司漳州分行,600036.SH,招商银行,招商银行股份有限公司,金融、保险业,matched,reviewed_parent_rule,high,招商银行地方分行归并至总行,
133,广州视源电子科技股份有限公司,002841.SZ,视源股份,广州视源电子科技股份有限公司,制造业,matched,exact_normalized,high,标准化公司全称精确匹配,
134,海南普利制药股份有限公司,,,,,unmatched,unmatched,low,,无可靠的精确、母公司规则或唯一简称匹配
135,成都长城开发科技股份有限公司,920029.BJ,开发科技,成都长城开发科技股份有限公司,制造业,matched,exact_normalized,high,标准化公司全称精确匹配,
136,中国平安人寿保险股份有限公司湖南分公司,601318.SH,中国平安,中国平安保险(集团)股份有限公司,金融、保险业,matched,reviewed_parent_rule,high,平安寿险/财险归并至中国平安集团,
137,深圳市中科蓝讯科技股份有限公司,688332.SH,中科蓝讯,深圳市中科蓝讯科技股份有限公司,制造业,matched,exact_normalized,high,标准化公司全称精确匹配,
138,甘源食品股份有限公司,002991.SZ,甘源食品,甘源食品股份有限公司,制造业,matched,exact_normalized,high,标准化公司全称精确匹配,
139,深圳精智达技术股份有限公司,688627.SH,精智达,深圳精智达技术股份有限公司,制造业,matched,exact_normalized,high,标准化公司全称精确匹配,
140,中国核工业建设股份有限公司,601611.SH,中国核建,中国核工业建设股份有限公司,建筑业,matched,exact_normalized,high,标准化公司全称精确匹配,
141,陕西华达科技股份有限公司,301517.SZ,陕西华达,陕西华达科技股份有限公司,制造业,matched,exact_normalized,high,标准化公司全称精确匹配,
142,神驰机电股份有限公司,603109.SH,神驰机电,神驰机电股份有限公司,制造业,matched,exact_normalized,high,标准化公司全称精确匹配,
143,浙江金沃精工股份有限公司,300984.SZ,金沃股份,浙江金沃精工股份有限公司,制造业,matched,exact_normalized,high,标准化公司全称精确匹配,
144,中国平安财产保险股份有限公司中山中心支公司,601318.SH,中国平安,中国平安保险(集团)股份有限公司,金融、保险业,matched,reviewed_parent_rule,high,平安寿险/财险归并至中国平安集团,
145,湖南方盛制药股份有限公司,603998.SH,方盛制药,湖南方盛制药股份有限公司,制造业,matched,exact_normalized,high,标准化公司全称精确匹配,
146,科大国创软件股份有限公司,300520.SZ,科大国创,科大国创软件股份有限公司,信息传输、软件和信息技术服务业,matched,exact_normalized,high,标准化公司全称精确匹配,
147,中国平安财产保险股份有限公司湖南分公司,601318.SH,中国平安,中国平安保险(集团)股份有限公司,金融、保险业,matched,reviewed_parent_rule,high,平安寿险/财险归并至中国平安集团,
149,北京恒通创新赛木科技股份有限公司,,,,,unmatched,unmatched,low,,无可靠的精确、母公司规则或唯一简称匹配
150,深圳市富恒新材料股份有限公司,920469.BJ,富恒新材,深圳市富恒新材料股份有限公司,制造业,matched,exact_normalized,high,标准化公司全称精确匹配,
151,上海克来机电自动化工程股份有限公司,603960.SH,克来机电,上海克来机电自动化工程股份有限公司,制造业,matched,exact_normalized,high,标准化公司全称精确匹配,
152,江苏恒辉安防股份有限公司,300952.SZ,恒辉安防,江苏恒辉安防集团股份有限公司,制造业,matched,unique_short_name,medium,唯一证券简称包含匹配，已保留方法供复核,
153,中国平安财产保险股份有限公司增城支公司,601318.SH,中国平安,中国平安保险(集团)股份有限公司,金融、保险业,matched,reviewed_parent_rule,high,平安寿险/财险归并至中国平安集团,
154,锦州神工半导体股份有限公司,688233.SH,神工股份,锦州神工半导体股份有限公司,制造业,matched,exact_normalized,high,标准化公司全称精确匹配,
155,锦州神工半导体股份有限公司,688233.SH,神工股份,锦州神工半导体股份有限公司,制造业,matched,exact_normalized,high,标准化公司全称精确匹配,
156,北京首都在线科技股份有限公司,300846.SZ,首都在线,北京首都在线科技股份有限公司,信息传输、软件和信息技术服务业,matched,exact_normalized,high,标准化公司全称精确匹配,
157,博瑞生物医药(苏州)股份有限公司,688166.SH,博瑞医药,博瑞生物医药(苏州)股份有限公司,制造业,matched,exact_normalized,high,标准化公司全称精确匹配,
158,宏辉果蔬股份有限公司,603336.SH,宏辉果蔬,宏辉果蔬股份有限公司,制造业,matched,exact_normalized,high,标准化公司全称精确匹配,
159,绍兴兴欣新材料股份有限公司,001358.SZ,兴欣新材,绍兴兴欣新材料股份有限公司,制造业,matched,exact_normalized,high,标准化公司全称精确匹配,
160,江苏海鸥冷却塔股份有限公司,603269.SH,海鸥股份,江苏海鸥冷却塔股份有限公司,制造业,matched,exact_normalized,high,标准化公司全称精确匹配,
161,湖南百利工程科技股份有限公司,603959.SH,ST百利,湖南百利工程科技股份有限公司,科学研究和技术服务业,matched,exact_normalized,high,标准化公司全称精确匹配,
162,湖南裕能新能源电池材料股份有限公司,301358.SZ,湖南裕能,湖南裕能新能源电池材料股份有限公司,制造业,matched,exact_normalized,high,标准化公司全称精确匹配,
163,中国平安财产保险股份有限公司无锡分公司,601318.SH,中国平安,中国平安保险(集团)股份有限公司,金融、保险业,matched,reviewed_parent_rule,high,平安寿险/财险归并至中国平安集团,
164,广州市万科物业服务有限公司,000002.SZ,万科A,万科企业股份有限公司,,matched,reviewed_parent_rule,high,各地万科物业归并至万科企业,
165,浙江通力传动科技股份有限公司,301255.SZ,通力科技,浙江通力传动科技股份有限公司,制造业,matched,exact_normalized,high,标准化公司全称精确匹配,
166,中国平安财产保险股份有限公司无锡分公司,601318.SH,中国平安,中国平安保险(集团)股份有限公司,金融、保险业,matched,reviewed_parent_rule,high,平安寿险/财险归并至中国平安集团,
167,浙江百达精工股份有限公司,603331.SH,百达精工,浙江百达精工股份有限公司,制造业,matched,exact_normalized,high,标准化公司全称精确匹配,
168,江苏固德威电源科技股份有限公司,688390.SH,固德威,固德威技术股份有限公司,制造业,matched,unique_short_name,medium,唯一证券简称包含匹配，已保留方法供复核,
169,中国平安人寿保险股份有限公司佛山中心支公司,601318.SH,中国平安,中国平安保险(集团)股份有限公司,金融、保险业,matched,reviewed_parent_rule,high,平安寿险/财险归并至中国平安集团,
170,宁夏嘉泽新能源股份有限公司,601619.SH,嘉泽新能,嘉泽新能源股份有限公司,电力、热力、燃气及水生产和供应业,matched,unique_short_name,medium,唯一证券简称包含匹配，已保留方法供复核,
171,中国平安人寿保险股份有限公司广东分公司越秀二区营销服务部,601318.SH,中国平安,中国平安保险(集团)股份有限公司,金融、保险业,matched,reviewed_parent_rule,high,平安寿险/财险归并至中国平安集团,
172,中国平安财产保险股份有限公司重庆分公司,601318.SH,中国平安,中国平安保险(集团)股份有限公司,金融、保险业,matched,reviewed_parent_rule,high,平安寿险/财险归并至中国平安集团,
173,江苏富淼科技股份有限公司,688350.SH,富淼科技,江苏富淼科技股份有限公司,制造业,matched,exact_normalized,high,标准化公司全称精确匹配,
174,中国平安财产保险股份有限公司深圳分公司,601318.SH,中国平安,中国平安保险(集团)股份有限公司,金融、保险业,matched,reviewed_parent_rule,high,平安寿险/财险归并至中国平安集团,
175,常州时创能源股份有限公司,688429.SH,时创能源,常州时创能源股份有限公司,制造业,matched,exact_normalized,high,标准化公司全称精确匹配,
176,中国平安财产保险股份有限公司揭阳中心支公司,601318.SH,中国平安,中国平安保险(集团)股份有限公司,金融、保险业,matched,reviewed_parent_rule,high,平安寿险/财险归并至中国平安集团,
177,中国平安财产保险股份有限公司宁波分公司,601318.SH,中国平安,中国平安保险(集团)股份有限公司,金融、保险业,matched,reviewed_parent_rule,high,平安寿险/财险归并至中国平安集团,
178,江苏丰山集团股份有限公司,603810.SH,丰山集团,江苏丰山集团股份有限公司,制造业,matched,exact_normalized,high,标准化公司全称精确匹配,
179,中国平安人寿保险股份有限公司安徽分公司,601318.SH,中国平安,中国平安保险(集团)股份有限公司,金融、保险业,matched,reviewed_parent_rule,high,平安寿险/财险归并至中国平安集团,
180,无锡信捷电气股份有限公司,603416.SH,信捷电气,无锡信捷电气股份有限公司,制造业,matched,exact_normalized,high,标准化公司全称精确匹配,
181,华林证券股份有限公司,002945.SZ,华林证券,华林证券股份有限公司,金融业,matched,exact_normalized,high,标准化公司全称精确匹配,
182,中国平安财产保险股份有限公司阳江中心支公司,601318.SH,中国平安,中国平安保险(集团)股份有限公司,金融、保险业,matched,reviewed_parent_rule,high,平安寿险/财险归并至中国平安集团,
183,广州视源电子科技股份有限公司,002841.SZ,视源股份,广州视源电子科技股份有限公司,制造业,matched,exact_normalized,high,标准化公司全称精确匹配,
184,上海海希工业通讯股份有限公司,920405.BJ,海希通讯,上海海希工业通讯股份有限公司,制造业,matched,exact_normalized,high,标准化公司全称精确匹配,
185,北京中石伟业科技股份有限公司,300684.SZ,中石科技,北京中石伟业科技股份有限公司,制造业,matched,exact_normalized,high,标准化公司全称精确匹配,
186,上海银行股份有限公司,601229.SH,上海银行,上海银行股份有限公司,金融业,matched,exact_normalized,high,标准化公司全称精确匹配,
187,广州安必平医药科技股份有限公司,688393.SH,安必平,广州安必平医药科技股份有限公司,制造业,matched,exact_normalized,high,标准化公司全称精确匹配,
188,江苏大烨智能电气股份有限公司,300670.SZ,大烨智能,江苏大烨智能电气股份有限公司,制造业,matched,exact_normalized,high,标准化公司全称精确匹配,
189,广州方邦电子股份有限公司,688020.SH,方邦股份,广州方邦电子股份有限公司,制造业,matched,exact_normalized,high,标准化公司全称精确匹配,
190,招商银行股份有限公司台州分行,600036.SH,招商银行,招商银行股份有限公司,金融、保险业,matched,reviewed_parent_rule,high,招商银行地方分行归并至总行,
191,深圳市力合微电子股份有限公司,688589.SH,力合微,深圳市力合微电子股份有限公司,制造业,matched,exact_normalized,high,标准化公司全称精确匹配,
192,中国平安财产保险股份有限公司清远中心支公司,601318.SH,中国平安,中国平安保险(集团)股份有限公司,金融、保险业,matched,reviewed_parent_rule,high,平安寿险/财险归并至中国平安集团,
193,辽宁科隆精细化工股份有限公司,300405.SZ,科隆股份,辽宁科隆精细化工股份有限公司,制造业,matched,exact_normalized,high,标准化公司全称精确匹配,
194,深圳市鼎阳科技股份有限公司,688112.SH,鼎阳科技,深圳市鼎阳科技股份有限公司,制造业,matched,exact_normalized,high,标准化公司全称精确匹配,
195,中国平安人寿保险股份有限公司宁波分公司,601318.SH,中国平安,中国平安保险(集团)股份有限公司,金融、保险业,matched,reviewed_parent_rule,high,平安寿险/财险归并至中国平安集团,
196,中国平安财产保险股份有限公司江门中心支公司,601318.SH,中国平安,中国平安保险(集团)股份有限公司,金融、保险业,matched,reviewed_parent_rule,high,平安寿险/财险归并至中国平安集团,
197,宁波弘讯科技股份有限公司,603015.SH,弘讯科技,宁波弘讯科技股份有限公司,制造业,matched,exact_normalized,high,标准化公司全称精确匹配,
198,广东松发陶瓷股份有限公司,603268.SH,松发股份,广东松发陶瓷股份有限公司,制造业,matched,exact_normalized,high,标准化公司全称精确匹配,
200,四川金石东方新材料设备股份有限公司,,,,,unmatched,unmatched,low,,无可靠的精确、母公司规则或唯一简称匹配
201,珠海雷特科技股份有限公司,920110.BJ,雷特科技,珠海雷特科技股份有限公司,制造业,matched,exact_normalized,high,标准化公司全称精确匹配,
202,中钢洛耐科技股份有限公司,688119.SH,中钢洛耐,中钢洛耐科技股份有限公司,制造业,matched,exact_normalized,high,标准化公司全称精确匹配,
203,陕西源杰半导体科技股份有限公司,688498.SH,源杰科技,陕西源杰半导体科技股份有限公司,制造业,matched,exact_normalized,high,标准化公司全称精确匹配,
204,华维设计集团股份有限公司,920427.BJ,华维设计,华维设计集团股份有限公司,科学研究和技术服务业,matched,exact_normalized,high,标准化公司全称精确匹配,
205,上海电影股份有限公司,601595.SH,上海电影,上海电影股份有限公司,文化、体育和娱乐业,matched,exact_normalized,high,标准化公司全称精确匹配,
206,湖北东贝机电集团股份有限公司,601956.SH,东贝集团,湖北东贝机电集团股份有限公司,制造业,matched,exact_normalized,high,标准化公司全称精确匹配,
207,易点天下网络科技股份有限公司,301171.SZ,易点天下,易点天下网络科技股份有限公司,信息传输、软件和信息技术服务业,matched,exact_normalized,high,标准化公司全称精确匹配,
208,四川观想科技股份有限公司,301213.SZ,观想科技,四川观想科技股份有限公司,信息传输、软件和信息技术服务业,matched,exact_normalized,high,标准化公司全称精确匹配,
209,广发证券股份有限公司,000776.SZ,广发证券,广发证券股份有限公司,,matched,exact_normalized,high,标准化公司全称精确匹配,
210,浙江海象新材料股份有限公司,003011.SZ,海象新材,浙江海象新材料股份有限公司,制造业,matched,exact_normalized,high,标准化公司全称精确匹配,
211,重庆顺博铝合金股份有限公司,002996.SZ,顺博合金,重庆顺博铝合金股份有限公司,制造业,matched,exact_normalized,high,标准化公司全称精确匹配,
212,广州市聚赛龙工程塑料股份有限公司,301131.SZ,聚赛龙,广州市聚赛龙工程塑料股份有限公司,制造业,matched,exact_normalized,high,标准化公司全称精确匹配,
213,宁夏嘉泽新能源股份有限公司,601619.SH,嘉泽新能,嘉泽新能源股份有限公司,电力、热力、燃气及水生产和供应业,matched,unique_short_name,medium,唯一证券简称包含匹配，已保留方法供复核,
214,翰博高新材料(合肥)股份有限公司,301321.SZ,翰博高新,翰博高新材料(合肥)股份有限公司,制造业,matched,exact_normalized,high,标准化公司全称精确匹配,
216,江苏南方卫材医药股份有限公司,603880.SH,南卫股份,江苏南方卫材医药股份有限公司,制造业,matched,exact_normalized,high,标准化公司全称精确匹配,
217,东兴证券股份有限公司,601198.SH,东兴证券,东兴证券股份有限公司,金融业,matched,exact_normalized,high,标准化公司全称精确匹配,
218,无锡宏盛换热器制造股份有限公司,603090.SH,宏盛股份,无锡宏盛换热器制造股份有限公司,制造业,matched,exact_normalized,high,标准化公司全称精确匹配,
219,中国平安财产保险股份有限公司宁波分公司,601318.SH,中国平安,中国平安保险(集团)股份有限公司,金融、保险业,matched,reviewed_parent_rule,high,平安寿险/财险归并至中国平安集团,
220,杉杉品牌运营股份有限公司,,,,,unmatched,unmatched,low,,无可靠的精确、母公司规则或唯一简称匹配
221,南通海星电子股份有限公司,603115.SH,海星股份,南通海星电子股份有限公司,制造业,matched,exact_normalized,high,标准化公司全称精确匹配,
222,中国平安财产保险股份有限公司苏州分公司,601318.SH,中国平安,中国平安保险(集团)股份有限公司,金融、保险业,matched,reviewed_parent_rule,high,平安寿险/财险归并至中国平安集团,
223,浙江迎丰科技股份有限公司,605055.SH,迎丰股份,浙江迎丰科技股份有限公司,制造业,matched,exact_normalized,high,标准化公司全称精确匹配,
224,中国平安财产保险股份有限公司云南分公司,601318.SH,中国平安,中国平安保险(集团)股份有限公司,金融、保险业,matched,reviewed_parent_rule,high,平安寿险/财险归并至中国平安集团,
225,中国平安财产保险股份有限公司云南分公司,601318.SH,中国平安,中国平安保险(集团)股份有限公司,金融、保险业,matched,reviewed_parent_rule,high,平安寿险/财险归并至中国平安集团,
226,浙江西大门新材料股份有限公司,605155.SH,西大门,浙江西大门新材料股份有限公司,制造业,matched,exact_normalized,high,标准化公司全称精确匹配,
227,中国平安财产保险股份有限公司唐山中心支公司,601318.SH,中国平安,中国平安保险(集团)股份有限公司,金融、保险业,matched,reviewed_parent_rule,high,平安寿险/财险归并至中国平安集团,
228,广东鸿智智能科技股份有限公司,920926.BJ,鸿智科技,广东鸿智智能科技股份有限公司,制造业,matched,exact_normalized,high,标准化公司全称精确匹配,
229,北京腾信创新网络营销技术股份有限公司,,,,,unmatched,unmatched,low,,无可靠的精确、母公司规则或唯一简称匹配
231,中国平安人寿保险股份有限公司芜湖中心支公司,601318.SH,中国平安,中国平安保险(集团)股份有限公司,金融、保险业,matched,reviewed_parent_rule,high,平安寿险/财险归并至中国平安集团,
232,兴科蓉医药控股有限公司,,,,,unmatched,unmatched,low,,无可靠的精确、母公司规则或唯一简称匹配
233,通用电梯股份有限公司,300931.SZ,通用电梯,通用电梯股份有限公司,制造业,matched,exact_normalized,high,标准化公司全称精确匹配,
234,中国平安财产保险股份有限公司苏州分公司,601318.SH,中国平安,中国平安保险(集团)股份有限公司,金融、保险业,matched,reviewed_parent_rule,high,平安寿险/财险归并至中国平安集团,
235,苏州泽璟生物制药股份有限公司,688266.SH,泽璟制药-U,苏州泽璟生物制药股份有限公司,制造业,matched,exact_normalized,high,标准化公司全称精确匹配,
237,浙江中欣氟材股份有限公司,002915.SZ,中欣氟材,浙江中欣氟材股份有限公司,制造业,matched,exact_normalized,high,标准化公司全称精确匹配,
238,中国平安财产保险股份有限公司广东分公司,601318.SH,中国平安,中国平安保险(集团)股份有限公司,金融、保险业,matched,reviewed_parent_rule,high,平安寿险/财险归并至中国平安集团,
239,广州弘亚数控机械股份有限公司,002833.SZ,弘亚数控,广州弘亚数控机械集团股份有限公司,制造业,matched,unique_short_name,medium,唯一证券简称包含匹配，已保留方法供复核,
240,烟台中宠食品股份有限公司,002891.SZ,中宠股份,烟台中宠食品股份有限公司,制造业,matched,exact_normalized,high,标准化公司全称精确匹配,
241,迈赫机器人自动化股份有限公司,301199.SZ,迈赫股份,迈赫机器人自动化股份有限公司,制造业,matched,exact_normalized,high,标准化公司全称精确匹配,
242,温州意华接插件股份有限公司,002897.SZ,意华股份,温州意华接插件股份有限公司,制造业,matched,exact_normalized,high,标准化公司全称精确匹配,
244,浙江中晶科技股份有限公司,003026.SZ,中晶科技,浙江中晶科技股份有限公司,制造业,matched,exact_normalized,high,标准化公司全称精确匹配,
245,中国旅游集团中免股份有限公司,601888.SH,中国中免,中国旅游集团中免股份有限公司,社会服务业,matched,exact_normalized,high,标准化公司全称精确匹配,
246,西安晨曦航空科技股份有限公司,300581.SZ,晨曦航空,西安晨曦航空科技股份有限公司,制造业,matched,exact_normalized,high,标准化公司全称精确匹配,
247,江西银行股份有限公司,,,,,unmatched,unmatched,low,,无可靠的精确、母公司规则或唯一简称匹配
248,佛山市联动科技股份有限公司,301369.SZ,联动科技,佛山市联动科技股份有限公司,制造业,matched,exact_normalized,high,标准化公司全称精确匹配,
249,纳百川新能源股份有限公司,301667.SZ,纳百川,纳百川新能源股份有限公司,制造业,matched,exact_normalized,high,标准化公司全称精确匹配,
250,四川港通医疗设备集团股份有限公司,301515.SZ,港通医疗,四川港通医疗设备集团股份有限公司,制造业,matched,exact_normalized,high,标准化公司全称精确匹配,
251,东方时尚驾驶学校股份有限公司,603377.SH,ST东时,东方时尚驾驶学校股份有限公司,交通运输、仓储和邮政业,matched,exact_normalized,high,标准化公司全称精确匹配,
252,安徽鑫铂铝业股份有限公司,003038.SZ,鑫铂股份,安徽鑫铂铝业股份有限公司,制造业,matched,exact_normalized,high,标准化公司全称精确匹配,
253,广东万里马实业股份有限公司,300591.SZ,万里马,广东万里马实业股份有限公司,制造业,matched,exact_normalized,high,标准化公司全称精确匹配,
254,南京盛航海运股份有限公司,001205.SZ,盛航股份,南京盛航海运股份有限公司,交通运输、仓储和邮政业,matched,exact_normalized,high,标准化公司全称精确匹配,
255,科兴生物制药股份有限公司,688136.SH,科兴制药,科兴生物制药股份有限公司,制造业,matched,exact_normalized,high,标准化公司全称精确匹配,
256,中国平安人寿保险股份有限公司广东分公司越秀二区营销服务部,601318.SH,中国平安,中国平安保险(集团)股份有限公司,金融、保险业,matched,reviewed_parent_rule,high,平安寿险/财险归并至中国平安集团,
257,博士眼镜连锁股份有限公司,300622.SZ,博士眼镜,博士眼镜连锁股份有限公司,批发和零售业,matched,exact_normalized,high,标准化公司全称精确匹配,
258,浙江野马电池股份有限公司,605378.SH,野马电池,浙江野马电池股份有限公司,制造业,matched,exact_normalized,high,标准化公司全称精确匹配,
259,鞍山七彩化学股份有限公司,300758.SZ,七彩化学,鞍山七彩化学股份有限公司,制造业,matched,exact_normalized,high,标准化公司全称精确匹配,
260,广东奥飞数据科技股份有限公司,300738.SZ,奥飞数据,广东奥飞数据科技股份有限公司,信息传输、软件和信息技术服务业,matched,exact_normalized,high,标准化公司全称精确匹配,
261,浙江嘉益保温科技股份有限公司,301004.SZ,嘉益股份,浙江嘉益保温科技股份有限公司,制造业,matched,exact_normalized,high,标准化公司全称精确匹配,
262,武汉帝尔激光科技股份有限公司,300776.SZ,帝尔激光,武汉帝尔激光科技股份有限公司,制造业,matched,exact_normalized,high,标准化公司全称精确匹配,
263,南京腾亚精工科技股份有限公司,301125.SZ,腾亚精工,南京腾亚精工科技股份有限公司,制造业,matched,exact_normalized,high,标准化公司全称精确匹配,
264,上海复宏汉霖生物技术股份有限公司,,,,,unmatched,unmatched,low,,无可靠的精确、母公司规则或唯一简称匹配
265,深圳市裕同包装科技股份有限公司,002831.SZ,裕同科技,深圳市裕同包装科技股份有限公司,制造业,matched,exact_normalized,high,标准化公司全称精确匹配,
266,苏州近岸蛋白质科技股份有限公司,688137.SH,近岸蛋白,苏州近岸蛋白质科技股份有限公司,科学研究和技术服务业,matched,exact_normalized,high,标准化公司全称精确匹配,
267,浙江零跑科技股份有限公司,,,,,unmatched,unmatched,low,,无可靠的精确、母公司规则或唯一简称匹配
268,江苏远航精密合金科技股份有限公司,920914.BJ,远航精密,江苏远航精密合金科技股份有限公司,制造业,matched,exact_normalized,high,标准化公司全称精确匹配,
269,北京华远意通热力科技股份有限公司,,,,,unmatched,unmatched,low,,无可靠的精确、母公司规则或唯一简称匹配
270,华新建材集团股份有限公司,600801.SH,华新建材,华新建材集团股份有限公司,,matched,exact_normalized,high,标准化公司全称精确匹配,
271,上海南芯半导体科技股份有限公司,688484.SH,南芯科技,上海南芯半导体科技股份有限公司,制造业,matched,exact_normalized,high,标准化公司全称精确匹配,
273,中国平安财产保险股份有限公司开发区支公司,601318.SH,中国平安,中国平安保险(集团)股份有限公司,金融、保险业,matched,reviewed_parent_rule,high,平安寿险/财险归并至中国平安集团,
275,天水众兴菌业科技股份有限公司,002772.SZ,众兴菌业,天水众兴菌业科技股份有限公司,农、林、牧、渔业,matched,exact_normalized,high,标准化公司全称精确匹配,
276,上海博迅医疗生物仪器股份有限公司,920504.BJ,博迅生物,上海博迅医疗生物仪器股份有限公司,制造业,matched,exact_normalized,high,标准化公司全称精确匹配,
277,中国平安财产保险股份有限公司天津分公司,601318.SH,中国平安,中国平安保险(集团)股份有限公司,金融、保险业,matched,reviewed_parent_rule,high,平安寿险/财险归并至中国平安集团,
278,天风证券股份有限公司,601162.SH,天风证券,天风证券股份有限公司,金融业,matched,exact_normalized,high,标准化公司全称精确匹配,
279,中国平安财产保险股份有限公司梅州市蕉岭支公司,601318.SH,中国平安,中国平安保险(集团)股份有限公司,金融、保险业,matched,reviewed_parent_rule,high,平安寿险/财险归并至中国平安集团,
280,江西江南新材料科技股份有限公司,603124.SH,江南新材,江西江南新材料科技股份有限公司,制造业,matched,exact_normalized,high,标准化公司全称精确匹配,
282,中国平安财产保险股份有限公司汕尾中心支公司,601318.SH,中国平安,中国平安保险(集团)股份有限公司,金融、保险业,matched,reviewed_parent_rule,high,平安寿险/财险归并至中国平安集团,
283,江西金力永磁科技股份有限公司,300748.SZ,金力永磁,江西金力永磁科技股份有限公司,制造业,matched,exact_normalized,high,标准化公司全称精确匹配,
285,上海凯鑫分离技术股份有限公司,300899.SZ,上海凯鑫,上海凯鑫分离技术股份有限公司,水利、环境和公共设施管理业,matched,exact_normalized,high,标准化公司全称精确匹配,
286,东莞市万科物业服务有限公司,000002.SZ,万科A,万科企业股份有限公司,,matched,reviewed_parent_rule,high,各地万科物业归并至万科企业,
287,常州时创能源股份有限公司,688429.SH,时创能源,常州时创能源股份有限公司,制造业,matched,exact_normalized,high,标准化公司全称精确匹配,
288,中国平安财产保险股份有限公司浙江分公司,601318.SH,中国平安,中国平安保险(集团)股份有限公司,金融、保险业,matched,reviewed_parent_rule,high,平安寿险/财险归并至中国平安集团,
289,中国平安财产保险股份有限公司重庆分公司,601318.SH,中国平安,中国平安保险(集团)股份有限公司,金融、保险业,matched,reviewed_parent_rule,high,平安寿险/财险归并至中国平安集团,
290,湖南九典制药股份有限公司,300705.SZ,九典制药,湖南九典制药股份有限公司,制造业,matched,exact_normalized,high,标准化公司全称精确匹配,
291,广州市金钟汽车零件股份有限公司,301133.SZ,金钟股份,广州市金钟汽车零件股份有限公司,制造业,matched,exact_normalized,high,标准化公司全称精确匹配,
292,苏州晶方半导体科技股份有限公司,603005.SH,晶方科技,苏州晶方半导体科技股份有限公司,制造业,matched,exact_normalized,high,标准化公司全称精确匹配,
293,浙江锋龙电气股份有限公司,002931.SZ,锋龙股份,浙江锋龙电气股份有限公司,制造业,matched,exact_normalized,high,标准化公司全称精确匹配,
294,沈阳兴齐眼药股份有限公司,300573.SZ,兴齐眼药,沈阳兴齐眼药股份有限公司,制造业,matched,exact_normalized,high,标准化公司全称精确匹配,
295,中国平安人寿保险股份有限公司成都市金堂支公司淮口营销服务部,601318.SH,中国平安,中国平安保险(集团)股份有限公司,金融、保险业,matched,reviewed_parent_rule,high,平安寿险/财险归并至中国平安集团,
296,新特能源股份有限公司,,,,,unmatched,unmatched,low,,无可靠的精确、母公司规则或唯一简称匹配
297,中国平安财产保险股份有限公司番禺支公司,601318.SH,中国平安,中国平安保险(集团)股份有限公司,金融、保险业,matched,reviewed_parent_rule,high,平安寿险/财险归并至中国平安集团,
298,中关村科技租赁股份有限公司,000931.SZ,中关村,北京中关村科技发展(控股)股份有限公司,,matched,unique_short_name,medium,唯一证券简称包含匹配，已保留方法供复核,
299,江阴华新精密科技股份有限公司,603370.SH,华新精科,江阴华新精密科技股份有限公司,制造业,matched,exact_normalized,high,标准化公司全称精确匹配,
300,上海矩子科技股份有限公司,300802.SZ,矩子科技,上海矩子科技股份有限公司,制造业,matched,exact_normalized,high,标准化公司全称精确匹配,
301,深圳市赢时胜信息技术股份有限公司,300377.SZ,赢时胜,深圳市赢时胜信息技术股份有限公司,信息传输、软件和信息技术服务业,matched,exact_normalized,high,标准化公司全称精确匹配,
302,中国平安人寿保险股份有限公司广东分公司,601318.SH,中国平安,中国平安保险(集团)股份有限公司,金融、保险业,matched,reviewed_parent_rule,high,平安寿险/财险归并至中国平安集团,
303,周大生珠宝股份有限公司,002867.SZ,周大生,周大生珠宝股份有限公司,批发和零售业,matched,exact_normalized,high,标准化公司全称精确匹配,
304,苏州江天包装科技股份有限公司,920121.BJ,江天科技,苏州江天包装科技股份有限公司,,matched,exact_normalized,high,标准化公司全称精确匹配,
305,阜新德尔汽车部件股份有限公司,300473.SZ,德尔股份,阜新德尔汽车部件股份有限公司,制造业,matched,exact_normalized,high,标准化公司全称精确匹配,
306,中国平安人寿保险股份有限公司天津分公司,601318.SH,中国平安,中国平安保险(集团)股份有限公司,金融、保险业,matched,reviewed_parent_rule,high,平安寿险/财险归并至中国平安集团,
307,中国平安人寿保险股份有限公司广东分公司朝阳营销服务部,601318.SH,中国平安,中国平安保险(集团)股份有限公司,金融、保险业,matched,reviewed_parent_rule,high,平安寿险/财险归并至中国平安集团,
308,大连万科物业服务有限公司,000002.SZ,万科A,万科企业股份有限公司,,matched,reviewed_parent_rule,high,各地万科物业归并至万科企业,
309,福建睿能科技股份有限公司,603933.SH,睿能科技,福建睿能科技股份有限公司,制造业,matched,exact_normalized,high,标准化公司全称精确匹配,
310,中国平安人寿保险股份有限公司广东分公司东山营销服务部,601318.SH,中国平安,中国平安保险(集团)股份有限公司,金融、保险业,matched,reviewed_parent_rule,high,平安寿险/财险归并至中国平安集团,
311,中国平安人寿保险股份有限公司深圳分公司,601318.SH,中国平安,中国平安保险(集团)股份有限公司,金融、保险业,matched,reviewed_parent_rule,high,平安寿险/财险归并至中国平安集团,
312,成都苑东生物制药股份有限公司,688513.SH,苑东生物,成都苑东生物制药股份有限公司,制造业,matched,exact_normalized,high,标准化公司全称精确匹配,
313,安徽黄山胶囊股份有限公司,002817.SZ,黄山胶囊,安徽黄山胶囊股份有限公司,制造业,matched,exact_normalized,high,标准化公司全称精确匹配,
315,中国平安人寿保险股份有限公司芜湖中心支公司,601318.SH,中国平安,中国平安保险(集团)股份有限公司,金融、保险业,matched,reviewed_parent_rule,high,平安寿险/财险归并至中国平安集团,
316,中国平安财产保险股份有限公司无锡分公司,601318.SH,中国平安,中国平安保险(集团)股份有限公司,金融、保险业,matched,reviewed_parent_rule,high,平安寿险/财险归并至中国平安集团,
317,华自科技股份有限公司,300490.SZ,华自科技,华自科技股份有限公司,制造业,matched,exact_normalized,high,标准化公司全称精确匹配,
318,中国平安人寿保险股份有限公司四川分公司,601318.SH,中国平安,中国平安保险(集团)股份有限公司,金融、保险业,matched,reviewed_parent_rule,high,平安寿险/财险归并至中国平安集团,
319,武汉恒立工程钻具股份有限公司,920942.BJ,恒立钻具,武汉恒立工程钻具股份有限公司,制造业,matched,exact_normalized,high,标准化公司全称精确匹配,
320,中国平安财产保险股份有限公司福建分公司,601318.SH,中国平安,中国平安保险(集团)股份有限公司,金融、保险业,matched,reviewed_parent_rule,high,平安寿险/财险归并至中国平安集团,
321,青岛云路先进材料技术股份有限公司,688190.SH,云路股份,青岛云路先进材料技术股份有限公司,制造业,matched,exact_normalized,high,标准化公司全称精确匹配,
322,南京康尼机电股份有限公司,603111.SH,康尼机电,南京康尼机电股份有限公司,制造业,matched,exact_normalized,high,标准化公司全称精确匹配,
324,能科节能技术股份有限公司,,,,,unmatched,unmatched,low,,无可靠的精确、母公司规则或唯一简称匹配
325,中国平安财产保险股份有限公司铜陵中心支公司,601318.SH,中国平安,中国平安保险(集团)股份有限公司,金融、保险业,matched,reviewed_parent_rule,high,平安寿险/财险归并至中国平安集团,
326,南京高华科技股份有限公司,688539.SH,高华科技,南京高华科技股份有限公司,制造业,matched,exact_normalized,high,标准化公司全称精确匹配,
327,深圳云天励飞技术股份有限公司,688343.SH,云天励飞-U,深圳云天励飞技术股份有限公司,信息传输、软件和信息技术服务业,matched,exact_normalized,high,标准化公司全称精确匹配,
328,中国平安财产保险股份有限公司花都支公司,601318.SH,中国平安,中国平安保险(集团)股份有限公司,金融、保险业,matched,reviewed_parent_rule,high,平安寿险/财险归并至中国平安集团,
330,上海康鹏科技股份有限公司,688602.SH,康鹏科技,上海康鹏科技股份有限公司,制造业,matched,exact_normalized,high,标准化公司全称精确匹配,
331,成都新易盛通信技术股份有限公司,300502.SZ,新易盛,成都新易盛通信技术股份有限公司,制造业,matched,exact_normalized,high,标准化公司全称精确匹配,
332,邢台纳科诺尔精轧科技股份有限公司,920522.BJ,纳科诺尔,邢台纳科诺尔精轧科技股份有限公司,制造业,matched,exact_normalized,high,标准化公司全称精确匹配,
333,中国平安财产保险股份有限公司增城支公司,601318.SH,中国平安,中国平安保险(集团)股份有限公司,金融、保险业,matched,reviewed_parent_rule,high,平安寿险/财险归并至中国平安集团,
334,老铺黄金股份有限公司,,,,,unmatched,unmatched,low,,无可靠的精确、母公司规则或唯一简称匹配
335,深圳市致尚科技股份有限公司,301486.SZ,致尚科技,深圳市致尚科技股份有限公司,制造业,matched,exact_normalized,high,标准化公司全称精确匹配,
336,苏州华源包装股份有限公司,,,,,unmatched,unmatched,low,,无可靠的精确、母公司规则或唯一简称匹配
337,江苏龙蟠科技集团股份有限公司,603906.SH,龙蟠科技,江苏龙蟠科技集团股份有限公司,制造业,matched,exact_normalized,high,标准化公司全称精确匹配,
338,中国平安人寿保险股份有限公司广东分公司朝阳营销服务部,601318.SH,中国平安,中国平安保险(集团)股份有限公司,金融、保险业,matched,reviewed_parent_rule,high,平安寿险/财险归并至中国平安集团,
339,瑞鹄汽车模具股份有限公司,002997.SZ,瑞鹄模具,瑞鹄汽车模具股份有限公司,制造业,matched,exact_normalized,high,标准化公司全称精确匹配,
340,威海银行股份有限公司,,,,,unmatched,unmatched,low,,无可靠的精确、母公司规则或唯一简称匹配
341,重庆瑜欣平瑞电子股份有限公司,301107.SZ,瑜欣电子,重庆瑜欣平瑞电子股份有限公司,制造业,matched,exact_normalized,high,标准化公司全称精确匹配,
342,招商银行股份有限公司连云港分行,600036.SH,招商银行,招商银行股份有限公司,金融、保险业,matched,reviewed_parent_rule,high,招商银行地方分行归并至总行,
343,第一创业证券股份有限公司,002797.SZ,第一创业,第一创业证券股份有限公司,金融业,matched,exact_normalized,high,标准化公司全称精确匹配,
344,翰博高新材料(合肥)股份有限公司,301321.SZ,翰博高新,翰博高新材料(合肥)股份有限公司,制造业,matched,exact_normalized,high,标准化公司全称精确匹配,
346,浙江泰鸿万立科技股份有限公司,603210.SH,泰鸿万立,浙江泰鸿万立科技股份有限公司,制造业,matched,exact_normalized,high,标准化公司全称精确匹配,
348,百奥泰生物制药股份有限公司,688177.SH,百奥泰,百奥泰生物制药股份有限公司,制造业,matched,exact_normalized,high,标准化公司全称精确匹配,
349,百奥泰生物制药股份有限公司,688177.SH,百奥泰,百奥泰生物制药股份有限公司,制造业,matched,exact_normalized,high,标准化公司全称精确匹配,
350,东莞市宇瞳光学科技股份有限公司,300790.SZ,宇瞳光学,东莞市宇瞳光学科技股份有限公司,制造业,matched,exact_normalized,high,标准化公司全称精确匹配,
351,昆明万科物业服务有限公司,000002.SZ,万科A,万科企业股份有限公司,,matched,reviewed_parent_rule,high,各地万科物业归并至万科企业,
352,内蒙古大唐药业股份有限公司,920433.BJ,大唐药业,内蒙古大唐药业股份有限公司,制造业,matched,exact_normalized,high,标准化公司全称精确匹配,
353,中国平安人寿保险股份有限公司深圳分公司,601318.SH,中国平安,中国平安保险(集团)股份有限公司,金融、保险业,matched,reviewed_parent_rule,high,平安寿险/财险归并至中国平安集团,
354,长江三星能源科技股份有限公司,920158.BJ,长江能科,长江三星能源科技股份有限公司,制造业,matched,exact_normalized,high,标准化公司全称精确匹配,
355,辽宁成大生物股份有限公司,688739.SH,成大生物,辽宁成大生物股份有限公司,制造业,matched,exact_normalized,high,标准化公司全称精确匹配,
356,中科星图股份有限公司,688568.SH,中科星图,中科星图股份有限公司,信息传输、软件和信息技术服务业,matched,exact_normalized,high,标准化公司全称精确匹配,
357,广州维力医疗器械股份有限公司,603309.SH,维力医疗,广州维力医疗器械股份有限公司,制造业,matched,exact_normalized,high,标准化公司全称精确匹配,
358,中国平安财产保险股份有限公司宁波分公司,601318.SH,中国平安,中国平安保险(集团)股份有限公司,金融、保险业,matched,reviewed_parent_rule,high,平安寿险/财险归并至中国平安集团,
359,湖南湘投金天钛业科技股份有限公司,688750.SH,金天钛业,湖南湘投金天钛业科技股份有限公司,制造业,matched,exact_normalized,high,标准化公司全称精确匹配,
360,胜蓝科技股份有限公司,300843.SZ,胜蓝股份,胜蓝科技股份有限公司,制造业,matched,exact_normalized,high,标准化公司全称精确匹配,
361,浙江西大门新材料股份有限公司,605155.SH,西大门,浙江西大门新材料股份有限公司,制造业,matched,exact_normalized,high,标准化公司全称精确匹配,
362,捷邦精密科技股份有限公司,301326.SZ,捷邦科技,捷邦精密科技股份有限公司,制造业,matched,exact_normalized,high,标准化公司全称精确匹配,
363,博纳影业集团股份有限公司,001330.SZ,博纳影业,博纳影业集团股份有限公司,文化、体育和娱乐业,matched,exact_normalized,high,标准化公司全称精确匹配,
364,中国平安财产保险股份有限公司河源中心支公司,601318.SH,中国平安,中国平安保险(集团)股份有限公司,金融、保险业,matched,reviewed_parent_rule,high,平安寿险/财险归并至中国平安集团,
366,新晨科技股份有限公司,300542.SZ,新晨科技,新晨科技股份有限公司,信息传输、软件和信息技术服务业,matched,exact_normalized,high,标准化公司全称精确匹配,
367,深圳市兆威机电股份有限公司,003021.SZ,兆威机电,深圳市兆威机电股份有限公司,制造业,matched,exact_normalized,high,标准化公司全称精确匹配,
368,广东鸿铭智能股份有限公司,301105.SZ,鸿铭股份,广东鸿铭智能股份有限公司,制造业,matched,exact_normalized,high,标准化公司全称精确匹配,
369,广东柏堡龙股份有限公司,,,,,unmatched,unmatched,low,,无可靠的精确、母公司规则或唯一简称匹配
370,安徽容知日新科技股份有限公司,688768.SH,容知日新,安徽容知日新科技股份有限公司,制造业,matched,exact_normalized,high,标准化公司全称精确匹配,
371,江西耐普矿机新材料股份有限公司,300818.SZ,耐普矿机,江西耐普矿机股份有限公司,制造业,matched,unique_short_name,medium,唯一证券简称包含匹配，已保留方法供复核,
372,威海市天罡仪表股份有限公司,920651.BJ,天罡股份,威海市天罡仪表股份有限公司,制造业,matched,exact_normalized,high,标准化公司全称精确匹配,
373,卡莱特云科技股份有限公司,301391.SZ,卡莱特,卡莱特云科技股份有限公司,制造业,matched,exact_normalized,high,标准化公司全称精确匹配,
374,招商银行股份有限公司咸阳分行,600036.SH,招商银行,招商银行股份有限公司,金融、保险业,matched,reviewed_parent_rule,high,招商银行地方分行归并至总行,
375,中国平安财产保险股份有限公司开发区支公司,601318.SH,中国平安,中国平安保险(集团)股份有限公司,金融、保险业,matched,reviewed_parent_rule,high,平安寿险/财险归并至中国平安集团,
376,中国平安人寿保险股份有限公司北京分公司,601318.SH,中国平安,中国平安保险(集团)股份有限公司,金融、保险业,matched,reviewed_parent_rule,high,平安寿险/财险归并至中国平安集团,
377,沈阳万科物业服务有限公司,000002.SZ,万科A,万科企业股份有限公司,,matched,reviewed_parent_rule,high,各地万科物业归并至万科企业,
378,广东利扬芯片测试股份有限公司,688135.SH,利扬芯片,广东利扬芯片测试股份有限公司,制造业,matched,exact_normalized,high,标准化公司全称精确匹配,
379,湖北和远气体股份有限公司,002971.SZ,和远气体,湖北和远气体股份有限公司,制造业,matched,exact_normalized,high,标准化公司全称精确匹配,
380,中国平安人寿保险股份有限公司广东分公司财富营销服务部,601318.SH,中国平安,中国平安保险(集团)股份有限公司,金融、保险业,matched,reviewed_parent_rule,high,平安寿险/财险归并至中国平安集团,
381,珠海博杰电子股份有限公司,002975.SZ,博杰股份,珠海博杰电子股份有限公司,制造业,matched,exact_normalized,high,标准化公司全称精确匹配,
382,深圳市天图投资管理股份有限公司,,,,,unmatched,unmatched,low,,无可靠的精确、母公司规则或唯一简称匹配
383,四川川环科技股份有限公司,300547.SZ,川环科技,四川川环科技股份有限公司,制造业,matched,exact_normalized,high,标准化公司全称精确匹配,
384,安徽龙磁科技股份有限公司,300835.SZ,龙磁科技,安徽龙磁科技股份有限公司,制造业,matched,exact_normalized,high,标准化公司全称精确匹配,
385,南京海辰药业股份有限公司,300584.SZ,海辰药业,南京海辰药业股份有限公司,制造业,matched,exact_normalized,high,标准化公司全称精确匹配,
386,海天水务集团股份公司,603759.SH,海天股份,海天水务集团股份公司,电力、热力、燃气及水生产和供应业,matched,exact_normalized,high,标准化公司全称精确匹配,
387,深圳市崧盛电子股份有限公司,301002.SZ,崧盛股份,深圳市崧盛电子股份有限公司,制造业,matched,exact_normalized,high,标准化公司全称精确匹配,
388,杭州联德精密机械股份有限公司,605060.SH,联德股份,杭州联德精密机械股份有限公司,制造业,matched,exact_normalized,high,标准化公司全称精确匹配,
389,悦康药业集团股份有限公司,688658.SH,悦康药业,悦康药业集团股份有限公司,制造业,matched,exact_normalized,high,标准化公司全称精确匹配,
390,深圳市核达中远通电源技术股份有限公司,301516.SZ,中远通,深圳市核达中远通电源技术股份有限公司,制造业,matched,exact_normalized,high,标准化公司全称精确匹配,
391,江苏固德威电源科技股份有限公司,688390.SH,固德威,固德威技术股份有限公司,制造业,matched,unique_short_name,medium,唯一证券简称包含匹配，已保留方法供复核,
392,浙江彩蝶实业股份有限公司,603073.SH,彩蝶实业,浙江彩蝶实业股份有限公司,制造业,matched,exact_normalized,high,标准化公司全称精确匹配,
393,中国平安人寿保险股份有限公司重庆分公司,601318.SH,中国平安,中国平安保险(集团)股份有限公司,金融、保险业,matched,reviewed_parent_rule,high,平安寿险/财险归并至中国平安集团,
394,上海汇舸环保科技集团股份有限公司,,,,,unmatched,unmatched,low,,无可靠的精确、母公司规则或唯一简称匹配
395,安徽皖仪科技股份有限公司,688600.SH,皖仪科技,安徽皖仪科技股份有限公司,制造业,matched,exact_normalized,high,标准化公司全称精确匹配,
396,苏州可川电子科技股份有限公司,603052.SH,可川科技,苏州可川电子科技股份有限公司,制造业,matched,exact_normalized,high,标准化公司全称精确匹配,
397,深圳市同为数码科技股份有限公司,002835.SZ,同为股份,深圳市同为数码科技股份有限公司,制造业,matched,exact_normalized,high,标准化公司全称精确匹配,
398,中国平安人寿保险股份有限公司上海分公司,601318.SH,中国平安,中国平安保险(集团)股份有限公司,金融、保险业,matched,reviewed_parent_rule,high,平安寿险/财险归并至中国平安集团,
399,中国平安财产保险股份有限公司肇庆中心支公司,601318.SH,中国平安,中国平安保险(集团)股份有限公司,金融、保险业,matched,reviewed_parent_rule,high,平安寿险/财险归并至中国平安集团,
400,成都思科瑞微电子股份有限公司,688053.SH,ST思科瑞,成都思科瑞微电子股份有限公司,科学研究和技术服务业,matched,exact_normalized,high,标准化公司全称精确匹配,
401,苏州晶瑞化学股份有限公司,,,,,unmatched,unmatched,low,,无可靠的精确、母公司规则或唯一简称匹配
402,中国平安财产保险股份有限公司河源中心支公司,601318.SH,中国平安,中国平安保险(集团)股份有限公司,金融、保险业,matched,reviewed_parent_rule,high,平安寿险/财险归并至中国平安集团,
404,乐居控股有限公司,,,,,unmatched,unmatched,low,,无可靠的精确、母公司规则或唯一简称匹配
405,深圳市万科物业服务有限公司,000002.SZ,万科A,万科企业股份有限公司,,matched,reviewed_parent_rule,high,各地万科物业归并至万科企业,
406,国联民生证券股份有限公司,601456.SH,国联民生,国联民生证券股份有限公司,金融业,matched,exact_normalized,high,标准化公司全称精确匹配,
407,武汉市万科物业服务有限公司,000002.SZ,万科A,万科企业股份有限公司,,matched,reviewed_parent_rule,high,各地万科物业归并至万科企业,
408,大理药业股份有限公司,,,,,unmatched,unmatched,low,,无可靠的精确、母公司规则或唯一简称匹配
409,恩威医药股份有限公司,301331.SZ,恩威医药,恩威医药股份有限公司,制造业,matched,exact_normalized,high,标准化公司全称精确匹配,
410,无锡线上线下通讯信息技术股份有限公司,300959.SZ,线上线下,无锡线上线下通讯信息技术股份有限公司,信息传输、软件和信息技术服务业,matched,exact_normalized,high,标准化公司全称精确匹配,
411,珠海健帆生物科技股份有限公司,300529.SZ,健帆生物,健帆生物科技集团股份有限公司,制造业,matched,unique_short_name,medium,唯一证券简称包含匹配，已保留方法供复核,
413,中国平安财产保险股份有限公司阳江中心支公司,601318.SH,中国平安,中国平安保险(集团)股份有限公司,金融、保险业,matched,reviewed_parent_rule,high,平安寿险/财险归并至中国平安集团,
414,上海重塑能源集团股份有限公司,,,,,unmatched,unmatched,low,,无可靠的精确、母公司规则或唯一简称匹配
415,北京长久物流股份有限公司,603569.SH,长久物流,北京长久物流股份有限公司,租赁和商务服务业,matched,exact_normalized,high,标准化公司全称精确匹配,
416,武汉兴图新科电子股份有限公司,688081.SH,兴图新科,武汉兴图新科电子股份有限公司,制造业,matched,exact_normalized,high,标准化公司全称精确匹配,
417,武汉明德生物科技股份有限公司,002932.SZ,*ST明德,武汉明德生物科技股份有限公司,制造业,matched,exact_normalized,high,标准化公司全称精确匹配,
418,重庆蓝黛动力传动机械股份有限公司,,,,,unmatched,unmatched,low,,无可靠的精确、母公司规则或唯一简称匹配
419,江苏江阴农村商业银行股份有限公司,002807.SZ,江阴银行,江苏江阴农村商业银行股份有限公司,金融业,matched,exact_normalized,high,标准化公司全称精确匹配,
420,招商银行股份有限公司台州分行,600036.SH,招商银行,招商银行股份有限公司,金融、保险业,matched,reviewed_parent_rule,high,招商银行地方分行归并至总行,
421,上海网达软件股份有限公司,603189.SH,*ST网达,上海网达软件股份有限公司,信息传输、软件和信息技术服务业,matched,exact_normalized,high,标准化公司全称精确匹配,
422,深圳市英可瑞科技股份有限公司,300713.SZ,英可瑞,深圳市英可瑞科技股份有限公司,制造业,matched,exact_normalized,high,标准化公司全称精确匹配,
423,中国平安财产保险股份有限公司汕头中心支公司,601318.SH,中国平安,中国平安保险(集团)股份有限公司,金融、保险业,matched,reviewed_parent_rule,high,平安寿险/财险归并至中国平安集团,
424,浙江东尼电子股份有限公司,603595.SH,ST东尼,浙江东尼电子股份有限公司,制造业,matched,exact_normalized,high,标准化公司全称精确匹配,
425,浙江东尼电子股份有限公司,603595.SH,ST东尼,浙江东尼电子股份有限公司,制造业,matched,exact_normalized,high,标准化公司全称精确匹配,
426,深圳市索菱实业股份有限公司,002766.SZ,索菱股份,深圳市索菱实业股份有限公司,制造业,matched,exact_normalized,high,标准化公司全称精确匹配,
427,东莞长联新材料科技股份有限公司,301618.SZ,长联科技,东莞长联新材料科技股份有限公司,制造业,matched,exact_normalized,high,标准化公司全称精确匹配,
428,安徽富乐德科技发展股份有限公司,301297.SZ,富乐德,安徽富乐德科技发展股份有限公司,科学研究和技术服务业,matched,exact_normalized,high,标准化公司全称精确匹配,
429,中国平安财产保险股份有限公司重庆分公司,601318.SH,中国平安,中国平安保险(集团)股份有限公司,金融、保险业,matched,reviewed_parent_rule,high,平安寿险/财险归并至中国平安集团,
430,广东中旗新材料股份有限公司,001212.SZ,中旗新材,广东中旗新材料股份有限公司,制造业,matched,exact_normalized,high,标准化公司全称精确匹配,
431,浙江嘉澳环保科技股份有限公司,603822.SH,ST嘉澳,浙江嘉澳环保科技股份有限公司,制造业,matched,exact_normalized,high,标准化公司全称精确匹配,
432,哈尔滨森鹰窗业股份有限公司,301227.SZ,森鹰窗业,哈尔滨森鹰窗业股份有限公司,制造业,matched,exact_normalized,high,标准化公司全称精确匹配,
433,北京映翰通网络技术股份有限公司,688080.SH,映翰通,北京映翰通网络技术股份有限公司,制造业,matched,exact_normalized,high,标准化公司全称精确匹配,
434,中国平安财产保险股份有限公司唐山中心支公司,601318.SH,中国平安,中国平安保险(集团)股份有限公司,金融、保险业,matched,reviewed_parent_rule,high,平安寿险/财险归并至中国平安集团,
435,深圳市捷佳伟创新能源装备股份有限公司,300724.SZ,捷佳伟创,深圳市捷佳伟创新能源装备股份有限公司,制造业,matched,exact_normalized,high,标准化公司全称精确匹配,
436,江苏苏博特新材料股份有限公司,603916.SH,苏博特,江苏苏博特新材料股份有限公司,制造业,matched,exact_normalized,high,标准化公司全称精确匹配,
437,绿田机械股份有限公司,605259.SH,绿田机械,绿田机械股份有限公司,制造业,matched,exact_normalized,high,标准化公司全称精确匹配,
438,苏州华亚智能科技股份有限公司,003043.SZ,华亚智能,苏州华亚智能科技股份有限公司,制造业,matched,exact_normalized,high,标准化公司全称精确匹配,
439,深圳冰川网络股份有限公司,300533.SZ,冰川网络,深圳冰川网络股份有限公司,信息传输、软件和信息技术服务业,matched,exact_normalized,high,标准化公司全称精确匹配,
440,山东亚华电子股份有限公司,301337.SZ,亚华电子,山东亚华电子股份有限公司,信息传输、软件和信息技术服务业,matched,exact_normalized,high,标准化公司全称精确匹配,
441,杰华特微电子股份有限公司,688141.SH,杰华特,杰华特微电子股份有限公司,制造业,matched,exact_normalized,high,标准化公司全称精确匹配,
442,中国平安财产保险股份有限公司福建分公司,601318.SH,中国平安,中国平安保险(集团)股份有限公司,金融、保险业,matched,reviewed_parent_rule,high,平安寿险/财险归并至中国平安集团,
443,湖北开特汽车电子电器系统股份有限公司,920978.BJ,开特股份,湖北开特汽车电子电器系统股份有限公司,制造业,matched,exact_normalized,high,标准化公司全称精确匹配,
444,中国平安人寿保险股份有限公司江苏分公司南京第七营业部,601318.SH,中国平安,中国平安保险(集团)股份有限公司,金融、保险业,matched,reviewed_parent_rule,high,平安寿险/财险归并至中国平安集团,
445,哈尔滨威帝电子股份有限公司,603023.SH,威帝股份,哈尔滨威帝电子股份有限公司,制造业,matched,exact_normalized,high,标准化公司全称精确匹配,
446,中国平安人寿保险股份有限公司宁波分公司,601318.SH,中国平安,中国平安保险(集团)股份有限公司,金融、保险业,matched,reviewed_parent_rule,high,平安寿险/财险归并至中国平安集团,
447,江苏正丹化学工业股份有限公司,300641.SZ,正丹股份,江苏正丹化学工业股份有限公司,制造业,matched,exact_normalized,high,标准化公司全称精确匹配,
448,荣信教育文化产业发展股份有限公司,301231.SZ,荣信文化,荣信教育文化产业发展股份有限公司,文化、体育和娱乐业,matched,exact_normalized,high,标准化公司全称精确匹配,
449,广州安凯微电子股份有限公司,688620.SH,安凯微,广州安凯微电子股份有限公司,制造业,matched,exact_normalized,high,标准化公司全称精确匹配,
450,北京兆易创新科技股份有限公司,603986.SH,兆易创新,兆易创新科技集团股份有限公司,制造业,matched,unique_short_name,medium,唯一证券简称包含匹配，已保留方法供复核,
451,浙江中科磁业股份有限公司,301141.SZ,中科磁业,浙江中科磁业股份有限公司,制造业,matched,exact_normalized,high,标准化公司全称精确匹配,
452,浙江中科磁业股份有限公司,301141.SZ,中科磁业,浙江中科磁业股份有限公司,制造业,matched,exact_normalized,high,标准化公司全称精确匹配,
453,中国平安财产保险股份有限公司四川分公司,601318.SH,中国平安,中国平安保险(集团)股份有限公司,金融、保险业,matched,reviewed_parent_rule,high,平安寿险/财险归并至中国平安集团,
454,中国平安财产保险股份有限公司四川分公司,601318.SH,中国平安,中国平安保险(集团)股份有限公司,金融、保险业,matched,reviewed_parent_rule,high,平安寿险/财险归并至中国平安集团,
455,湖南广信科技股份有限公司,920037.BJ,广信科技,湖南广信科技股份有限公司,制造业,matched,exact_normalized,high,标准化公司全称精确匹配,
456,深圳市强瑞精密技术股份有限公司,301128.SZ,强瑞技术,深圳市强瑞精密技术股份有限公司,制造业,matched,exact_normalized,high,标准化公司全称精确匹配,
457,江苏力星通用钢球股份有限公司,300421.SZ,力星股份,江苏力星通用钢球股份有限公司,制造业,matched,exact_normalized,high,标准化公司全称精确匹配,
459,湖南艾华集团股份有限公司,603989.SH,艾华集团,湖南艾华集团股份有限公司,制造业,matched,exact_normalized,high,标准化公司全称精确匹配,
460,华扬联众数字技术股份有限公司,603825.SH,ST华扬,华扬联众数字技术股份有限公司,信息传输、软件和信息技术服务业,matched,exact_normalized,high,标准化公司全称精确匹配,
461,上海海希工业通讯股份有限公司,920405.BJ,海希通讯,上海海希工业通讯股份有限公司,制造业,matched,exact_normalized,high,标准化公司全称精确匹配,
462,苏州国芯科技股份有限公司,688262.SH,国芯科技,苏州国芯科技股份有限公司,信息传输、软件和信息技术服务业,matched,exact_normalized,high,标准化公司全称精确匹配,
463,中国平安财产保险股份有限公司江门中心支公司,601318.SH,中国平安,中国平安保险(集团)股份有限公司,金融、保险业,matched,reviewed_parent_rule,high,平安寿险/财险归并至中国平安集团,
464,天键电声股份有限公司,301383.SZ,天键股份,天键电声股份有限公司,制造业,matched,exact_normalized,high,标准化公司全称精确匹配,
465,扬州惠通科技股份有限公司,301601.SZ,惠通科技,扬州惠通科技股份有限公司,科学研究和技术服务业,matched,exact_normalized,high,标准化公司全称精确匹配,
466,江苏金迪克生物技术股份有限公司,688670.SH,金迪克,江苏金迪克生物技术股份有限公司,制造业,matched,exact_normalized,high,标准化公司全称精确匹配,
467,上海亚虹模具股份有限公司,603159.SH,上海亚虹,上海亚虹模具股份有限公司,制造业,matched,exact_normalized,high,标准化公司全称精确匹配,
468,厦门市万科物业服务有限公司,000002.SZ,万科A,万科企业股份有限公司,,matched,reviewed_parent_rule,high,各地万科物业归并至万科企业,
469,四川蓝光嘉宝服务集团股份有限公司,,,,,unmatched,unmatched,low,,无可靠的精确、母公司规则或唯一简称匹配
470,苏州禾昌聚合材料股份有限公司,920089.BJ,禾昌聚合,苏州禾昌聚合材料股份有限公司,制造业,matched,exact_normalized,high,标准化公司全称精确匹配,
472,厦门银行股份有限公司,601187.SH,厦门银行,厦门银行股份有限公司,金融业,matched,exact_normalized,high,标准化公司全称精确匹配,
473,中国平安财产保险股份有限公司邳州支公司,601318.SH,中国平安,中国平安保险(集团)股份有限公司,金融、保险业,matched,reviewed_parent_rule,high,平安寿险/财险归并至中国平安集团,
474,湖南德众汽车销售服务股份有限公司,920030.BJ,德众汽车,湖南德众汽车销售服务股份有限公司,批发和零售业,matched,exact_normalized,high,标准化公司全称精确匹配,
475,上海龙旗科技股份有限公司,603341.SH,龙旗科技,上海龙旗科技股份有限公司,制造业,matched,exact_normalized,high,标准化公司全称精确匹配,
477,深圳开立生物医疗科技股份有限公司,300633.SZ,开立医疗,深圳开立生物医疗科技股份有限公司,制造业,matched,exact_normalized,high,标准化公司全称精确匹配,
478,国能日新科技股份有限公司,301162.SZ,国能日新,国能日新科技股份有限公司,信息传输、软件和信息技术服务业,matched,exact_normalized,high,标准化公司全称精确匹配,
479,浙江友邦集成吊顶股份有限公司,002718.SZ,友邦吊顶,浙江友邦集成吊顶股份有限公司,制造业,matched,exact_normalized,high,标准化公司全称精确匹配,
480,苏州瑞玛精密工业股份有限公司,002976.SZ,瑞玛精密,苏州瑞玛精密工业集团股份有限公司,制造业,matched,unique_short_name,medium,唯一证券简称包含匹配，已保留方法供复核,
481,中国平安人寿保险股份有限公司浙江分公司下沙营销服务部,601318.SH,中国平安,中国平安保险(集团)股份有限公司,金融、保险业,matched,reviewed_parent_rule,high,平安寿险/财险归并至中国平安集团,
482,葵花药业集团股份有限公司,002737.SZ,葵花药业,葵花药业集团股份有限公司,制造业,matched,exact_normalized,high,标准化公司全称精确匹配,
483,上海睿昂基因科技股份有限公司,688217.SH,睿昂基因,上海睿昂基因科技股份有限公司,制造业,matched,exact_normalized,high,标准化公司全称精确匹配,
484,辽宁禾丰牧业股份有限公司,,,,,unmatched,unmatched,low,,无可靠的精确、母公司规则或唯一简称匹配
485,中国平安人寿保险股份有限公司无锡中心支公司,601318.SH,中国平安,中国平安保险(集团)股份有限公司,金融、保险业,matched,reviewed_parent_rule,high,平安寿险/财险归并至中国平安集团,
486,苏州柯利达装饰股份有限公司,603828.SH,*ST利达,苏州柯利达装饰股份有限公司,建筑业,matched,exact_normalized,high,标准化公司全称精确匹配,
487,哈尔滨银行股份有限公司,,,,,unmatched,unmatched,low,,无可靠的精确、母公司规则或唯一简称匹配
488,上海雅创电子集团股份有限公司,301099.SZ,雅创电子,上海雅创电子集团股份有限公司,批发和零售业,matched,exact_normalized,high,标准化公司全称精确匹配,
489,同兴环保科技股份有限公司,003027.SZ,同兴科技,同兴环保科技股份有限公司,水利、环境和公共设施管理业,matched,exact_normalized,high,标准化公司全称精确匹配,
490,浙江万盛股份有限公司,603010.SH,万盛股份,浙江万盛股份有限公司,制造业,matched,exact_normalized,high,标准化公司全称精确匹配,
491,中国平安人寿保险股份有限公司上海分公司,601318.SH,中国平安,中国平安保险(集团)股份有限公司,金融、保险业,matched,reviewed_parent_rule,high,平安寿险/财险归并至中国平安集团,
492,老铺黄金股份有限公司,,,,,unmatched,unmatched,low,,无可靠的精确、母公司规则或唯一简称匹配
493,中国平安财产保险股份有限公司天津分公司,601318.SH,中国平安,中国平安保险(集团)股份有限公司,金融、保险业,matched,reviewed_parent_rule,high,平安寿险/财险归并至中国平安集团,
494,深圳市万科物业服务有限公司,000002.SZ,万科A,万科企业股份有限公司,,matched,reviewed_parent_rule,high,各地万科物业归并至万科企业,
495,上海康德莱企业发展集团股份有限公司,603987.SH,康德莱,上海康德莱企业发展集团股份有限公司,制造业,matched,exact_normalized,high,标准化公司全称精确匹配,
497,中国平安人寿保险股份有限公司云南分公司昆明区域拓展第一支公司,601318.SH,中国平安,中国平安保险(集团)股份有限公司,金融、保险业,matched,reviewed_parent_rule,high,平安寿险/财险归并至中国平安集团,
498,芜湖富春染织股份有限公司,605189.SH,富春染织,芜湖富春染织股份有限公司,制造业,matched,exact_normalized,high,标准化公司全称精确匹配,
499,埃夫特智能装备股份有限公司,688165.SH,埃夫特-U,埃夫特智能机器人股份有限公司,制造业,matched,unique_short_name,medium,唯一证券简称包含匹配，已保留方法供复核,
500,浙江华统肉制品股份有限公司,002840.SZ,华统股份,浙江华统肉制品股份有限公司,制造业,matched,exact_normalized,high,标准化公司全称精确匹配,
501,大连万科物业服务有限公司,000002.SZ,万科A,万科企业股份有限公司,,matched,reviewed_parent_rule,high,各地万科物业归并至万科企业,
502,威腾电气集团股份有限公司,688226.SH,威腾电气,威腾电气集团股份有限公司,制造业,matched,exact_normalized,high,标准化公司全称精确匹配,
503,深圳市联得自动化装备股份有限公司,300545.SZ,联得装备,深圳市联得自动化装备股份有限公司,制造业,matched,exact_normalized,high,标准化公司全称精确匹配,
504,中国平安财产保险股份有限公司苏州分公司,601318.SH,中国平安,中国平安保险(集团)股份有限公司,金融、保险业,matched,reviewed_parent_rule,high,平安寿险/财险归并至中国平安集团,
505,招商银行股份有限公司昆明分行,600036.SH,招商银行,招商银行股份有限公司,金融、保险业,matched,reviewed_parent_rule,high,招商银行地方分行归并至总行,
506,厦门延江新材料股份有限公司,300658.SZ,延江股份,厦门延江新材料股份有限公司,制造业,matched,exact_normalized,high,标准化公司全称精确匹配,
507,浙江华正新材料股份有限公司,603186.SH,华正新材,浙江华正新材料股份有限公司,制造业,matched,exact_normalized,high,标准化公司全称精确匹配,
508,上海铁大电信科技股份有限公司,920541.BJ,铁大科技,上海铁大电信科技股份有限公司,制造业,matched,exact_normalized,high,标准化公司全称精确匹配,
509,中国平安人寿保险股份有限公司,601318.SH,中国平安,中国平安保险(集团)股份有限公司,金融、保险业,matched,reviewed_parent_rule,high,平安寿险/财险归并至中国平安集团,
510,武汉天源环保股份有限公司,301127.SZ,武汉天源,武汉天源集团股份有限公司,水利、环境和公共设施管理业,matched,unique_short_name,medium,唯一证券简称包含匹配，已保留方法供复核,
511,宁波德业科技股份有限公司,605117.SH,德业股份,宁波德业科技股份有限公司,制造业,matched,exact_normalized,high,标准化公司全称精确匹配,
512,机科发展科技股份有限公司,920579.BJ,机科股份,机科发展科技股份有限公司,制造业,matched,exact_normalized,high,标准化公司全称精确匹配,
513,青岛丰光精密机械股份有限公司,920510.BJ,丰光精密,青岛丰光精密机械股份有限公司,制造业,matched,exact_normalized,high,标准化公司全称精确匹配,
514,陕西斯瑞新材料股份有限公司,688102.SH,斯瑞新材,陕西斯瑞新材料股份有限公司,制造业,matched,exact_normalized,high,标准化公司全称精确匹配,
515,深圳市杰恩创意设计股份有限公司,300668.SZ,杰恩股份,深圳市杰恩创意设计股份有限公司,科学研究和技术服务业,matched,exact_normalized,high,标准化公司全称精确匹配,
516,江西耐普矿机新材料股份有限公司,300818.SZ,耐普矿机,江西耐普矿机股份有限公司,制造业,matched,unique_short_name,medium,唯一证券简称包含匹配，已保留方法供复核,
517,福建赛特新材股份有限公司,688398.SH,赛特新材,福建赛特新材股份有限公司,制造业,matched,exact_normalized,high,标准化公司全称精确匹配,
519,箭牌家居集团股份有限公司,001322.SZ,箭牌家居,箭牌家居集团股份有限公司,制造业,matched,exact_normalized,high,标准化公司全称精确匹配,
520,深信服科技股份有限公司,300454.SZ,深信服,深信服科技股份有限公司,信息传输、软件和信息技术服务业,matched,exact_normalized,high,标准化公司全称精确匹配,
521,上海万科物业服务有限公司,000002.SZ,万科A,万科企业股份有限公司,,matched,reviewed_parent_rule,high,各地万科物业归并至万科企业,
522,科美诊断技术股份有限公司,688468.SH,科美诊断,科美诊断技术股份有限公司,制造业,matched,exact_normalized,high,标准化公司全称精确匹配,
523,九江德福科技股份有限公司,301511.SZ,德福科技,九江德福科技股份有限公司,制造业,matched,exact_normalized,high,标准化公司全称精确匹配,
524,江苏华阳智能装备股份有限公司,301502.SZ,华阳智能,江苏华阳智能装备股份有限公司,制造业,matched,exact_normalized,high,标准化公司全称精确匹配,
525,中国平安人寿保险股份有限公司云南分公司昆明区域拓展第一支公司,601318.SH,中国平安,中国平安保险(集团)股份有限公司,金融、保险业,matched,reviewed_parent_rule,high,平安寿险/财险归并至中国平安集团,
526,中国平安人寿保险股份有限公司宁波分公司,601318.SH,中国平安,中国平安保险(集团)股份有限公司,金融、保险业,matched,reviewed_parent_rule,high,平安寿险/财险归并至中国平安集团,
527,中国平安人寿保险股份有限公司重庆分公司第三营销服务部,601318.SH,中国平安,中国平安保险(集团)股份有限公司,金融、保险业,matched,reviewed_parent_rule,high,平安寿险/财险归并至中国平安集团,
528,上海派能能源科技股份有限公司,688063.SH,派能科技,上海派能能源科技股份有限公司,制造业,matched,exact_normalized,high,标准化公司全称精确匹配,
529,海光信息技术股份有限公司,688041.SH,海光信息,海光信息技术股份有限公司,制造业,matched,exact_normalized,high,标准化公司全称精确匹配,
530,佛山市万科物业服务有限公司,000002.SZ,万科A,万科企业股份有限公司,,matched,reviewed_parent_rule,high,各地万科物业归并至万科企业,
531,福建诺奇股份有限公司,,,,,unmatched,unmatched,low,,无可靠的精确、母公司规则或唯一简称匹配
532,唐山海泰新能科技股份有限公司,920985.BJ,海泰新能,唐山海泰新能科技股份有限公司,制造业,matched,exact_normalized,high,标准化公司全称精确匹配,
533,江苏纽泰格科技股份有限公司,301229.SZ,纽泰格,江苏纽泰格科技集团股份有限公司,制造业,matched,unique_short_name,medium,唯一证券简称包含匹配，已保留方法供复核,
534,南京科思化学股份有限公司,300856.SZ,科思股份,南京科思化学股份有限公司,制造业,matched,exact_normalized,high,标准化公司全称精确匹配,
535,南京科思化学股份有限公司,300856.SZ,科思股份,南京科思化学股份有限公司,制造业,matched,exact_normalized,high,标准化公司全称精确匹配,
536,中国平安财产保险股份有限公司江西分公司,601318.SH,中国平安,中国平安保险(集团)股份有限公司,金融、保险业,matched,reviewed_parent_rule,high,平安寿险/财险归并至中国平安集团,
538,宏盛华源铁塔集团股份有限公司,601096.SH,宏盛华源,宏盛华源铁塔集团股份有限公司,制造业,matched,exact_normalized,high,标准化公司全称精确匹配,
539,东方网力科技股份有限公司,,,,,unmatched,unmatched,low,,无可靠的精确、母公司规则或唯一简称匹配
540,中国平安人寿保险股份有限公司上海分公司,601318.SH,中国平安,中国平安保险(集团)股份有限公司,金融、保险业,matched,reviewed_parent_rule,high,平安寿险/财险归并至中国平安集团,
541,中国平安人寿保险股份有限公司,601318.SH,中国平安,中国平安保险(集团)股份有限公司,金融、保险业,matched,reviewed_parent_rule,high,平安寿险/财险归并至中国平安集团,
542,清研环境科技股份有限公司,301288.SZ,清研环境,清研环境科技股份有限公司,制造业,matched,exact_normalized,high,标准化公司全称精确匹配,
543,盛视科技股份有限公司,002990.SZ,盛视科技,盛视科技股份有限公司,信息传输、软件和信息技术服务业,matched,exact_normalized,high,标准化公司全称精确匹配,
544,新华都特种电气股份有限公司,301120.SZ,新特电气,新华都特种电气股份有限公司,制造业,matched,exact_normalized,high,标准化公司全称精确匹配,
545,新华都特种电气股份有限公司,301120.SZ,新特电气,新华都特种电气股份有限公司,制造业,matched,exact_normalized,high,标准化公司全称精确匹配,
546,杭州万科物业服务有限公司,000002.SZ,万科A,万科企业股份有限公司,,matched,reviewed_parent_rule,high,各地万科物业归并至万科企业,
547,深圳市隆利科技股份有限公司,300752.SZ,隆利科技,深圳市隆利科技股份有限公司,制造业,matched,exact_normalized,high,标准化公司全称精确匹配,
548,大连万科物业服务有限公司,000002.SZ,万科A,万科企业股份有限公司,,matched,reviewed_parent_rule,high,各地万科物业归并至万科企业,
549,长飞光纤光缆股份有限公司,601869.SH,长飞光纤,长飞光纤光缆股份有限公司,制造业,matched,exact_normalized,high,标准化公司全称精确匹配,
551,蓝思科技股份有限公司,300433.SZ,蓝思科技,蓝思科技股份有限公司,制造业,matched,exact_normalized,high,标准化公司全称精确匹配,
553,广东朝阳电子科技股份有限公司,002981.SZ,朝阳科技,广东朝阳电子科技股份有限公司,制造业,matched,exact_normalized,high,标准化公司全称精确匹配,
554,招商银行股份有限公司厦门分行,600036.SH,招商银行,招商银行股份有限公司,金融、保险业,matched,reviewed_parent_rule,high,招商银行地方分行归并至总行,
557,苏州骏创汽车科技股份有限公司,920533.BJ,骏创科技,苏州骏创汽车科技股份有限公司,制造业,matched,exact_normalized,high,标准化公司全称精确匹配,
558,江苏赛福天钢索股份有限公司,603028.SH,赛福天,江苏赛福天集团股份有限公司,制造业,matched,unique_short_name,medium,唯一证券简称包含匹配，已保留方法供复核,
559,四川日机密封件股份有限公司,,,,,unmatched,unmatched,low,,无可靠的精确、母公司规则或唯一简称匹配
560,华蓝集团股份公司,301027.SZ,华蓝集团,华蓝集团股份公司,科学研究和技术服务业,matched,exact_normalized,high,标准化公司全称精确匹配,
561,武汉友芝友生物制药股份有限公司,,,,,unmatched,unmatched,low,,无可靠的精确、母公司规则或唯一简称匹配
562,中国平安财产保险股份有限公司江西分公司,601318.SH,中国平安,中国平安保险(集团)股份有限公司,金融、保险业,matched,reviewed_parent_rule,high,平安寿险/财险归并至中国平安集团,
563,山东惠发食品股份有限公司,603536.SH,惠发食品,山东惠发食品股份有限公司,制造业,matched,exact_normalized,high,标准化公司全称精确匹配,
564,中国平安财产保险股份有限公司东莞分公司,601318.SH,中国平安,中国平安保险(集团)股份有限公司,金融、保险业,matched,reviewed_parent_rule,high,平安寿险/财险归并至中国平安集团,
565,苏州世华新材料科技股份有限公司,688093.SH,世华科技,苏州世华新材料科技股份有限公司,制造业,matched,exact_normalized,high,标准化公司全称精确匹配,
566,青岛泰德汽车轴承股份有限公司,,,,,unmatched,unmatched,low,,无可靠的精确、母公司规则或唯一简称匹配
567,重庆长安民生物流股份有限公司,,,,,unmatched,unmatched,low,,无可靠的精确、母公司规则或唯一简称匹配
568,南京磁谷科技股份有限公司,688448.SH,磁谷科技,南京磁谷科技股份有限公司,制造业,matched,exact_normalized,high,标准化公司全称精确匹配,
569,一品红药业股份有限公司,300723.SZ,一品红,一品红药业集团股份有限公司,制造业,matched,unique_short_name,medium,唯一证券简称包含匹配，已保留方法供复核,
570,江苏苏南万科物业服务有限公司,000002.SZ,万科A,万科企业股份有限公司,,matched,reviewed_parent_rule,high,各地万科物业归并至万科企业,
571,国安达股份有限公司,300902.SZ,国安达,国安达股份有限公司,制造业,matched,exact_normalized,high,标准化公司全称精确匹配,
572,武汉精测电子技术股份有限公司,300567.SZ,精测电子,武汉精测电子集团股份有限公司,制造业,matched,unique_short_name,medium,唯一证券简称包含匹配，已保留方法供复核,
573,广州市万科物业服务有限公司,000002.SZ,万科A,万科企业股份有限公司,,matched,reviewed_parent_rule,high,各地万科物业归并至万科企业,
574,成都欧康医药股份有限公司,920230.BJ,欧康医药,成都欧康医药股份有限公司,制造业,matched,exact_normalized,high,标准化公司全称精确匹配,
575,常州光洋轴承股份有限公司,002708.SZ,光洋股份,常州光洋轴承股份有限公司,制造业,matched,exact_normalized,high,标准化公司全称精确匹配,
576,四川天味食品集团股份有限公司,603317.SH,天味食品,四川天味食品集团股份有限公司,制造业,matched,exact_normalized,high,标准化公司全称精确匹配,
577,成都欧林生物科技股份有限公司,688319.SH,欧林生物,成都欧林生物科技股份有限公司,制造业,matched,exact_normalized,high,标准化公司全称精确匹配,
578,江苏灿勤科技股份有限公司,688182.SH,灿勤科技,江苏灿勤科技股份有限公司,制造业,matched,exact_normalized,high,标准化公司全称精确匹配,
579,中国平安人寿保险股份有限公司重庆分公司第二营销服务部,601318.SH,中国平安,中国平安保险(集团)股份有限公司,金融、保险业,matched,reviewed_parent_rule,high,平安寿险/财险归并至中国平安集团,
580,浙江华达新型材料股份有限公司,605158.SH,华达新材,浙江华达新型材料股份有限公司,制造业,matched,exact_normalized,high,标准化公司全称精确匹配,
581,安徽壹石通材料科技股份有限公司,688733.SH,壹石通,安徽壹石通材料科技股份有限公司,制造业,matched,exact_normalized,high,标准化公司全称精确匹配,
582,江西世龙实业股份有限公司,002748.SZ,世龙实业,江西世龙实业股份有限公司,制造业,matched,exact_normalized,high,标准化公司全称精确匹配,
583,中国平安财产保险股份有限公司天津分公司,601318.SH,中国平安,中国平安保险(集团)股份有限公司,金融、保险业,matched,reviewed_parent_rule,high,平安寿险/财险归并至中国平安集团,
584,杭州电魂网络科技股份有限公司,603258.SH,电魂网络,杭州电魂网络科技股份有限公司,信息传输、软件和信息技术服务业,matched,exact_normalized,high,标准化公司全称精确匹配,
585,深圳王子新材料股份有限公司,002735.SZ,王子新材,深圳王子新材料股份有限公司,制造业,matched,exact_normalized,high,标准化公司全称精确匹配,
586,飞天诚信科技股份有限公司,300386.SZ,飞天诚信,飞天诚信科技股份有限公司,信息传输、软件和信息技术服务业,matched,exact_normalized,high,标准化公司全称精确匹配,
587,北京恒华伟业科技股份有限公司,300365.SZ,恒华科技,北京恒华伟业科技股份有限公司,信息传输、软件和信息技术服务业,matched,exact_normalized,high,标准化公司全称精确匹配,
588,中曼石油天然气集团股份有限公司,603619.SH,中曼石油,中曼石油天然气集团股份有限公司,采矿业,matched,exact_normalized,high,标准化公司全称精确匹配,
589,汇付天下有限公司,,,,,unmatched,unmatched,low,,无可靠的精确、母公司规则或唯一简称匹配
590,中国平安财产保险股份有限公司湖南分公司,601318.SH,中国平安,中国平安保险(集团)股份有限公司,金融、保险业,matched,reviewed_parent_rule,high,平安寿险/财险归并至中国平安集团,
591,中国平安财产保险股份有限公司云浮中心支公司,601318.SH,中国平安,中国平安保险(集团)股份有限公司,金融、保险业,matched,reviewed_parent_rule,high,平安寿险/财险归并至中国平安集团,
592,北京五一视界数字孪生科技股份有限公司,,,,,unmatched,unmatched,low,,无可靠的精确、母公司规则或唯一简称匹配
593,广东世运电路科技股份有限公司,603920.SH,世运电路,广东世运电路科技股份有限公司,制造业,matched,exact_normalized,high,标准化公司全称精确匹配,
594,宁波锦浪新能源科技股份有限公司,,,,,unmatched,unmatched,low,,无可靠的精确、母公司规则或唯一简称匹配
595,深圳瑞华泰薄膜科技股份有限公司,688323.SH,瑞华泰,深圳瑞华泰薄膜科技股份有限公司,制造业,matched,exact_normalized,high,标准化公司全称精确匹配,
596,中国平安人寿保险股份有限公司重庆分公司第三营销服务部,601318.SH,中国平安,中国平安保险(集团)股份有限公司,金融、保险业,matched,reviewed_parent_rule,high,平安寿险/财险归并至中国平安集团,
597,中国平安人寿保险股份有限公司广东分公司财富营销服务部,601318.SH,中国平安,中国平安保险(集团)股份有限公司,金融、保险业,matched,reviewed_parent_rule,high,平安寿险/财险归并至中国平安集团,
598,德艺文化创意集团股份有限公司,300640.SZ,德艺文创,德艺文化创意集团股份有限公司,文化、体育和娱乐业,matched,exact_normalized,high,标准化公司全称精确匹配,
599,果麦文化传媒股份有限公司,301052.SZ,果麦文化,果麦文化传媒股份有限公司,文化、体育和娱乐业,matched,exact_normalized,high,标准化公司全称精确匹配,
600,安徽蓝盾光电子股份有限公司,300862.SZ,蓝盾光电,安徽蓝盾光电子股份有限公司,制造业,matched,exact_normalized,high,标准化公司全称精确匹配,
601,中国光大银行股份有限公司,601818.SH,光大银行,中国光大银行股份有限公司,金融、保险业,matched,exact_normalized,high,标准化公司全称精确匹配,
602,无锡奥特维科技股份有限公司,688516.SH,奥特维,无锡奥特维科技股份有限公司,制造业,matched,exact_normalized,high,标准化公司全称精确匹配,
603,山东金麒麟股份有限公司,603586.SH,金麒麟,山东金麒麟股份有限公司,制造业,matched,exact_normalized,high,标准化公司全称精确匹配,
604,中国平安财产保险股份有限公司深圳分公司,601318.SH,中国平安,中国平安保险(集团)股份有限公司,金融、保险业,matched,reviewed_parent_rule,high,平安寿险/财险归并至中国平安集团,
605,广东拓斯达科技股份有限公司,300607.SZ,拓斯达,广东拓斯达科技股份有限公司,制造业,matched,exact_normalized,high,标准化公司全称精确匹配,
606,海尔智家股份有限公司,600690.SH,海尔智家,海尔智家股份有限公司,,matched,exact_normalized,high,标准化公司全称精确匹配,
608,山西锦波生物医药股份有限公司,920982.BJ,锦波生物,山西锦波生物医药股份有限公司,制造业,matched,exact_normalized,high,标准化公司全称精确匹配,
609,苏州和林微纳科技股份有限公司,688661.SH,和林微纳,苏州和林微纳科技股份有限公司,制造业,matched,exact_normalized,high,标准化公司全称精确匹配,
610,漱玉平民大药房连锁股份有限公司,301017.SZ,漱玉平民,漱玉平民大药房连锁股份有限公司,批发和零售业,matched,exact_normalized,high,标准化公司全称精确匹配,
611,成都天箭科技股份有限公司,002977.SZ,*ST天箭,成都天箭科技股份有限公司,制造业,matched,exact_normalized,high,标准化公司全称精确匹配,
612,福建远翔新材料股份有限公司,301300.SZ,远翔新材,福建远翔新材料股份有限公司,制造业,matched,exact_normalized,high,标准化公司全称精确匹配,
